[0.180s] DEBUG:colcon:Command line arguments: ['/usr/bin/colcon', 'build']
[0.180s] DEBUG:colcon:Parsed command line arguments: Namespace(log_base=None, log_level=None, verb_name='build', build_base='build', install_base='install', merge_install=False, symlink_install=False, test_result_base=None, continue_on_error=False, executor='parallel', parallel_workers=4, event_handlers=None, ignore_user_meta=False, metas=['./colcon.meta'], base_paths=['.'], packages_ignore=None, packages_ignore_regex=None, paths=None, packages_up_to=None, packages_up_to_regex=None, packages_above=None, packages_above_and_dependencies=None, packages_above_depth=None, packages_select_by_dep=None, packages_skip_by_dep=None, packages_skip_up_to=None, packages_select_build_failed=False, packages_skip_build_finished=False, packages_select_test_failures=False, packages_skip_test_passed=False, packages_select=None, packages_skip=None, packages_select_regex=None, packages_skip_regex=None, packages_start=None, packages_end=None, cmake_args=None, cmake_target=None, cmake_target_skip_unavailable=False, cmake_clean_cache=False, cmake_clean_first=False, cmake_force_configure=False, ament_cmake_args=None, catkin_cmake_args=None, catkin_skip_building_tests=False, verb_parser=<colcon_defaults.argument_parser.defaults.DefaultArgumentsDecorator object at 0xfd45e0ac2780>, verb_extension=<colcon_core.verb.build.BuildVerb object at 0xfd45e0ce2d80>, main=<bound method BuildVerb.main of <colcon_core.verb.build.BuildVerb object at 0xfd45e0ce2d80>>)
[0.248s] Level 1:colcon.colcon_core.package_discovery:discover_packages(colcon_meta) check parameters
[0.248s] Level 1:colcon.colcon_core.package_discovery:discover_packages(recursive) check parameters
[0.248s] Level 1:colcon.colcon_core.package_discovery:discover_packages(ignore) check parameters
[0.248s] Level 1:colcon.colcon_core.package_discovery:discover_packages(path) check parameters
[0.248s] Level 1:colcon.colcon_core.package_discovery:discover_packages(colcon_meta) discover
[0.248s] Level 1:colcon.colcon_core.package_discovery:discover_packages(recursive) discover
[0.248s] INFO:colcon.colcon_core.package_discovery:Crawling recursively for packages in '/home/ngan/Documents/test_github/lesson6_ws'
[0.248s] Level 1:colcon.colcon_core.package_identification:_identify(.) by extensions ['ignore', 'ignore_ament_install']
[0.248s] Level 1:colcon.colcon_core.package_identification:_identify(.) by extension 'ignore'
[0.248s] Level 1:colcon.colcon_core.package_identification:_identify(.) by extension 'ignore_ament_install'
[0.249s] Level 1:colcon.colcon_core.package_identification:_identify(.) by extensions ['colcon_pkg']
[0.249s] Level 1:colcon.colcon_core.package_identification:_identify(.) by extension 'colcon_pkg'
[0.249s] Level 1:colcon.colcon_core.package_identification:_identify(.) by extensions ['colcon_meta']
[0.249s] Level 1:colcon.colcon_core.package_identification:_identify(.) by extension 'colcon_meta'
[0.249s] Level 1:colcon.colcon_core.package_identification:_identify(.) by extensions ['ros']
[0.249s] Level 1:colcon.colcon_core.package_identification:_identify(.) by extension 'ros'
[0.346s] Level 1:colcon.colcon_core.package_identification:_identify(.) by extensions ['cmake', 'python']
[0.348s] Level 1:colcon.colcon_core.package_identification:_identify(.) by extension 'cmake'
[0.348s] Level 1:colcon.colcon_core.package_identification:_identify(.) by extension 'python'
[0.348s] Level 1:colcon.colcon_core.package_identification:_identify(.) by extensions ['python_setup_py']
[0.348s] Level 1:colcon.colcon_core.package_identification:_identify(.) by extension 'python_setup_py'
[0.348s] Level 1:colcon.colcon_core.package_identification:_identify(build) by extensions ['ignore', 'ignore_ament_install']
[0.348s] Level 1:colcon.colcon_core.package_identification:_identify(build) by extension 'ignore'
[0.348s] Level 1:colcon.colcon_core.package_identification:_identify(build) ignored
[0.349s] Level 1:colcon.colcon_core.package_identification:_identify(install) by extensions ['ignore', 'ignore_ament_install']
[0.349s] Level 1:colcon.colcon_core.package_identification:_identify(install) by extension 'ignore'
[0.349s] Level 1:colcon.colcon_core.package_identification:_identify(install) ignored
[0.349s] Level 1:colcon.colcon_core.package_identification:_identify(log) by extensions ['ignore', 'ignore_ament_install']
[0.349s] Level 1:colcon.colcon_core.package_identification:_identify(log) by extension 'ignore'
[0.349s] Level 1:colcon.colcon_core.package_identification:_identify(log) ignored
[0.349s] Level 1:colcon.colcon_core.package_identification:_identify(src) by extensions ['ignore', 'ignore_ament_install']
[0.350s] Level 1:colcon.colcon_core.package_identification:_identify(src) by extension 'ignore'
[0.350s] Level 1:colcon.colcon_core.package_identification:_identify(src) by extension 'ignore_ament_install'
[0.350s] Level 1:colcon.colcon_core.package_identification:_identify(src) by extensions ['colcon_pkg']
[0.350s] Level 1:colcon.colcon_core.package_identification:_identify(src) by extension 'colcon_pkg'
[0.350s] Level 1:colcon.colcon_core.package_identification:_identify(src) by extensions ['colcon_meta']
[0.350s] Level 1:colcon.colcon_core.package_identification:_identify(src) by extension 'colcon_meta'
[0.350s] Level 1:colcon.colcon_core.package_identification:_identify(src) by extensions ['ros']
[0.350s] Level 1:colcon.colcon_core.package_identification:_identify(src) by extension 'ros'
[0.350s] Level 1:colcon.colcon_core.package_identification:_identify(src) by extensions ['cmake', 'python']
[0.350s] Level 1:colcon.colcon_core.package_identification:_identify(src) by extension 'cmake'
[0.350s] Level 1:colcon.colcon_core.package_identification:_identify(src) by extension 'python'
[0.350s] Level 1:colcon.colcon_core.package_identification:_identify(src) by extensions ['python_setup_py']
[0.350s] Level 1:colcon.colcon_core.package_identification:_identify(src) by extension 'python_setup_py'
[0.351s] Level 1:colcon.colcon_core.package_identification:_identify(src/rmitbot_bringup) by extensions ['ignore', 'ignore_ament_install']
[0.351s] Level 1:colcon.colcon_core.package_identification:_identify(src/rmitbot_bringup) by extension 'ignore'
[0.351s] Level 1:colcon.colcon_core.package_identification:_identify(src/rmitbot_bringup) by extension 'ignore_ament_install'
[0.351s] Level 1:colcon.colcon_core.package_identification:_identify(src/rmitbot_bringup) by extensions ['colcon_pkg']
[0.351s] Level 1:colcon.colcon_core.package_identification:_identify(src/rmitbot_bringup) by extension 'colcon_pkg'
[0.351s] Level 1:colcon.colcon_core.package_identification:_identify(src/rmitbot_bringup) by extensions ['colcon_meta']
[0.351s] Level 1:colcon.colcon_core.package_identification:_identify(src/rmitbot_bringup) by extension 'colcon_meta'
[0.351s] Level 1:colcon.colcon_core.package_identification:_identify(src/rmitbot_bringup) by extensions ['ros']
[0.351s] Level 1:colcon.colcon_core.package_identification:_identify(src/rmitbot_bringup) by extension 'ros'
[0.367s] DEBUG:colcon.colcon_core.package_identification:Package 'src/rmitbot_bringup' with type 'ros.ament_cmake' and name 'rmitbot_bringup'
[0.367s] Level 1:colcon.colcon_core.package_identification:_identify(src/rmitbot_controller) by extensions ['ignore', 'ignore_ament_install']
[0.367s] Level 1:colcon.colcon_core.package_identification:_identify(src/rmitbot_controller) by extension 'ignore'
[0.367s] Level 1:colcon.colcon_core.package_identification:_identify(src/rmitbot_controller) by extension 'ignore_ament_install'
[0.368s] Level 1:colcon.colcon_core.package_identification:_identify(src/rmitbot_controller) by extensions ['colcon_pkg']
[0.368s] Level 1:colcon.colcon_core.package_identification:_identify(src/rmitbot_controller) by extension 'colcon_pkg'
[0.368s] Level 1:colcon.colcon_core.package_identification:_identify(src/rmitbot_controller) by extensions ['colcon_meta']
[0.368s] Level 1:colcon.colcon_core.package_identification:_identify(src/rmitbot_controller) by extension 'colcon_meta'
[0.368s] Level 1:colcon.colcon_core.package_identification:_identify(src/rmitbot_controller) by extensions ['ros']
[0.368s] Level 1:colcon.colcon_core.package_identification:_identify(src/rmitbot_controller) by extension 'ros'
[0.369s] DEBUG:colcon.colcon_core.package_identification:Package 'src/rmitbot_controller' with type 'ros.ament_cmake' and name 'rmitbot_controller'
[0.369s] Level 1:colcon.colcon_core.package_identification:_identify(src/rmitbot_description) by extensions ['ignore', 'ignore_ament_install']
[0.369s] Level 1:colcon.colcon_core.package_identification:_identify(src/rmitbot_description) by extension 'ignore'
[0.370s] Level 1:colcon.colcon_core.package_identification:_identify(src/rmitbot_description) by extension 'ignore_ament_install'
[0.371s] Level 1:colcon.colcon_core.package_identification:_identify(src/rmitbot_description) by extensions ['colcon_pkg']
[0.371s] Level 1:colcon.colcon_core.package_identification:_identify(src/rmitbot_description) by extension 'colcon_pkg'
[0.371s] Level 1:colcon.colcon_core.package_identification:_identify(src/rmitbot_description) by extensions ['colcon_meta']
[0.371s] Level 1:colcon.colcon_core.package_identification:_identify(src/rmitbot_description) by extension 'colcon_meta'
[0.371s] Level 1:colcon.colcon_core.package_identification:_identify(src/rmitbot_description) by extensions ['ros']
[0.371s] Level 1:colcon.colcon_core.package_identification:_identify(src/rmitbot_description) by extension 'ros'
[0.372s] DEBUG:colcon.colcon_core.package_identification:Package 'src/rmitbot_description' with type 'ros.ament_cmake' and name 'rmitbot_description'
[0.372s] Level 1:colcon.colcon_core.package_identification:_identify(src/rmitbot_firmware) by extensions ['ignore', 'ignore_ament_install']
[0.372s] Level 1:colcon.colcon_core.package_identification:_identify(src/rmitbot_firmware) by extension 'ignore'
[0.373s] Level 1:colcon.colcon_core.package_identification:_identify(src/rmitbot_firmware) by extension 'ignore_ament_install'
[0.373s] Level 1:colcon.colcon_core.package_identification:_identify(src/rmitbot_firmware) by extensions ['colcon_pkg']
[0.373s] Level 1:colcon.colcon_core.package_identification:_identify(src/rmitbot_firmware) by extension 'colcon_pkg'
[0.373s] Level 1:colcon.colcon_core.package_identification:_identify(src/rmitbot_firmware) by extensions ['colcon_meta']
[0.373s] Level 1:colcon.colcon_core.package_identification:_identify(src/rmitbot_firmware) by extension 'colcon_meta'
[0.373s] Level 1:colcon.colcon_core.package_identification:_identify(src/rmitbot_firmware) by extensions ['ros']
[0.373s] Level 1:colcon.colcon_core.package_identification:_identify(src/rmitbot_firmware) by extension 'ros'
[0.374s] DEBUG:colcon.colcon_core.package_identification:Package 'src/rmitbot_firmware' with type 'ros.ament_cmake' and name 'rmitbot_firmware'
[0.375s] Level 1:colcon.colcon_core.package_identification:_identify(src/rmitbot_localization) by extensions ['ignore', 'ignore_ament_install']
[0.375s] Level 1:colcon.colcon_core.package_identification:_identify(src/rmitbot_localization) by extension 'ignore'
[0.375s] Level 1:colcon.colcon_core.package_identification:_identify(src/rmitbot_localization) by extension 'ignore_ament_install'
[0.375s] Level 1:colcon.colcon_core.package_identification:_identify(src/rmitbot_localization) by extensions ['colcon_pkg']
[0.375s] Level 1:colcon.colcon_core.package_identification:_identify(src/rmitbot_localization) by extension 'colcon_pkg'
[0.375s] Level 1:colcon.colcon_core.package_identification:_identify(src/rmitbot_localization) by extensions ['colcon_meta']
[0.375s] Level 1:colcon.colcon_core.package_identification:_identify(src/rmitbot_localization) by extension 'colcon_meta'
[0.375s] Level 1:colcon.colcon_core.package_identification:_identify(src/rmitbot_localization) by extensions ['ros']
[0.375s] Level 1:colcon.colcon_core.package_identification:_identify(src/rmitbot_localization) by extension 'ros'
[0.376s] DEBUG:colcon.colcon_core.package_identification:Package 'src/rmitbot_localization' with type 'ros.ament_cmake' and name 'rmitbot_localization'
[0.376s] Level 1:colcon.colcon_core.package_identification:_identify(src/rmitbot_mapping) by extensions ['ignore', 'ignore_ament_install']
[0.377s] Level 1:colcon.colcon_core.package_identification:_identify(src/rmitbot_mapping) by extension 'ignore'
[0.377s] Level 1:colcon.colcon_core.package_identification:_identify(src/rmitbot_mapping) by extension 'ignore_ament_install'
[0.377s] Level 1:colcon.colcon_core.package_identification:_identify(src/rmitbot_mapping) by extensions ['colcon_pkg']
[0.377s] Level 1:colcon.colcon_core.package_identification:_identify(src/rmitbot_mapping) by extension 'colcon_pkg'
[0.379s] Level 1:colcon.colcon_core.package_identification:_identify(src/rmitbot_mapping) by extensions ['colcon_meta']
[0.379s] Level 1:colcon.colcon_core.package_identification:_identify(src/rmitbot_mapping) by extension 'colcon_meta'
[0.379s] Level 1:colcon.colcon_core.package_identification:_identify(src/rmitbot_mapping) by extensions ['ros']
[0.379s] Level 1:colcon.colcon_core.package_identification:_identify(src/rmitbot_mapping) by extension 'ros'
[0.379s] DEBUG:colcon.colcon_core.package_identification:Package 'src/rmitbot_mapping' with type 'ros.ament_cmake' and name 'rmitbot_mapping'
[0.380s] Level 1:colcon.colcon_core.package_identification:_identify(src/rmitbot_vision) by extensions ['ignore', 'ignore_ament_install']
[0.380s] Level 1:colcon.colcon_core.package_identification:_identify(src/rmitbot_vision) by extension 'ignore'
[0.380s] Level 1:colcon.colcon_core.package_identification:_identify(src/rmitbot_vision) by extension 'ignore_ament_install'
[0.380s] Level 1:colcon.colcon_core.package_identification:_identify(src/rmitbot_vision) by extensions ['colcon_pkg']
[0.381s] Level 1:colcon.colcon_core.package_identification:_identify(src/rmitbot_vision) by extension 'colcon_pkg'
[0.381s] Level 1:colcon.colcon_core.package_identification:_identify(src/rmitbot_vision) by extensions ['colcon_meta']
[0.381s] Level 1:colcon.colcon_core.package_identification:_identify(src/rmitbot_vision) by extension 'colcon_meta'
[0.381s] Level 1:colcon.colcon_core.package_identification:_identify(src/rmitbot_vision) by extensions ['ros']
[0.381s] Level 1:colcon.colcon_core.package_identification:_identify(src/rmitbot_vision) by extension 'ros'
[0.381s] Level 1:colcon.colcon_core.package_identification:_identify(src/rmitbot_vision) by extensions ['cmake', 'python']
[0.381s] Level 1:colcon.colcon_core.package_identification:_identify(src/rmitbot_vision) by extension 'cmake'
[0.381s] Level 1:colcon.colcon_core.package_identification:_identify(src/rmitbot_vision) by extension 'python'
[0.381s] Level 1:colcon.colcon_core.package_identification:_identify(src/rmitbot_vision) by extensions ['python_setup_py']
[0.381s] Level 1:colcon.colcon_core.package_identification:_identify(src/rmitbot_vision) by extension 'python_setup_py'
[0.382s] Level 1:colcon.colcon_core.package_identification:_identify(src/rmitbot_vision/darknet_ros) by extensions ['ignore', 'ignore_ament_install']
[0.382s] Level 1:colcon.colcon_core.package_identification:_identify(src/rmitbot_vision/darknet_ros) by extension 'ignore'
[0.382s] Level 1:colcon.colcon_core.package_identification:_identify(src/rmitbot_vision/darknet_ros) by extension 'ignore_ament_install'
[0.382s] Level 1:colcon.colcon_core.package_identification:_identify(src/rmitbot_vision/darknet_ros) by extensions ['colcon_pkg']
[0.382s] Level 1:colcon.colcon_core.package_identification:_identify(src/rmitbot_vision/darknet_ros) by extension 'colcon_pkg'
[0.382s] Level 1:colcon.colcon_core.package_identification:_identify(src/rmitbot_vision/darknet_ros) by extensions ['colcon_meta']
[0.382s] Level 1:colcon.colcon_core.package_identification:_identify(src/rmitbot_vision/darknet_ros) by extension 'colcon_meta'
[0.382s] Level 1:colcon.colcon_core.package_identification:_identify(src/rmitbot_vision/darknet_ros) by extensions ['ros']
[0.382s] Level 1:colcon.colcon_core.package_identification:_identify(src/rmitbot_vision/darknet_ros) by extension 'ros'
[0.382s] Level 1:colcon.colcon_core.package_identification:_identify(src/rmitbot_vision/darknet_ros) by extensions ['cmake', 'python']
[0.382s] Level 1:colcon.colcon_core.package_identification:_identify(src/rmitbot_vision/darknet_ros) by extension 'cmake'
[0.382s] Level 1:colcon.colcon_core.package_identification:_identify(src/rmitbot_vision/darknet_ros) by extension 'python'
[0.382s] Level 1:colcon.colcon_core.package_identification:_identify(src/rmitbot_vision/darknet_ros) by extensions ['python_setup_py']
[0.382s] Level 1:colcon.colcon_core.package_identification:_identify(src/rmitbot_vision/darknet_ros) by extension 'python_setup_py'
[0.382s] Level 1:colcon.colcon_core.package_identification:_identify(src/rmitbot_vision/darknet_ros/darknet_ros) by extensions ['ignore', 'ignore_ament_install']
[0.383s] Level 1:colcon.colcon_core.package_identification:_identify(src/rmitbot_vision/darknet_ros/darknet_ros) by extension 'ignore'
[0.383s] Level 1:colcon.colcon_core.package_identification:_identify(src/rmitbot_vision/darknet_ros/darknet_ros) by extension 'ignore_ament_install'
[0.383s] Level 1:colcon.colcon_core.package_identification:_identify(src/rmitbot_vision/darknet_ros/darknet_ros) by extensions ['colcon_pkg']
[0.383s] Level 1:colcon.colcon_core.package_identification:_identify(src/rmitbot_vision/darknet_ros/darknet_ros) by extension 'colcon_pkg'
[0.383s] Level 1:colcon.colcon_core.package_identification:_identify(src/rmitbot_vision/darknet_ros/darknet_ros) by extensions ['colcon_meta']
[0.383s] Level 1:colcon.colcon_core.package_identification:_identify(src/rmitbot_vision/darknet_ros/darknet_ros) by extension 'colcon_meta'
[0.383s] Level 1:colcon.colcon_core.package_identification:_identify(src/rmitbot_vision/darknet_ros/darknet_ros) by extensions ['ros']
[0.383s] Level 1:colcon.colcon_core.package_identification:_identify(src/rmitbot_vision/darknet_ros/darknet_ros) by extension 'ros'
[0.384s] Level 1:colcon.colcon_core.package_identification:_identify(src/rmitbot_vision/darknet_ros/darknet_ros) by extensions ['cmake', 'python']
[0.384s] Level 1:colcon.colcon_core.package_identification:_identify(src/rmitbot_vision/darknet_ros/darknet_ros) by extension 'cmake'
[0.384s] Level 1:colcon.colcon_core.package_identification:_identify(src/rmitbot_vision/darknet_ros/darknet_ros) by extension 'python'
[0.384s] Level 1:colcon.colcon_core.package_identification:_identify(src/rmitbot_vision/darknet_ros/darknet_ros) by extensions ['python_setup_py']
[0.384s] Level 1:colcon.colcon_core.package_identification:_identify(src/rmitbot_vision/darknet_ros/darknet_ros) by extension 'python_setup_py'
[0.384s] Level 1:colcon.colcon_core.package_identification:_identify(src/rmitbot_vision/darknet_ros/darknet_ros/darknet) by extensions ['ignore', 'ignore_ament_install']
[0.384s] Level 1:colcon.colcon_core.package_identification:_identify(src/rmitbot_vision/darknet_ros/darknet_ros/darknet) by extension 'ignore'
[0.384s] Level 1:colcon.colcon_core.package_identification:_identify(src/rmitbot_vision/darknet_ros/darknet_ros/darknet) by extension 'ignore_ament_install'
[0.384s] Level 1:colcon.colcon_core.package_identification:_identify(src/rmitbot_vision/darknet_ros/darknet_ros/darknet) by extensions ['colcon_pkg']
[0.384s] Level 1:colcon.colcon_core.package_identification:_identify(src/rmitbot_vision/darknet_ros/darknet_ros/darknet) by extension 'colcon_pkg'
[0.384s] Level 1:colcon.colcon_core.package_identification:_identify(src/rmitbot_vision/darknet_ros/darknet_ros/darknet) by extensions ['colcon_meta']
[0.384s] Level 1:colcon.colcon_core.package_identification:_identify(src/rmitbot_vision/darknet_ros/darknet_ros/darknet) by extension 'colcon_meta'
[0.385s] Level 1:colcon.colcon_core.package_identification:_identify(src/rmitbot_vision/darknet_ros/darknet_ros/darknet) by extensions ['ros']
[0.385s] Level 1:colcon.colcon_core.package_identification:_identify(src/rmitbot_vision/darknet_ros/darknet_ros/darknet) by extension 'ros'
[0.385s] Level 1:colcon.colcon_core.package_identification:_identify(src/rmitbot_vision/darknet_ros/darknet_ros/darknet) by extensions ['cmake', 'python']
[0.385s] Level 1:colcon.colcon_core.package_identification:_identify(src/rmitbot_vision/darknet_ros/darknet_ros/darknet) by extension 'cmake'
[0.400s] Level 1:colcon.colcon_core.package_identification:_identify(src/rmitbot_vision/darknet_ros/darknet_ros/darknet) by extension 'python'
[0.400s] DEBUG:colcon.colcon_core.package_identification:Package 'src/rmitbot_vision/darknet_ros/darknet_ros/darknet' with type 'cmake' and name 'Darknet'
[0.400s] Level 1:colcon.colcon_core.package_identification:_identify(src/rmitbot_vision/darknet_ros/darknet_ros/darknet_ros) by extensions ['ignore', 'ignore_ament_install']
[0.401s] Level 1:colcon.colcon_core.package_identification:_identify(src/rmitbot_vision/darknet_ros/darknet_ros/darknet_ros) by extension 'ignore'
[0.401s] Level 1:colcon.colcon_core.package_identification:_identify(src/rmitbot_vision/darknet_ros/darknet_ros/darknet_ros) by extension 'ignore_ament_install'
[0.401s] Level 1:colcon.colcon_core.package_identification:_identify(src/rmitbot_vision/darknet_ros/darknet_ros/darknet_ros) by extensions ['colcon_pkg']
[0.401s] Level 1:colcon.colcon_core.package_identification:_identify(src/rmitbot_vision/darknet_ros/darknet_ros/darknet_ros) by extension 'colcon_pkg'
[0.401s] Level 1:colcon.colcon_core.package_identification:_identify(src/rmitbot_vision/darknet_ros/darknet_ros/darknet_ros) by extensions ['colcon_meta']
[0.401s] Level 1:colcon.colcon_core.package_identification:_identify(src/rmitbot_vision/darknet_ros/darknet_ros/darknet_ros) by extension 'colcon_meta'
[0.401s] Level 1:colcon.colcon_core.package_identification:_identify(src/rmitbot_vision/darknet_ros/darknet_ros/darknet_ros) by extensions ['ros']
[0.401s] Level 1:colcon.colcon_core.package_identification:_identify(src/rmitbot_vision/darknet_ros/darknet_ros/darknet_ros) by extension 'ros'
[0.403s] DEBUG:colcon.colcon_core.package_identification:Package 'src/rmitbot_vision/darknet_ros/darknet_ros/darknet_ros' with type 'ros.ament_cmake' and name 'darknet_ros'
[0.404s] Level 1:colcon.colcon_core.package_identification:_identify(src/rmitbot_vision/darknet_ros/darknet_ros/darknet_ros_msgs) by extensions ['ignore', 'ignore_ament_install']
[0.404s] Level 1:colcon.colcon_core.package_identification:_identify(src/rmitbot_vision/darknet_ros/darknet_ros/darknet_ros_msgs) by extension 'ignore'
[0.404s] Level 1:colcon.colcon_core.package_identification:_identify(src/rmitbot_vision/darknet_ros/darknet_ros/darknet_ros_msgs) by extension 'ignore_ament_install'
[0.404s] Level 1:colcon.colcon_core.package_identification:_identify(src/rmitbot_vision/darknet_ros/darknet_ros/darknet_ros_msgs) by extensions ['colcon_pkg']
[0.405s] Level 1:colcon.colcon_core.package_identification:_identify(src/rmitbot_vision/darknet_ros/darknet_ros/darknet_ros_msgs) by extension 'colcon_pkg'
[0.405s] Level 1:colcon.colcon_core.package_identification:_identify(src/rmitbot_vision/darknet_ros/darknet_ros/darknet_ros_msgs) by extensions ['colcon_meta']
[0.405s] Level 1:colcon.colcon_core.package_identification:_identify(src/rmitbot_vision/darknet_ros/darknet_ros/darknet_ros_msgs) by extension 'colcon_meta'
[0.405s] Level 1:colcon.colcon_core.package_identification:_identify(src/rmitbot_vision/darknet_ros/darknet_ros/darknet_ros_msgs) by extensions ['ros']
[0.405s] Level 1:colcon.colcon_core.package_identification:_identify(src/rmitbot_vision/darknet_ros/darknet_ros/darknet_ros_msgs) by extension 'ros'
[0.406s] DEBUG:colcon.colcon_core.package_identification:Package 'src/rmitbot_vision/darknet_ros/darknet_ros/darknet_ros_msgs' with type 'ros.ament_cmake' and name 'darknet_ros_msgs'
[0.407s] Level 1:colcon.colcon_core.package_identification:_identify(src/rmitbot_vision/stop_sign_control) by extensions ['ignore', 'ignore_ament_install']
[0.407s] Level 1:colcon.colcon_core.package_identification:_identify(src/rmitbot_vision/stop_sign_control) by extension 'ignore'
[0.407s] Level 1:colcon.colcon_core.package_identification:_identify(src/rmitbot_vision/stop_sign_control) by extension 'ignore_ament_install'
[0.407s] Level 1:colcon.colcon_core.package_identification:_identify(src/rmitbot_vision/stop_sign_control) by extensions ['colcon_pkg']
[0.408s] Level 1:colcon.colcon_core.package_identification:_identify(src/rmitbot_vision/stop_sign_control) by extension 'colcon_pkg'
[0.408s] Level 1:colcon.colcon_core.package_identification:_identify(src/rmitbot_vision/stop_sign_control) by extensions ['colcon_meta']
[0.408s] Level 1:colcon.colcon_core.package_identification:_identify(src/rmitbot_vision/stop_sign_control) by extension 'colcon_meta'
[0.408s] Level 1:colcon.colcon_core.package_identification:_identify(src/rmitbot_vision/stop_sign_control) by extensions ['ros']
[0.409s] Level 1:colcon.colcon_core.package_identification:_identify(src/rmitbot_vision/stop_sign_control) by extension 'ros'
[0.411s] DEBUG:colcon.colcon_core.package_identification:Package 'src/rmitbot_vision/stop_sign_control' with type 'ros.ament_python' and name 'stop_sign_control'
[0.412s] Level 1:colcon.colcon_core.package_identification:_identify(src/rmitbot_vision/vision_opencv) by extensions ['ignore', 'ignore_ament_install']
[0.413s] Level 1:colcon.colcon_core.package_identification:_identify(src/rmitbot_vision/vision_opencv) by extension 'ignore'
[0.413s] Level 1:colcon.colcon_core.package_identification:_identify(src/rmitbot_vision/vision_opencv) by extension 'ignore_ament_install'
[0.413s] Level 1:colcon.colcon_core.package_identification:_identify(src/rmitbot_vision/vision_opencv) by extensions ['colcon_pkg']
[0.413s] Level 1:colcon.colcon_core.package_identification:_identify(src/rmitbot_vision/vision_opencv) by extension 'colcon_pkg'
[0.413s] Level 1:colcon.colcon_core.package_identification:_identify(src/rmitbot_vision/vision_opencv) by extensions ['colcon_meta']
[0.414s] Level 1:colcon.colcon_core.package_identification:_identify(src/rmitbot_vision/vision_opencv) by extension 'colcon_meta'
[0.414s] Level 1:colcon.colcon_core.package_identification:_identify(src/rmitbot_vision/vision_opencv) by extensions ['ros']
[0.414s] Level 1:colcon.colcon_core.package_identification:_identify(src/rmitbot_vision/vision_opencv) by extension 'ros'
[0.414s] Level 1:colcon.colcon_core.package_identification:_identify(src/rmitbot_vision/vision_opencv) by extensions ['cmake', 'python']
[0.414s] Level 1:colcon.colcon_core.package_identification:_identify(src/rmitbot_vision/vision_opencv) by extension 'cmake'
[0.414s] Level 1:colcon.colcon_core.package_identification:_identify(src/rmitbot_vision/vision_opencv) by extension 'python'
[0.414s] Level 1:colcon.colcon_core.package_identification:_identify(src/rmitbot_vision/vision_opencv) by extensions ['python_setup_py']
[0.414s] Level 1:colcon.colcon_core.package_identification:_identify(src/rmitbot_vision/vision_opencv) by extension 'python_setup_py'
[0.414s] Level 1:colcon.colcon_core.package_identification:_identify(src/rmitbot_vision/vision_opencv/cv_bridge) by extensions ['ignore', 'ignore_ament_install']
[0.415s] Level 1:colcon.colcon_core.package_identification:_identify(src/rmitbot_vision/vision_opencv/cv_bridge) by extension 'ignore'
[0.415s] Level 1:colcon.colcon_core.package_identification:_identify(src/rmitbot_vision/vision_opencv/cv_bridge) by extension 'ignore_ament_install'
[0.415s] Level 1:colcon.colcon_core.package_identification:_identify(src/rmitbot_vision/vision_opencv/cv_bridge) by extensions ['colcon_pkg']
[0.415s] Level 1:colcon.colcon_core.package_identification:_identify(src/rmitbot_vision/vision_opencv/cv_bridge) by extension 'colcon_pkg'
[0.415s] Level 1:colcon.colcon_core.package_identification:_identify(src/rmitbot_vision/vision_opencv/cv_bridge) by extensions ['colcon_meta']
[0.415s] Level 1:colcon.colcon_core.package_identification:_identify(src/rmitbot_vision/vision_opencv/cv_bridge) by extension 'colcon_meta'
[0.415s] Level 1:colcon.colcon_core.package_identification:_identify(src/rmitbot_vision/vision_opencv/cv_bridge) by extensions ['ros']
[0.415s] Level 1:colcon.colcon_core.package_identification:_identify(src/rmitbot_vision/vision_opencv/cv_bridge) by extension 'ros'
[0.418s] DEBUG:colcon.colcon_core.package_identification:Package 'src/rmitbot_vision/vision_opencv/cv_bridge' with type 'ros.ament_cmake' and name 'cv_bridge'
[0.419s] Level 1:colcon.colcon_core.package_identification:_identify(src/rmitbot_vision/vision_opencv/image_geometry) by extensions ['ignore', 'ignore_ament_install']
[0.419s] Level 1:colcon.colcon_core.package_identification:_identify(src/rmitbot_vision/vision_opencv/image_geometry) by extension 'ignore'
[0.419s] Level 1:colcon.colcon_core.package_identification:_identify(src/rmitbot_vision/vision_opencv/image_geometry) by extension 'ignore_ament_install'
[0.419s] Level 1:colcon.colcon_core.package_identification:_identify(src/rmitbot_vision/vision_opencv/image_geometry) by extensions ['colcon_pkg']
[0.419s] Level 1:colcon.colcon_core.package_identification:_identify(src/rmitbot_vision/vision_opencv/image_geometry) by extension 'colcon_pkg'
[0.419s] Level 1:colcon.colcon_core.package_identification:_identify(src/rmitbot_vision/vision_opencv/image_geometry) by extensions ['colcon_meta']
[0.419s] Level 1:colcon.colcon_core.package_identification:_identify(src/rmitbot_vision/vision_opencv/image_geometry) by extension 'colcon_meta'
[0.419s] Level 1:colcon.colcon_core.package_identification:_identify(src/rmitbot_vision/vision_opencv/image_geometry) by extensions ['ros']
[0.419s] Level 1:colcon.colcon_core.package_identification:_identify(src/rmitbot_vision/vision_opencv/image_geometry) by extension 'ros'
[0.421s] DEBUG:colcon.colcon_core.package_identification:Package 'src/rmitbot_vision/vision_opencv/image_geometry' with type 'ros.ament_cmake' and name 'image_geometry'
[0.421s] Level 1:colcon.colcon_core.package_identification:_identify(src/rmitbot_vision/vision_opencv/vision_opencv) by extensions ['ignore', 'ignore_ament_install']
[0.421s] Level 1:colcon.colcon_core.package_identification:_identify(src/rmitbot_vision/vision_opencv/vision_opencv) by extension 'ignore'
[0.422s] Level 1:colcon.colcon_core.package_identification:_identify(src/rmitbot_vision/vision_opencv/vision_opencv) by extension 'ignore_ament_install'
[0.422s] Level 1:colcon.colcon_core.package_identification:_identify(src/rmitbot_vision/vision_opencv/vision_opencv) by extensions ['colcon_pkg']
[0.422s] Level 1:colcon.colcon_core.package_identification:_identify(src/rmitbot_vision/vision_opencv/vision_opencv) by extension 'colcon_pkg'
[0.422s] Level 1:colcon.colcon_core.package_identification:_identify(src/rmitbot_vision/vision_opencv/vision_opencv) by extensions ['colcon_meta']
[0.422s] Level 1:colcon.colcon_core.package_identification:_identify(src/rmitbot_vision/vision_opencv/vision_opencv) by extension 'colcon_meta'
[0.422s] Level 1:colcon.colcon_core.package_identification:_identify(src/rmitbot_vision/vision_opencv/vision_opencv) by extensions ['ros']
[0.422s] Level 1:colcon.colcon_core.package_identification:_identify(src/rmitbot_vision/vision_opencv/vision_opencv) by extension 'ros'
[0.423s] DEBUG:colcon.colcon_core.package_identification:Package 'src/rmitbot_vision/vision_opencv/vision_opencv' with type 'ros.ament_cmake' and name 'vision_opencv'
[0.423s] Level 1:colcon.colcon_core.package_discovery:discover_packages(recursive) using defaults
[0.423s] Level 1:colcon.colcon_core.package_discovery:discover_packages(ignore) discover
[0.423s] Level 1:colcon.colcon_core.package_discovery:discover_packages(ignore) using defaults
[0.423s] Level 1:colcon.colcon_core.package_discovery:discover_packages(path) discover
[0.423s] Level 1:colcon.colcon_core.package_discovery:discover_packages(path) using defaults
[0.469s] Level 5:colcon.colcon_core.verb:set package 'Darknet' build argument 'cmake_args' from command line to 'None'
[0.469s] Level 5:colcon.colcon_core.verb:set package 'Darknet' build argument 'cmake_target' from command line to 'None'
[0.469s] Level 5:colcon.colcon_core.verb:set package 'Darknet' build argument 'cmake_target_skip_unavailable' from command line to 'False'
[0.469s] Level 5:colcon.colcon_core.verb:set package 'Darknet' build argument 'cmake_clean_cache' from command line to 'False'
[0.469s] Level 5:colcon.colcon_core.verb:set package 'Darknet' build argument 'cmake_clean_first' from command line to 'False'
[0.469s] Level 5:colcon.colcon_core.verb:set package 'Darknet' build argument 'cmake_force_configure' from command line to 'False'
[0.469s] Level 5:colcon.colcon_core.verb:set package 'Darknet' build argument 'ament_cmake_args' from command line to 'None'
[0.469s] Level 5:colcon.colcon_core.verb:set package 'Darknet' build argument 'catkin_cmake_args' from command line to 'None'
[0.469s] Level 5:colcon.colcon_core.verb:set package 'Darknet' build argument 'catkin_skip_building_tests' from command line to 'False'
[0.469s] DEBUG:colcon.colcon_core.verb:Building package 'Darknet' with the following arguments: {'ament_cmake_args': None, 'build_base': '/home/ngan/Documents/test_github/lesson6_ws/build/Darknet', 'catkin_cmake_args': None, 'catkin_skip_building_tests': False, 'cmake_args': None, 'cmake_clean_cache': False, 'cmake_clean_first': False, 'cmake_force_configure': False, 'cmake_target': None, 'cmake_target_skip_unavailable': False, 'install_base': '/home/ngan/Documents/test_github/lesson6_ws/install/Darknet', 'merge_install': False, 'path': '/home/ngan/Documents/test_github/lesson6_ws/src/rmitbot_vision/darknet_ros/darknet_ros/darknet', 'symlink_install': False, 'test_result_base': None}
[0.470s] Level 5:colcon.colcon_core.verb:set package 'cv_bridge' build argument 'cmake_args' from command line to 'None'
[0.470s] Level 5:colcon.colcon_core.verb:set package 'cv_bridge' build argument 'cmake_target' from command line to 'None'
[0.470s] Level 5:colcon.colcon_core.verb:set package 'cv_bridge' build argument 'cmake_target_skip_unavailable' from command line to 'False'
[0.470s] Level 5:colcon.colcon_core.verb:set package 'cv_bridge' build argument 'cmake_clean_cache' from command line to 'False'
[0.470s] Level 5:colcon.colcon_core.verb:set package 'cv_bridge' build argument 'cmake_clean_first' from command line to 'False'
[0.470s] Level 5:colcon.colcon_core.verb:set package 'cv_bridge' build argument 'cmake_force_configure' from command line to 'False'
[0.470s] Level 5:colcon.colcon_core.verb:set package 'cv_bridge' build argument 'ament_cmake_args' from command line to 'None'
[0.470s] Level 5:colcon.colcon_core.verb:set package 'cv_bridge' build argument 'catkin_cmake_args' from command line to 'None'
[0.470s] Level 5:colcon.colcon_core.verb:set package 'cv_bridge' build argument 'catkin_skip_building_tests' from command line to 'False'
[0.470s] DEBUG:colcon.colcon_core.verb:Building package 'cv_bridge' with the following arguments: {'ament_cmake_args': None, 'build_base': '/home/ngan/Documents/test_github/lesson6_ws/build/cv_bridge', 'catkin_cmake_args': None, 'catkin_skip_building_tests': False, 'cmake_args': None, 'cmake_clean_cache': False, 'cmake_clean_first': False, 'cmake_force_configure': False, 'cmake_target': None, 'cmake_target_skip_unavailable': False, 'install_base': '/home/ngan/Documents/test_github/lesson6_ws/install/cv_bridge', 'merge_install': False, 'path': '/home/ngan/Documents/test_github/lesson6_ws/src/rmitbot_vision/vision_opencv/cv_bridge', 'symlink_install': False, 'test_result_base': None}
[0.471s] Level 5:colcon.colcon_core.verb:set package 'darknet_ros_msgs' build argument 'cmake_args' from command line to 'None'
[0.471s] Level 5:colcon.colcon_core.verb:set package 'darknet_ros_msgs' build argument 'cmake_target' from command line to 'None'
[0.471s] Level 5:colcon.colcon_core.verb:set package 'darknet_ros_msgs' build argument 'cmake_target_skip_unavailable' from command line to 'False'
[0.471s] Level 5:colcon.colcon_core.verb:set package 'darknet_ros_msgs' build argument 'cmake_clean_cache' from command line to 'False'
[0.471s] Level 5:colcon.colcon_core.verb:set package 'darknet_ros_msgs' build argument 'cmake_clean_first' from command line to 'False'
[0.471s] Level 5:colcon.colcon_core.verb:set package 'darknet_ros_msgs' build argument 'cmake_force_configure' from command line to 'False'
[0.471s] Level 5:colcon.colcon_core.verb:set package 'darknet_ros_msgs' build argument 'ament_cmake_args' from command line to 'None'
[0.471s] Level 5:colcon.colcon_core.verb:set package 'darknet_ros_msgs' build argument 'catkin_cmake_args' from command line to 'None'
[0.471s] Level 5:colcon.colcon_core.verb:set package 'darknet_ros_msgs' build argument 'catkin_skip_building_tests' from command line to 'False'
[0.471s] DEBUG:colcon.colcon_core.verb:Building package 'darknet_ros_msgs' with the following arguments: {'ament_cmake_args': None, 'build_base': '/home/ngan/Documents/test_github/lesson6_ws/build/darknet_ros_msgs', 'catkin_cmake_args': None, 'catkin_skip_building_tests': False, 'cmake_args': None, 'cmake_clean_cache': False, 'cmake_clean_first': False, 'cmake_force_configure': False, 'cmake_target': None, 'cmake_target_skip_unavailable': False, 'install_base': '/home/ngan/Documents/test_github/lesson6_ws/install/darknet_ros_msgs', 'merge_install': False, 'path': '/home/ngan/Documents/test_github/lesson6_ws/src/rmitbot_vision/darknet_ros/darknet_ros/darknet_ros_msgs', 'symlink_install': False, 'test_result_base': None}
[0.471s] Level 5:colcon.colcon_core.verb:set package 'image_geometry' build argument 'cmake_args' from command line to 'None'
[0.471s] Level 5:colcon.colcon_core.verb:set package 'image_geometry' build argument 'cmake_target' from command line to 'None'
[0.471s] Level 5:colcon.colcon_core.verb:set package 'image_geometry' build argument 'cmake_target_skip_unavailable' from command line to 'False'
[0.472s] Level 5:colcon.colcon_core.verb:set package 'image_geometry' build argument 'cmake_clean_cache' from command line to 'False'
[0.472s] Level 5:colcon.colcon_core.verb:set package 'image_geometry' build argument 'cmake_clean_first' from command line to 'False'
[0.472s] Level 5:colcon.colcon_core.verb:set package 'image_geometry' build argument 'cmake_force_configure' from command line to 'False'
[0.472s] Level 5:colcon.colcon_core.verb:set package 'image_geometry' build argument 'ament_cmake_args' from command line to 'None'
[0.472s] Level 5:colcon.colcon_core.verb:set package 'image_geometry' build argument 'catkin_cmake_args' from command line to 'None'
[0.472s] Level 5:colcon.colcon_core.verb:set package 'image_geometry' build argument 'catkin_skip_building_tests' from command line to 'False'
[0.472s] DEBUG:colcon.colcon_core.verb:Building package 'image_geometry' with the following arguments: {'ament_cmake_args': None, 'build_base': '/home/ngan/Documents/test_github/lesson6_ws/build/image_geometry', 'catkin_cmake_args': None, 'catkin_skip_building_tests': False, 'cmake_args': None, 'cmake_clean_cache': False, 'cmake_clean_first': False, 'cmake_force_configure': False, 'cmake_target': None, 'cmake_target_skip_unavailable': False, 'install_base': '/home/ngan/Documents/test_github/lesson6_ws/install/image_geometry', 'merge_install': False, 'path': '/home/ngan/Documents/test_github/lesson6_ws/src/rmitbot_vision/vision_opencv/image_geometry', 'symlink_install': False, 'test_result_base': None}
[0.472s] Level 5:colcon.colcon_core.verb:set package 'rmitbot_bringup' build argument 'cmake_args' from command line to 'None'
[0.472s] Level 5:colcon.colcon_core.verb:set package 'rmitbot_bringup' build argument 'cmake_target' from command line to 'None'
[0.472s] Level 5:colcon.colcon_core.verb:set package 'rmitbot_bringup' build argument 'cmake_target_skip_unavailable' from command line to 'False'
[0.472s] Level 5:colcon.colcon_core.verb:set package 'rmitbot_bringup' build argument 'cmake_clean_cache' from command line to 'False'
[0.472s] Level 5:colcon.colcon_core.verb:set package 'rmitbot_bringup' build argument 'cmake_clean_first' from command line to 'False'
[0.472s] Level 5:colcon.colcon_core.verb:set package 'rmitbot_bringup' build argument 'cmake_force_configure' from command line to 'False'
[0.472s] Level 5:colcon.colcon_core.verb:set package 'rmitbot_bringup' build argument 'ament_cmake_args' from command line to 'None'
[0.472s] Level 5:colcon.colcon_core.verb:set package 'rmitbot_bringup' build argument 'catkin_cmake_args' from command line to 'None'
[0.472s] Level 5:colcon.colcon_core.verb:set package 'rmitbot_bringup' build argument 'catkin_skip_building_tests' from command line to 'False'
[0.472s] DEBUG:colcon.colcon_core.verb:Building package 'rmitbot_bringup' with the following arguments: {'ament_cmake_args': None, 'build_base': '/home/ngan/Documents/test_github/lesson6_ws/build/rmitbot_bringup', 'catkin_cmake_args': None, 'catkin_skip_building_tests': False, 'cmake_args': None, 'cmake_clean_cache': False, 'cmake_clean_first': False, 'cmake_force_configure': False, 'cmake_target': None, 'cmake_target_skip_unavailable': False, 'install_base': '/home/ngan/Documents/test_github/lesson6_ws/install/rmitbot_bringup', 'merge_install': False, 'path': '/home/ngan/Documents/test_github/lesson6_ws/src/rmitbot_bringup', 'symlink_install': False, 'test_result_base': None}
[0.472s] Level 5:colcon.colcon_core.verb:set package 'rmitbot_controller' build argument 'cmake_args' from command line to 'None'
[0.472s] Level 5:colcon.colcon_core.verb:set package 'rmitbot_controller' build argument 'cmake_target' from command line to 'None'
[0.472s] Level 5:colcon.colcon_core.verb:set package 'rmitbot_controller' build argument 'cmake_target_skip_unavailable' from command line to 'False'
[0.472s] Level 5:colcon.colcon_core.verb:set package 'rmitbot_controller' build argument 'cmake_clean_cache' from command line to 'False'
[0.472s] Level 5:colcon.colcon_core.verb:set package 'rmitbot_controller' build argument 'cmake_clean_first' from command line to 'False'
[0.472s] Level 5:colcon.colcon_core.verb:set package 'rmitbot_controller' build argument 'cmake_force_configure' from command line to 'False'
[0.472s] Level 5:colcon.colcon_core.verb:set package 'rmitbot_controller' build argument 'ament_cmake_args' from command line to 'None'
[0.473s] Level 5:colcon.colcon_core.verb:set package 'rmitbot_controller' build argument 'catkin_cmake_args' from command line to 'None'
[0.473s] Level 5:colcon.colcon_core.verb:set package 'rmitbot_controller' build argument 'catkin_skip_building_tests' from command line to 'False'
[0.473s] DEBUG:colcon.colcon_core.verb:Building package 'rmitbot_controller' with the following arguments: {'ament_cmake_args': None, 'build_base': '/home/ngan/Documents/test_github/lesson6_ws/build/rmitbot_controller', 'catkin_cmake_args': None, 'catkin_skip_building_tests': False, 'cmake_args': None, 'cmake_clean_cache': False, 'cmake_clean_first': False, 'cmake_force_configure': False, 'cmake_target': None, 'cmake_target_skip_unavailable': False, 'install_base': '/home/ngan/Documents/test_github/lesson6_ws/install/rmitbot_controller', 'merge_install': False, 'path': '/home/ngan/Documents/test_github/lesson6_ws/src/rmitbot_controller', 'symlink_install': False, 'test_result_base': None}
[0.473s] Level 5:colcon.colcon_core.verb:set package 'rmitbot_description' build argument 'cmake_args' from command line to 'None'
[0.473s] Level 5:colcon.colcon_core.verb:set package 'rmitbot_description' build argument 'cmake_target' from command line to 'None'
[0.473s] Level 5:colcon.colcon_core.verb:set package 'rmitbot_description' build argument 'cmake_target_skip_unavailable' from command line to 'False'
[0.473s] Level 5:colcon.colcon_core.verb:set package 'rmitbot_description' build argument 'cmake_clean_cache' from command line to 'False'
[0.473s] Level 5:colcon.colcon_core.verb:set package 'rmitbot_description' build argument 'cmake_clean_first' from command line to 'False'
[0.473s] Level 5:colcon.colcon_core.verb:set package 'rmitbot_description' build argument 'cmake_force_configure' from command line to 'False'
[0.473s] Level 5:colcon.colcon_core.verb:set package 'rmitbot_description' build argument 'ament_cmake_args' from command line to 'None'
[0.473s] Level 5:colcon.colcon_core.verb:set package 'rmitbot_description' build argument 'catkin_cmake_args' from command line to 'None'
[0.473s] Level 5:colcon.colcon_core.verb:set package 'rmitbot_description' build argument 'catkin_skip_building_tests' from command line to 'False'
[0.473s] DEBUG:colcon.colcon_core.verb:Building package 'rmitbot_description' with the following arguments: {'ament_cmake_args': None, 'build_base': '/home/ngan/Documents/test_github/lesson6_ws/build/rmitbot_description', 'catkin_cmake_args': None, 'catkin_skip_building_tests': False, 'cmake_args': None, 'cmake_clean_cache': False, 'cmake_clean_first': False, 'cmake_force_configure': False, 'cmake_target': None, 'cmake_target_skip_unavailable': False, 'install_base': '/home/ngan/Documents/test_github/lesson6_ws/install/rmitbot_description', 'merge_install': False, 'path': '/home/ngan/Documents/test_github/lesson6_ws/src/rmitbot_description', 'symlink_install': False, 'test_result_base': None}
[0.473s] Level 5:colcon.colcon_core.verb:set package 'rmitbot_firmware' build argument 'cmake_args' from command line to 'None'
[0.473s] Level 5:colcon.colcon_core.verb:set package 'rmitbot_firmware' build argument 'cmake_target' from command line to 'None'
[0.473s] Level 5:colcon.colcon_core.verb:set package 'rmitbot_firmware' build argument 'cmake_target_skip_unavailable' from command line to 'False'
[0.473s] Level 5:colcon.colcon_core.verb:set package 'rmitbot_firmware' build argument 'cmake_clean_cache' from command line to 'False'
[0.473s] Level 5:colcon.colcon_core.verb:set package 'rmitbot_firmware' build argument 'cmake_clean_first' from command line to 'False'
[0.473s] Level 5:colcon.colcon_core.verb:set package 'rmitbot_firmware' build argument 'cmake_force_configure' from command line to 'False'
[0.473s] Level 5:colcon.colcon_core.verb:set package 'rmitbot_firmware' build argument 'ament_cmake_args' from command line to 'None'
[0.474s] Level 5:colcon.colcon_core.verb:set package 'rmitbot_firmware' build argument 'catkin_cmake_args' from command line to 'None'
[0.474s] Level 5:colcon.colcon_core.verb:set package 'rmitbot_firmware' build argument 'catkin_skip_building_tests' from command line to 'False'
[0.474s] DEBUG:colcon.colcon_core.verb:Building package 'rmitbot_firmware' with the following arguments: {'ament_cmake_args': None, 'build_base': '/home/ngan/Documents/test_github/lesson6_ws/build/rmitbot_firmware', 'catkin_cmake_args': None, 'catkin_skip_building_tests': False, 'cmake_args': None, 'cmake_clean_cache': False, 'cmake_clean_first': False, 'cmake_force_configure': False, 'cmake_target': None, 'cmake_target_skip_unavailable': False, 'install_base': '/home/ngan/Documents/test_github/lesson6_ws/install/rmitbot_firmware', 'merge_install': False, 'path': '/home/ngan/Documents/test_github/lesson6_ws/src/rmitbot_firmware', 'symlink_install': False, 'test_result_base': None}
[0.474s] Level 5:colcon.colcon_core.verb:set package 'rmitbot_localization' build argument 'cmake_args' from command line to 'None'
[0.474s] Level 5:colcon.colcon_core.verb:set package 'rmitbot_localization' build argument 'cmake_target' from command line to 'None'
[0.474s] Level 5:colcon.colcon_core.verb:set package 'rmitbot_localization' build argument 'cmake_target_skip_unavailable' from command line to 'False'
[0.474s] Level 5:colcon.colcon_core.verb:set package 'rmitbot_localization' build argument 'cmake_clean_cache' from command line to 'False'
[0.474s] Level 5:colcon.colcon_core.verb:set package 'rmitbot_localization' build argument 'cmake_clean_first' from command line to 'False'
[0.474s] Level 5:colcon.colcon_core.verb:set package 'rmitbot_localization' build argument 'cmake_force_configure' from command line to 'False'
[0.474s] Level 5:colcon.colcon_core.verb:set package 'rmitbot_localization' build argument 'ament_cmake_args' from command line to 'None'
[0.474s] Level 5:colcon.colcon_core.verb:set package 'rmitbot_localization' build argument 'catkin_cmake_args' from command line to 'None'
[0.474s] Level 5:colcon.colcon_core.verb:set package 'rmitbot_localization' build argument 'catkin_skip_building_tests' from command line to 'False'
[0.474s] DEBUG:colcon.colcon_core.verb:Building package 'rmitbot_localization' with the following arguments: {'ament_cmake_args': None, 'build_base': '/home/ngan/Documents/test_github/lesson6_ws/build/rmitbot_localization', 'catkin_cmake_args': None, 'catkin_skip_building_tests': False, 'cmake_args': None, 'cmake_clean_cache': False, 'cmake_clean_first': False, 'cmake_force_configure': False, 'cmake_target': None, 'cmake_target_skip_unavailable': False, 'install_base': '/home/ngan/Documents/test_github/lesson6_ws/install/rmitbot_localization', 'merge_install': False, 'path': '/home/ngan/Documents/test_github/lesson6_ws/src/rmitbot_localization', 'symlink_install': False, 'test_result_base': None}
[0.475s] Level 5:colcon.colcon_core.verb:set package 'rmitbot_mapping' build argument 'cmake_args' from command line to 'None'
[0.475s] Level 5:colcon.colcon_core.verb:set package 'rmitbot_mapping' build argument 'cmake_target' from command line to 'None'
[0.475s] Level 5:colcon.colcon_core.verb:set package 'rmitbot_mapping' build argument 'cmake_target_skip_unavailable' from command line to 'False'
[0.475s] Level 5:colcon.colcon_core.verb:set package 'rmitbot_mapping' build argument 'cmake_clean_cache' from command line to 'False'
[0.475s] Level 5:colcon.colcon_core.verb:set package 'rmitbot_mapping' build argument 'cmake_clean_first' from command line to 'False'
[0.475s] Level 5:colcon.colcon_core.verb:set package 'rmitbot_mapping' build argument 'cmake_force_configure' from command line to 'False'
[0.475s] Level 5:colcon.colcon_core.verb:set package 'rmitbot_mapping' build argument 'ament_cmake_args' from command line to 'None'
[0.475s] Level 5:colcon.colcon_core.verb:set package 'rmitbot_mapping' build argument 'catkin_cmake_args' from command line to 'None'
[0.475s] Level 5:colcon.colcon_core.verb:set package 'rmitbot_mapping' build argument 'catkin_skip_building_tests' from command line to 'False'
[0.475s] DEBUG:colcon.colcon_core.verb:Building package 'rmitbot_mapping' with the following arguments: {'ament_cmake_args': None, 'build_base': '/home/ngan/Documents/test_github/lesson6_ws/build/rmitbot_mapping', 'catkin_cmake_args': None, 'catkin_skip_building_tests': False, 'cmake_args': None, 'cmake_clean_cache': False, 'cmake_clean_first': False, 'cmake_force_configure': False, 'cmake_target': None, 'cmake_target_skip_unavailable': False, 'install_base': '/home/ngan/Documents/test_github/lesson6_ws/install/rmitbot_mapping', 'merge_install': False, 'path': '/home/ngan/Documents/test_github/lesson6_ws/src/rmitbot_mapping', 'symlink_install': False, 'test_result_base': None}
[0.475s] Level 5:colcon.colcon_core.verb:set package 'darknet_ros' build argument 'cmake_args' from command line to 'None'
[0.475s] Level 5:colcon.colcon_core.verb:set package 'darknet_ros' build argument 'cmake_target' from command line to 'None'
[0.475s] Level 5:colcon.colcon_core.verb:set package 'darknet_ros' build argument 'cmake_target_skip_unavailable' from command line to 'False'
[0.475s] Level 5:colcon.colcon_core.verb:set package 'darknet_ros' build argument 'cmake_clean_cache' from command line to 'False'
[0.475s] Level 5:colcon.colcon_core.verb:set package 'darknet_ros' build argument 'cmake_clean_first' from command line to 'False'
[0.475s] Level 5:colcon.colcon_core.verb:set package 'darknet_ros' build argument 'cmake_force_configure' from command line to 'False'
[0.475s] Level 5:colcon.colcon_core.verb:set package 'darknet_ros' build argument 'ament_cmake_args' from command line to 'None'
[0.476s] Level 5:colcon.colcon_core.verb:set package 'darknet_ros' build argument 'catkin_cmake_args' from command line to 'None'
[0.476s] Level 5:colcon.colcon_core.verb:set package 'darknet_ros' build argument 'catkin_skip_building_tests' from command line to 'False'
[0.476s] DEBUG:colcon.colcon_core.verb:Building package 'darknet_ros' with the following arguments: {'ament_cmake_args': None, 'build_base': '/home/ngan/Documents/test_github/lesson6_ws/build/darknet_ros', 'catkin_cmake_args': None, 'catkin_skip_building_tests': False, 'cmake_args': None, 'cmake_clean_cache': False, 'cmake_clean_first': False, 'cmake_force_configure': False, 'cmake_target': None, 'cmake_target_skip_unavailable': False, 'install_base': '/home/ngan/Documents/test_github/lesson6_ws/install/darknet_ros', 'merge_install': False, 'path': '/home/ngan/Documents/test_github/lesson6_ws/src/rmitbot_vision/darknet_ros/darknet_ros/darknet_ros', 'symlink_install': False, 'test_result_base': None}
[0.476s] Level 5:colcon.colcon_core.verb:set package 'stop_sign_control' build argument 'cmake_args' from command line to 'None'
[0.476s] Level 5:colcon.colcon_core.verb:set package 'stop_sign_control' build argument 'cmake_target' from command line to 'None'
[0.476s] Level 5:colcon.colcon_core.verb:set package 'stop_sign_control' build argument 'cmake_target_skip_unavailable' from command line to 'False'
[0.476s] Level 5:colcon.colcon_core.verb:set package 'stop_sign_control' build argument 'cmake_clean_cache' from command line to 'False'
[0.476s] Level 5:colcon.colcon_core.verb:set package 'stop_sign_control' build argument 'cmake_clean_first' from command line to 'False'
[0.476s] Level 5:colcon.colcon_core.verb:set package 'stop_sign_control' build argument 'cmake_force_configure' from command line to 'False'
[0.476s] Level 5:colcon.colcon_core.verb:set package 'stop_sign_control' build argument 'ament_cmake_args' from command line to 'None'
[0.476s] Level 5:colcon.colcon_core.verb:set package 'stop_sign_control' build argument 'catkin_cmake_args' from command line to 'None'
[0.476s] Level 5:colcon.colcon_core.verb:set package 'stop_sign_control' build argument 'catkin_skip_building_tests' from command line to 'False'
[0.476s] DEBUG:colcon.colcon_core.verb:Building package 'stop_sign_control' with the following arguments: {'ament_cmake_args': None, 'build_base': '/home/ngan/Documents/test_github/lesson6_ws/build/stop_sign_control', 'catkin_cmake_args': None, 'catkin_skip_building_tests': False, 'cmake_args': None, 'cmake_clean_cache': False, 'cmake_clean_first': False, 'cmake_force_configure': False, 'cmake_target': None, 'cmake_target_skip_unavailable': False, 'install_base': '/home/ngan/Documents/test_github/lesson6_ws/install/stop_sign_control', 'merge_install': False, 'path': '/home/ngan/Documents/test_github/lesson6_ws/src/rmitbot_vision/stop_sign_control', 'symlink_install': False, 'test_result_base': None}
[0.477s] Level 5:colcon.colcon_core.verb:set package 'vision_opencv' build argument 'cmake_args' from command line to 'None'
[0.477s] Level 5:colcon.colcon_core.verb:set package 'vision_opencv' build argument 'cmake_target' from command line to 'None'
[0.477s] Level 5:colcon.colcon_core.verb:set package 'vision_opencv' build argument 'cmake_target_skip_unavailable' from command line to 'False'
[0.477s] Level 5:colcon.colcon_core.verb:set package 'vision_opencv' build argument 'cmake_clean_cache' from command line to 'False'
[0.477s] Level 5:colcon.colcon_core.verb:set package 'vision_opencv' build argument 'cmake_clean_first' from command line to 'False'
[0.477s] Level 5:colcon.colcon_core.verb:set package 'vision_opencv' build argument 'cmake_force_configure' from command line to 'False'
[0.477s] Level 5:colcon.colcon_core.verb:set package 'vision_opencv' build argument 'ament_cmake_args' from command line to 'None'
[0.477s] Level 5:colcon.colcon_core.verb:set package 'vision_opencv' build argument 'catkin_cmake_args' from command line to 'None'
[0.477s] Level 5:colcon.colcon_core.verb:set package 'vision_opencv' build argument 'catkin_skip_building_tests' from command line to 'False'
[0.477s] DEBUG:colcon.colcon_core.verb:Building package 'vision_opencv' with the following arguments: {'ament_cmake_args': None, 'build_base': '/home/ngan/Documents/test_github/lesson6_ws/build/vision_opencv', 'catkin_cmake_args': None, 'catkin_skip_building_tests': False, 'cmake_args': None, 'cmake_clean_cache': False, 'cmake_clean_first': False, 'cmake_force_configure': False, 'cmake_target': None, 'cmake_target_skip_unavailable': False, 'install_base': '/home/ngan/Documents/test_github/lesson6_ws/install/vision_opencv', 'merge_install': False, 'path': '/home/ngan/Documents/test_github/lesson6_ws/src/rmitbot_vision/vision_opencv/vision_opencv', 'symlink_install': False, 'test_result_base': None}
[0.477s] INFO:colcon.colcon_core.executor:Executing jobs using 'parallel' executor
[0.478s] DEBUG:colcon.colcon_parallel_executor.executor.parallel:run_until_complete
[0.479s] INFO:colcon.colcon_ros.task.ament_cmake.build:Building ROS package in '/home/ngan/Documents/test_github/lesson6_ws/src/rmitbot_vision/vision_opencv/cv_bridge' with build type 'ament_cmake'
[0.479s] INFO:colcon.colcon_cmake.task.cmake.build:Building CMake package in '/home/ngan/Documents/test_github/lesson6_ws/src/rmitbot_vision/vision_opencv/cv_bridge'
[0.488s] INFO:colcon.colcon_core.plugin_system:Skipping extension 'colcon_core.shell.bat': Not used on non-Windows systems
[0.488s] DEBUG:colcon.colcon_core.shell:Skip shell extension 'dsv' for command environment
[0.509s] INFO:colcon.colcon_ros.task.ament_cmake.build:Building ROS package in '/home/ngan/Documents/test_github/lesson6_ws/src/rmitbot_vision/darknet_ros/darknet_ros/darknet_ros_msgs' with build type 'ament_cmake'
[0.510s] INFO:colcon.colcon_cmake.task.cmake.build:Building CMake package in '/home/ngan/Documents/test_github/lesson6_ws/src/rmitbot_vision/darknet_ros/darknet_ros/darknet_ros_msgs'
[0.510s] DEBUG:colcon.colcon_core.shell:Skip shell extension 'dsv' for command environment
[0.521s] INFO:colcon.colcon_ros.task.ament_cmake.build:Building ROS package in '/home/ngan/Documents/test_github/lesson6_ws/src/rmitbot_vision/vision_opencv/image_geometry' with build type 'ament_cmake'
[0.522s] INFO:colcon.colcon_cmake.task.cmake.build:Building CMake package in '/home/ngan/Documents/test_github/lesson6_ws/src/rmitbot_vision/vision_opencv/image_geometry'
[0.522s] DEBUG:colcon.colcon_core.shell:Skip shell extension 'dsv' for command environment
[0.533s] INFO:colcon.colcon_cmake.task.cmake.build:Building CMake package in '/home/ngan/Documents/test_github/lesson6_ws/src/rmitbot_vision/darknet_ros/darknet_ros/darknet'
[0.534s] DEBUG:colcon.colcon_core.shell:Skip shell extension 'dsv' for command environment
[0.559s] DEBUG:colcon.colcon_core.event_handler.log_command:Invoking command in '/home/ngan/Documents/test_github/lesson6_ws/build/cv_bridge': CMAKE_PREFIX_PATH=${CMAKE_PREFIX_PATH}:/home/ngan/Documents/test_github/lesson6_ws/install/stop_sign_control:/home/ngan/Documents/test_github/lesson6_ws/install/opencv_tests:/opt/ros/jazzy DEBUGINFOD_URLS=https://debuginfod.ubuntu.com /usr/bin/cmake --build /home/ngan/Documents/test_github/lesson6_ws/build/cv_bridge -- -j4 -l4
[0.567s] DEBUG:colcon.colcon_core.event_handler.log_command:Invoking command in '/home/ngan/Documents/test_github/lesson6_ws/build/darknet_ros_msgs': CMAKE_PREFIX_PATH=${CMAKE_PREFIX_PATH}:/home/ngan/Documents/test_github/lesson6_ws/install/stop_sign_control:/home/ngan/Documents/test_github/lesson6_ws/install/opencv_tests:/opt/ros/jazzy DEBUGINFOD_URLS=https://debuginfod.ubuntu.com /usr/bin/cmake --build /home/ngan/Documents/test_github/lesson6_ws/build/darknet_ros_msgs -- -j4 -l4
[0.574s] DEBUG:colcon.colcon_core.event_handler.log_command:Invoking command in '/home/ngan/Documents/test_github/lesson6_ws/build/image_geometry': CMAKE_PREFIX_PATH=${CMAKE_PREFIX_PATH}:/home/ngan/Documents/test_github/lesson6_ws/install/stop_sign_control:/home/ngan/Documents/test_github/lesson6_ws/install/opencv_tests:/opt/ros/jazzy DEBUGINFOD_URLS=https://debuginfod.ubuntu.com /usr/bin/cmake --build /home/ngan/Documents/test_github/lesson6_ws/build/image_geometry -- -j4 -l4
[0.623s] DEBUG:colcon.colcon_core.event_handler.log_command:Invoking command in '/home/ngan/Documents/test_github/lesson6_ws/build/Darknet': DEBUGINFOD_URLS=https://debuginfod.ubuntu.com /usr/bin/cmake --build /home/ngan/Documents/test_github/lesson6_ws/build/Darknet -- -j4 -l4
[1.616s] DEBUG:colcon.colcon_core.event_handler.log_command:Invoked command in '/home/ngan/Documents/test_github/lesson6_ws/build/Darknet' returned '0': DEBUGINFOD_URLS=https://debuginfod.ubuntu.com /usr/bin/cmake --build /home/ngan/Documents/test_github/lesson6_ws/build/Darknet -- -j4 -l4
[1.783s] DEBUG:colcon.colcon_core.event_handler.log_command:Invoking command in '/home/ngan/Documents/test_github/lesson6_ws/build/Darknet': DEBUGINFOD_URLS=https://debuginfod.ubuntu.com /usr/bin/cmake --install /home/ngan/Documents/test_github/lesson6_ws/build/Darknet
[1.839s] Level 1:colcon.colcon_core.environment:create_environment_scripts_only(Darknet)
[1.849s] DEBUG:colcon.colcon_core.event_handler.log_command:Invoked command in '/home/ngan/Documents/test_github/lesson6_ws/build/Darknet' returned '0': DEBUGINFOD_URLS=https://debuginfod.ubuntu.com /usr/bin/cmake --install /home/ngan/Documents/test_github/lesson6_ws/build/Darknet
[1.856s] Level 1:colcon.colcon_core.environment:checking '/home/ngan/Documents/test_github/lesson6_ws/install/Darknet' for CMake module files
[1.857s] Level 1:colcon.colcon_core.environment:checking '/home/ngan/Documents/test_github/lesson6_ws/install/Darknet' for CMake config files
[1.858s] Level 1:colcon.colcon_core.shell:create_environment_hook('Darknet', 'cmake_prefix_path')
[1.858s] INFO:colcon.colcon_core.shell:Creating environment descriptor '/home/ngan/Documents/test_github/lesson6_ws/install/Darknet/share/Darknet/hook/cmake_prefix_path.dsv'
[1.862s] INFO:colcon.colcon_core.shell:Creating environment hook '/home/ngan/Documents/test_github/lesson6_ws/install/Darknet/share/Darknet/hook/cmake_prefix_path.sh'
[1.867s] Level 1:colcon.colcon_core.environment:checking '/home/ngan/Documents/test_github/lesson6_ws/install/Darknet/bin'
[1.867s] Level 1:colcon.colcon_core.environment:checking '/home/ngan/Documents/test_github/lesson6_ws/install/Darknet/lib/pkgconfig/Darknet.pc'
[1.875s] Level 1:colcon.colcon_core.environment:checking '/home/ngan/Documents/test_github/lesson6_ws/install/Darknet/lib/python3.12/site-packages'
[1.876s] Level 1:colcon.colcon_core.environment:checking '/home/ngan/Documents/test_github/lesson6_ws/install/Darknet/bin'
[1.876s] INFO:colcon.colcon_core.shell:Creating package descriptor '/home/ngan/Documents/test_github/lesson6_ws/install/Darknet/share/Darknet/package.dsv'
[1.878s] INFO:colcon.colcon_core.shell:Creating package script '/home/ngan/Documents/test_github/lesson6_ws/install/Darknet/share/Darknet/package.sh'
[1.879s] INFO:colcon.colcon_core.shell:Creating package script '/home/ngan/Documents/test_github/lesson6_ws/install/Darknet/share/Darknet/package.bash'
[1.881s] INFO:colcon.colcon_core.shell:Creating package script '/home/ngan/Documents/test_github/lesson6_ws/install/Darknet/share/Darknet/package.zsh'
[1.882s] Level 1:colcon.colcon_core.environment:create_file_with_runtime_dependencies(/home/ngan/Documents/test_github/lesson6_ws/install/Darknet/share/colcon-core/packages/Darknet)
[1.886s] INFO:colcon.colcon_ros.task.ament_cmake.build:Building ROS package in '/home/ngan/Documents/test_github/lesson6_ws/src/rmitbot_bringup' with build type 'ament_cmake'
[1.886s] INFO:colcon.colcon_cmake.task.cmake.build:Building CMake package in '/home/ngan/Documents/test_github/lesson6_ws/src/rmitbot_bringup'
[1.886s] DEBUG:colcon.colcon_core.shell:Skip shell extension 'dsv' for command environment
[1.949s] DEBUG:colcon.colcon_core.event_handler.log_command:Invoking command in '/home/ngan/Documents/test_github/lesson6_ws/build/rmitbot_bringup': CMAKE_PREFIX_PATH=${CMAKE_PREFIX_PATH}:/home/ngan/Documents/test_github/lesson6_ws/install/stop_sign_control:/home/ngan/Documents/test_github/lesson6_ws/install/opencv_tests:/opt/ros/jazzy DEBUGINFOD_URLS=https://debuginfod.ubuntu.com /usr/bin/cmake --build /home/ngan/Documents/test_github/lesson6_ws/build/rmitbot_bringup -- -j4 -l4
[2.378s] DEBUG:colcon.colcon_core.event_handler.log_command:Invoked command in '/home/ngan/Documents/test_github/lesson6_ws/build/rmitbot_bringup' returned '0': CMAKE_PREFIX_PATH=${CMAKE_PREFIX_PATH}:/home/ngan/Documents/test_github/lesson6_ws/install/stop_sign_control:/home/ngan/Documents/test_github/lesson6_ws/install/opencv_tests:/opt/ros/jazzy DEBUGINFOD_URLS=https://debuginfod.ubuntu.com /usr/bin/cmake --build /home/ngan/Documents/test_github/lesson6_ws/build/rmitbot_bringup -- -j4 -l4
[2.379s] DEBUG:colcon.colcon_core.event_handler.log_command:Invoking command in '/home/ngan/Documents/test_github/lesson6_ws/build/rmitbot_bringup': CMAKE_PREFIX_PATH=${CMAKE_PREFIX_PATH}:/home/ngan/Documents/test_github/lesson6_ws/install/stop_sign_control:/home/ngan/Documents/test_github/lesson6_ws/install/opencv_tests:/opt/ros/jazzy DEBUGINFOD_URLS=https://debuginfod.ubuntu.com /usr/bin/cmake --install /home/ngan/Documents/test_github/lesson6_ws/build/rmitbot_bringup
[2.457s] Level 1:colcon.colcon_core.environment:create_environment_scripts_only(rmitbot_bringup)
[2.457s] Level 1:colcon.colcon_core.environment:checking '/home/ngan/Documents/test_github/lesson6_ws/install/rmitbot_bringup' for CMake module files
[2.462s] Level 1:colcon.colcon_core.environment:checking '/home/ngan/Documents/test_github/lesson6_ws/install/rmitbot_bringup' for CMake config files
[2.462s] Level 1:colcon.colcon_core.shell:create_environment_hook('rmitbot_bringup', 'cmake_prefix_path')
[2.463s] INFO:colcon.colcon_core.shell:Creating environment descriptor '/home/ngan/Documents/test_github/lesson6_ws/install/rmitbot_bringup/share/rmitbot_bringup/hook/cmake_prefix_path.dsv'
[2.464s] INFO:colcon.colcon_core.shell:Creating environment hook '/home/ngan/Documents/test_github/lesson6_ws/install/rmitbot_bringup/share/rmitbot_bringup/hook/cmake_prefix_path.sh'
[2.471s] DEBUG:colcon.colcon_core.event_handler.log_command:Invoked command in '/home/ngan/Documents/test_github/lesson6_ws/build/rmitbot_bringup' returned '0': CMAKE_PREFIX_PATH=${CMAKE_PREFIX_PATH}:/home/ngan/Documents/test_github/lesson6_ws/install/stop_sign_control:/home/ngan/Documents/test_github/lesson6_ws/install/opencv_tests:/opt/ros/jazzy DEBUGINFOD_URLS=https://debuginfod.ubuntu.com /usr/bin/cmake --install /home/ngan/Documents/test_github/lesson6_ws/build/rmitbot_bringup
[2.472s] Level 1:colcon.colcon_core.environment:checking '/home/ngan/Documents/test_github/lesson6_ws/install/rmitbot_bringup/bin'
[2.472s] Level 1:colcon.colcon_core.environment:checking '/home/ngan/Documents/test_github/lesson6_ws/install/rmitbot_bringup/lib/pkgconfig/rmitbot_bringup.pc'
[2.472s] Level 1:colcon.colcon_core.environment:checking '/home/ngan/Documents/test_github/lesson6_ws/install/rmitbot_bringup/lib/python3.12/site-packages'
[2.475s] Level 1:colcon.colcon_core.environment:checking '/home/ngan/Documents/test_github/lesson6_ws/install/rmitbot_bringup/bin'
[2.475s] INFO:colcon.colcon_core.shell:Creating package descriptor '/home/ngan/Documents/test_github/lesson6_ws/install/rmitbot_bringup/share/rmitbot_bringup/package.dsv'
[2.476s] INFO:colcon.colcon_core.shell:Creating package script '/home/ngan/Documents/test_github/lesson6_ws/install/rmitbot_bringup/share/rmitbot_bringup/package.sh'
[2.477s] INFO:colcon.colcon_core.shell:Creating package script '/home/ngan/Documents/test_github/lesson6_ws/install/rmitbot_bringup/share/rmitbot_bringup/package.bash'
[2.482s] INFO:colcon.colcon_core.shell:Creating package script '/home/ngan/Documents/test_github/lesson6_ws/install/rmitbot_bringup/share/rmitbot_bringup/package.zsh'
[2.483s] Level 1:colcon.colcon_core.environment:create_file_with_runtime_dependencies(/home/ngan/Documents/test_github/lesson6_ws/install/rmitbot_bringup/share/colcon-core/packages/rmitbot_bringup)
[2.500s] Level 1:colcon.colcon_core.environment:create_environment_scripts_only(rmitbot_bringup)
[2.500s] Level 1:colcon.colcon_core.environment:checking '/home/ngan/Documents/test_github/lesson6_ws/install/rmitbot_bringup' for CMake module files
[2.504s] Level 1:colcon.colcon_core.environment:checking '/home/ngan/Documents/test_github/lesson6_ws/install/rmitbot_bringup' for CMake config files
[2.505s] Level 1:colcon.colcon_core.shell:create_environment_hook('rmitbot_bringup', 'cmake_prefix_path')
[2.505s] INFO:colcon.colcon_core.shell:Creating environment descriptor '/home/ngan/Documents/test_github/lesson6_ws/install/rmitbot_bringup/share/rmitbot_bringup/hook/cmake_prefix_path.dsv'
[2.506s] INFO:colcon.colcon_core.shell:Creating environment hook '/home/ngan/Documents/test_github/lesson6_ws/install/rmitbot_bringup/share/rmitbot_bringup/hook/cmake_prefix_path.sh'
[2.510s] Level 1:colcon.colcon_core.environment:checking '/home/ngan/Documents/test_github/lesson6_ws/install/rmitbot_bringup/bin'
[2.510s] Level 1:colcon.colcon_core.environment:checking '/home/ngan/Documents/test_github/lesson6_ws/install/rmitbot_bringup/lib/pkgconfig/rmitbot_bringup.pc'
[2.510s] Level 1:colcon.colcon_core.environment:checking '/home/ngan/Documents/test_github/lesson6_ws/install/rmitbot_bringup/lib/python3.12/site-packages'
[2.511s] Level 1:colcon.colcon_core.environment:checking '/home/ngan/Documents/test_github/lesson6_ws/install/rmitbot_bringup/bin'
[2.511s] INFO:colcon.colcon_core.shell:Creating package descriptor '/home/ngan/Documents/test_github/lesson6_ws/install/rmitbot_bringup/share/rmitbot_bringup/package.dsv'
[2.512s] INFO:colcon.colcon_core.shell:Creating package script '/home/ngan/Documents/test_github/lesson6_ws/install/rmitbot_bringup/share/rmitbot_bringup/package.sh'
[2.516s] INFO:colcon.colcon_core.shell:Creating package script '/home/ngan/Documents/test_github/lesson6_ws/install/rmitbot_bringup/share/rmitbot_bringup/package.bash'
[2.517s] INFO:colcon.colcon_core.shell:Creating package script '/home/ngan/Documents/test_github/lesson6_ws/install/rmitbot_bringup/share/rmitbot_bringup/package.zsh'
[2.517s] Level 1:colcon.colcon_core.environment:create_file_with_runtime_dependencies(/home/ngan/Documents/test_github/lesson6_ws/install/rmitbot_bringup/share/colcon-core/packages/rmitbot_bringup)
[2.519s] INFO:colcon.colcon_ros.task.ament_cmake.build:Building ROS package in '/home/ngan/Documents/test_github/lesson6_ws/src/rmitbot_controller' with build type 'ament_cmake'
[2.525s] INFO:colcon.colcon_cmake.task.cmake.build:Building CMake package in '/home/ngan/Documents/test_github/lesson6_ws/src/rmitbot_controller'
[2.525s] DEBUG:colcon.colcon_core.shell:Skip shell extension 'dsv' for command environment
[2.609s] DEBUG:colcon.colcon_core.event_handler.log_command:Invoking command in '/home/ngan/Documents/test_github/lesson6_ws/build/rmitbot_controller': CMAKE_PREFIX_PATH=${CMAKE_PREFIX_PATH}:/home/ngan/Documents/test_github/lesson6_ws/install/stop_sign_control:/home/ngan/Documents/test_github/lesson6_ws/install/opencv_tests:/opt/ros/jazzy DEBUGINFOD_URLS=https://debuginfod.ubuntu.com /usr/bin/cmake --build /home/ngan/Documents/test_github/lesson6_ws/build/rmitbot_controller -- -j4 -l4
[2.784s] DEBUG:colcon.colcon_core.event_handler.log_command:Invoked command in '/home/ngan/Documents/test_github/lesson6_ws/build/rmitbot_controller' returned '0': CMAKE_PREFIX_PATH=${CMAKE_PREFIX_PATH}:/home/ngan/Documents/test_github/lesson6_ws/install/stop_sign_control:/home/ngan/Documents/test_github/lesson6_ws/install/opencv_tests:/opt/ros/jazzy DEBUGINFOD_URLS=https://debuginfod.ubuntu.com /usr/bin/cmake --build /home/ngan/Documents/test_github/lesson6_ws/build/rmitbot_controller -- -j4 -l4
[2.788s] DEBUG:colcon.colcon_core.event_handler.log_command:Invoking command in '/home/ngan/Documents/test_github/lesson6_ws/build/rmitbot_controller': CMAKE_PREFIX_PATH=${CMAKE_PREFIX_PATH}:/home/ngan/Documents/test_github/lesson6_ws/install/stop_sign_control:/home/ngan/Documents/test_github/lesson6_ws/install/opencv_tests:/opt/ros/jazzy DEBUGINFOD_URLS=https://debuginfod.ubuntu.com /usr/bin/cmake --install /home/ngan/Documents/test_github/lesson6_ws/build/rmitbot_controller
[2.841s] Level 1:colcon.colcon_core.environment:create_environment_scripts_only(rmitbot_controller)
[2.842s] Level 1:colcon.colcon_core.environment:checking '/home/ngan/Documents/test_github/lesson6_ws/install/rmitbot_controller' for CMake module files
[2.843s] Level 1:colcon.colcon_core.environment:checking '/home/ngan/Documents/test_github/lesson6_ws/install/rmitbot_controller' for CMake config files
[2.845s] DEBUG:colcon.colcon_core.event_handler.log_command:Invoked command in '/home/ngan/Documents/test_github/lesson6_ws/build/rmitbot_controller' returned '0': CMAKE_PREFIX_PATH=${CMAKE_PREFIX_PATH}:/home/ngan/Documents/test_github/lesson6_ws/install/stop_sign_control:/home/ngan/Documents/test_github/lesson6_ws/install/opencv_tests:/opt/ros/jazzy DEBUGINFOD_URLS=https://debuginfod.ubuntu.com /usr/bin/cmake --install /home/ngan/Documents/test_github/lesson6_ws/build/rmitbot_controller
[2.849s] Level 1:colcon.colcon_core.shell:create_environment_hook('rmitbot_controller', 'cmake_prefix_path')
[2.849s] INFO:colcon.colcon_core.shell:Creating environment descriptor '/home/ngan/Documents/test_github/lesson6_ws/install/rmitbot_controller/share/rmitbot_controller/hook/cmake_prefix_path.dsv'
[2.850s] INFO:colcon.colcon_core.shell:Creating environment hook '/home/ngan/Documents/test_github/lesson6_ws/install/rmitbot_controller/share/rmitbot_controller/hook/cmake_prefix_path.sh'
[2.855s] Level 1:colcon.colcon_core.environment:checking '/home/ngan/Documents/test_github/lesson6_ws/install/rmitbot_controller/bin'
[2.855s] Level 1:colcon.colcon_core.environment:checking '/home/ngan/Documents/test_github/lesson6_ws/install/rmitbot_controller/lib/pkgconfig/rmitbot_controller.pc'
[2.855s] Level 1:colcon.colcon_core.environment:checking '/home/ngan/Documents/test_github/lesson6_ws/install/rmitbot_controller/lib/python3.12/site-packages'
[2.855s] Level 1:colcon.colcon_core.environment:checking '/home/ngan/Documents/test_github/lesson6_ws/install/rmitbot_controller/bin'
[2.859s] INFO:colcon.colcon_core.shell:Creating package descriptor '/home/ngan/Documents/test_github/lesson6_ws/install/rmitbot_controller/share/rmitbot_controller/package.dsv'
[2.860s] INFO:colcon.colcon_core.shell:Creating package script '/home/ngan/Documents/test_github/lesson6_ws/install/rmitbot_controller/share/rmitbot_controller/package.sh'
[2.860s] INFO:colcon.colcon_core.shell:Creating package script '/home/ngan/Documents/test_github/lesson6_ws/install/rmitbot_controller/share/rmitbot_controller/package.bash'
[2.861s] INFO:colcon.colcon_core.shell:Creating package script '/home/ngan/Documents/test_github/lesson6_ws/install/rmitbot_controller/share/rmitbot_controller/package.zsh'
[2.861s] Level 1:colcon.colcon_core.environment:create_file_with_runtime_dependencies(/home/ngan/Documents/test_github/lesson6_ws/install/rmitbot_controller/share/colcon-core/packages/rmitbot_controller)
[2.862s] Level 1:colcon.colcon_core.environment:create_environment_scripts_only(rmitbot_controller)
[2.863s] Level 1:colcon.colcon_core.environment:checking '/home/ngan/Documents/test_github/lesson6_ws/install/rmitbot_controller' for CMake module files
[2.863s] Level 1:colcon.colcon_core.environment:checking '/home/ngan/Documents/test_github/lesson6_ws/install/rmitbot_controller' for CMake config files
[2.863s] Level 1:colcon.colcon_core.shell:create_environment_hook('rmitbot_controller', 'cmake_prefix_path')
[2.867s] INFO:colcon.colcon_core.shell:Creating environment descriptor '/home/ngan/Documents/test_github/lesson6_ws/install/rmitbot_controller/share/rmitbot_controller/hook/cmake_prefix_path.dsv'
[2.867s] INFO:colcon.colcon_core.shell:Creating environment hook '/home/ngan/Documents/test_github/lesson6_ws/install/rmitbot_controller/share/rmitbot_controller/hook/cmake_prefix_path.sh'
[2.869s] Level 1:colcon.colcon_core.environment:checking '/home/ngan/Documents/test_github/lesson6_ws/install/rmitbot_controller/bin'
[2.869s] Level 1:colcon.colcon_core.environment:checking '/home/ngan/Documents/test_github/lesson6_ws/install/rmitbot_controller/lib/pkgconfig/rmitbot_controller.pc'
[2.869s] Level 1:colcon.colcon_core.environment:checking '/home/ngan/Documents/test_github/lesson6_ws/install/rmitbot_controller/lib/python3.12/site-packages'
[2.869s] Level 1:colcon.colcon_core.environment:checking '/home/ngan/Documents/test_github/lesson6_ws/install/rmitbot_controller/bin'
[2.873s] INFO:colcon.colcon_core.shell:Creating package descriptor '/home/ngan/Documents/test_github/lesson6_ws/install/rmitbot_controller/share/rmitbot_controller/package.dsv'
[2.874s] INFO:colcon.colcon_core.shell:Creating package script '/home/ngan/Documents/test_github/lesson6_ws/install/rmitbot_controller/share/rmitbot_controller/package.sh'
[2.875s] INFO:colcon.colcon_core.shell:Creating package script '/home/ngan/Documents/test_github/lesson6_ws/install/rmitbot_controller/share/rmitbot_controller/package.bash'
[2.875s] INFO:colcon.colcon_core.shell:Creating package script '/home/ngan/Documents/test_github/lesson6_ws/install/rmitbot_controller/share/rmitbot_controller/package.zsh'
[2.879s] Level 1:colcon.colcon_core.environment:create_file_with_runtime_dependencies(/home/ngan/Documents/test_github/lesson6_ws/install/rmitbot_controller/share/colcon-core/packages/rmitbot_controller)
[2.888s] INFO:colcon.colcon_ros.task.ament_cmake.build:Building ROS package in '/home/ngan/Documents/test_github/lesson6_ws/src/rmitbot_description' with build type 'ament_cmake'
[2.888s] INFO:colcon.colcon_cmake.task.cmake.build:Building CMake package in '/home/ngan/Documents/test_github/lesson6_ws/src/rmitbot_description'
[2.888s] DEBUG:colcon.colcon_core.shell:Skip shell extension 'dsv' for command environment
[2.930s] DEBUG:colcon.colcon_core.event_handler.log_command:Invoking command in '/home/ngan/Documents/test_github/lesson6_ws/build/rmitbot_description': CMAKE_PREFIX_PATH=${CMAKE_PREFIX_PATH}:/home/ngan/Documents/test_github/lesson6_ws/install/stop_sign_control:/home/ngan/Documents/test_github/lesson6_ws/install/opencv_tests:/opt/ros/jazzy DEBUGINFOD_URLS=https://debuginfod.ubuntu.com /usr/bin/cmake --build /home/ngan/Documents/test_github/lesson6_ws/build/rmitbot_description -- -j4 -l4
[3.269s] DEBUG:colcon.colcon_core.event_handler.log_command:Invoked command in '/home/ngan/Documents/test_github/lesson6_ws/build/rmitbot_description' returned '0': CMAKE_PREFIX_PATH=${CMAKE_PREFIX_PATH}:/home/ngan/Documents/test_github/lesson6_ws/install/stop_sign_control:/home/ngan/Documents/test_github/lesson6_ws/install/opencv_tests:/opt/ros/jazzy DEBUGINFOD_URLS=https://debuginfod.ubuntu.com /usr/bin/cmake --build /home/ngan/Documents/test_github/lesson6_ws/build/rmitbot_description -- -j4 -l4
[3.270s] DEBUG:colcon.colcon_core.event_handler.log_command:Invoking command in '/home/ngan/Documents/test_github/lesson6_ws/build/rmitbot_description': CMAKE_PREFIX_PATH=${CMAKE_PREFIX_PATH}:/home/ngan/Documents/test_github/lesson6_ws/install/stop_sign_control:/home/ngan/Documents/test_github/lesson6_ws/install/opencv_tests:/opt/ros/jazzy DEBUGINFOD_URLS=https://debuginfod.ubuntu.com /usr/bin/cmake --install /home/ngan/Documents/test_github/lesson6_ws/build/rmitbot_description
[3.311s] Level 1:colcon.colcon_core.environment:create_environment_scripts_only(rmitbot_description)
[3.311s] Level 1:colcon.colcon_core.environment:checking '/home/ngan/Documents/test_github/lesson6_ws/install/rmitbot_description' for CMake module files
[3.312s] Level 1:colcon.colcon_core.environment:checking '/home/ngan/Documents/test_github/lesson6_ws/install/rmitbot_description' for CMake config files
[3.312s] Level 1:colcon.colcon_core.shell:create_environment_hook('rmitbot_description', 'cmake_prefix_path')
[3.312s] INFO:colcon.colcon_core.shell:Creating environment descriptor '/home/ngan/Documents/test_github/lesson6_ws/install/rmitbot_description/share/rmitbot_description/hook/cmake_prefix_path.dsv'
[3.320s] DEBUG:colcon.colcon_core.event_handler.log_command:Invoked command in '/home/ngan/Documents/test_github/lesson6_ws/build/rmitbot_description' returned '0': CMAKE_PREFIX_PATH=${CMAKE_PREFIX_PATH}:/home/ngan/Documents/test_github/lesson6_ws/install/stop_sign_control:/home/ngan/Documents/test_github/lesson6_ws/install/opencv_tests:/opt/ros/jazzy DEBUGINFOD_URLS=https://debuginfod.ubuntu.com /usr/bin/cmake --install /home/ngan/Documents/test_github/lesson6_ws/build/rmitbot_description
[3.322s] INFO:colcon.colcon_core.shell:Creating environment hook '/home/ngan/Documents/test_github/lesson6_ws/install/rmitbot_description/share/rmitbot_description/hook/cmake_prefix_path.sh'
[3.331s] Level 1:colcon.colcon_core.environment:checking '/home/ngan/Documents/test_github/lesson6_ws/install/rmitbot_description/bin'
[3.331s] Level 1:colcon.colcon_core.environment:checking '/home/ngan/Documents/test_github/lesson6_ws/install/rmitbot_description/lib/pkgconfig/rmitbot_description.pc'
[3.331s] Level 1:colcon.colcon_core.environment:checking '/home/ngan/Documents/test_github/lesson6_ws/install/rmitbot_description/lib/python3.12/site-packages'
[3.331s] Level 1:colcon.colcon_core.environment:checking '/home/ngan/Documents/test_github/lesson6_ws/install/rmitbot_description/bin'
[3.332s] INFO:colcon.colcon_core.shell:Creating package descriptor '/home/ngan/Documents/test_github/lesson6_ws/install/rmitbot_description/share/rmitbot_description/package.dsv'
[3.332s] INFO:colcon.colcon_core.shell:Creating package script '/home/ngan/Documents/test_github/lesson6_ws/install/rmitbot_description/share/rmitbot_description/package.sh'
[3.336s] INFO:colcon.colcon_core.shell:Creating package script '/home/ngan/Documents/test_github/lesson6_ws/install/rmitbot_description/share/rmitbot_description/package.bash'
[3.337s] INFO:colcon.colcon_core.shell:Creating package script '/home/ngan/Documents/test_github/lesson6_ws/install/rmitbot_description/share/rmitbot_description/package.zsh'
[3.338s] Level 1:colcon.colcon_core.environment:create_file_with_runtime_dependencies(/home/ngan/Documents/test_github/lesson6_ws/install/rmitbot_description/share/colcon-core/packages/rmitbot_description)
[3.339s] Level 1:colcon.colcon_core.environment:create_environment_scripts_only(rmitbot_description)
[3.339s] Level 1:colcon.colcon_core.environment:checking '/home/ngan/Documents/test_github/lesson6_ws/install/rmitbot_description' for CMake module files
[3.340s] Level 1:colcon.colcon_core.environment:checking '/home/ngan/Documents/test_github/lesson6_ws/install/rmitbot_description' for CMake config files
[3.340s] Level 1:colcon.colcon_core.shell:create_environment_hook('rmitbot_description', 'cmake_prefix_path')
[3.340s] INFO:colcon.colcon_core.shell:Creating environment descriptor '/home/ngan/Documents/test_github/lesson6_ws/install/rmitbot_description/share/rmitbot_description/hook/cmake_prefix_path.dsv'
[3.350s] INFO:colcon.colcon_core.shell:Creating environment hook '/home/ngan/Documents/test_github/lesson6_ws/install/rmitbot_description/share/rmitbot_description/hook/cmake_prefix_path.sh'
[3.352s] Level 1:colcon.colcon_core.environment:checking '/home/ngan/Documents/test_github/lesson6_ws/install/rmitbot_description/bin'
[3.352s] Level 1:colcon.colcon_core.environment:checking '/home/ngan/Documents/test_github/lesson6_ws/install/rmitbot_description/lib/pkgconfig/rmitbot_description.pc'
[3.353s] Level 1:colcon.colcon_core.environment:checking '/home/ngan/Documents/test_github/lesson6_ws/install/rmitbot_description/lib/python3.12/site-packages'
[3.353s] Level 1:colcon.colcon_core.environment:checking '/home/ngan/Documents/test_github/lesson6_ws/install/rmitbot_description/bin'
[3.353s] INFO:colcon.colcon_core.shell:Creating package descriptor '/home/ngan/Documents/test_github/lesson6_ws/install/rmitbot_description/share/rmitbot_description/package.dsv'
[3.360s] INFO:colcon.colcon_core.shell:Creating package script '/home/ngan/Documents/test_github/lesson6_ws/install/rmitbot_description/share/rmitbot_description/package.sh'
[3.361s] INFO:colcon.colcon_core.shell:Creating package script '/home/ngan/Documents/test_github/lesson6_ws/install/rmitbot_description/share/rmitbot_description/package.bash'
[3.364s] INFO:colcon.colcon_core.shell:Creating package script '/home/ngan/Documents/test_github/lesson6_ws/install/rmitbot_description/share/rmitbot_description/package.zsh'
[3.365s] Level 1:colcon.colcon_core.environment:create_file_with_runtime_dependencies(/home/ngan/Documents/test_github/lesson6_ws/install/rmitbot_description/share/colcon-core/packages/rmitbot_description)
[3.368s] INFO:colcon.colcon_ros.task.ament_cmake.build:Building ROS package in '/home/ngan/Documents/test_github/lesson6_ws/src/rmitbot_firmware' with build type 'ament_cmake'
[3.368s] INFO:colcon.colcon_cmake.task.cmake.build:Building CMake package in '/home/ngan/Documents/test_github/lesson6_ws/src/rmitbot_firmware'
[3.368s] DEBUG:colcon.colcon_core.shell:Skip shell extension 'dsv' for command environment
[3.406s] DEBUG:colcon.colcon_core.event_handler.log_command:Invoking command in '/home/ngan/Documents/test_github/lesson6_ws/build/rmitbot_firmware': CMAKE_PREFIX_PATH=${CMAKE_PREFIX_PATH}:/home/ngan/Documents/test_github/lesson6_ws/install/stop_sign_control:/home/ngan/Documents/test_github/lesson6_ws/install/opencv_tests:/opt/ros/jazzy DEBUGINFOD_URLS=https://debuginfod.ubuntu.com /usr/bin/cmake --build /home/ngan/Documents/test_github/lesson6_ws/build/rmitbot_firmware -- -j4 -l4
[3.727s] DEBUG:colcon.colcon_core.event_handler.log_command:Invoked command in '/home/ngan/Documents/test_github/lesson6_ws/build/rmitbot_firmware' returned '0': CMAKE_PREFIX_PATH=${CMAKE_PREFIX_PATH}:/home/ngan/Documents/test_github/lesson6_ws/install/stop_sign_control:/home/ngan/Documents/test_github/lesson6_ws/install/opencv_tests:/opt/ros/jazzy DEBUGINFOD_URLS=https://debuginfod.ubuntu.com /usr/bin/cmake --build /home/ngan/Documents/test_github/lesson6_ws/build/rmitbot_firmware -- -j4 -l4
[3.734s] DEBUG:colcon.colcon_core.event_handler.log_command:Invoking command in '/home/ngan/Documents/test_github/lesson6_ws/build/rmitbot_firmware': CMAKE_PREFIX_PATH=${CMAKE_PREFIX_PATH}:/home/ngan/Documents/test_github/lesson6_ws/install/stop_sign_control:/home/ngan/Documents/test_github/lesson6_ws/install/opencv_tests:/opt/ros/jazzy DEBUGINFOD_URLS=https://debuginfod.ubuntu.com /usr/bin/cmake --install /home/ngan/Documents/test_github/lesson6_ws/build/rmitbot_firmware
[3.772s] Level 1:colcon.colcon_core.environment:create_environment_scripts_only(rmitbot_firmware)
[3.772s] Level 1:colcon.colcon_core.environment:checking '/home/ngan/Documents/test_github/lesson6_ws/install/rmitbot_firmware' for CMake module files
[3.773s] Level 1:colcon.colcon_core.environment:checking '/home/ngan/Documents/test_github/lesson6_ws/install/rmitbot_firmware' for CMake config files
[3.774s] DEBUG:colcon.colcon_core.event_handler.log_command:Invoked command in '/home/ngan/Documents/test_github/lesson6_ws/build/rmitbot_firmware' returned '0': CMAKE_PREFIX_PATH=${CMAKE_PREFIX_PATH}:/home/ngan/Documents/test_github/lesson6_ws/install/stop_sign_control:/home/ngan/Documents/test_github/lesson6_ws/install/opencv_tests:/opt/ros/jazzy DEBUGINFOD_URLS=https://debuginfod.ubuntu.com /usr/bin/cmake --install /home/ngan/Documents/test_github/lesson6_ws/build/rmitbot_firmware
[3.776s] Level 1:colcon.colcon_core.shell:create_environment_hook('rmitbot_firmware', 'cmake_prefix_path')
[3.776s] INFO:colcon.colcon_core.shell:Creating environment descriptor '/home/ngan/Documents/test_github/lesson6_ws/install/rmitbot_firmware/share/rmitbot_firmware/hook/cmake_prefix_path.dsv'
[3.778s] INFO:colcon.colcon_core.shell:Creating environment hook '/home/ngan/Documents/test_github/lesson6_ws/install/rmitbot_firmware/share/rmitbot_firmware/hook/cmake_prefix_path.sh'
[3.782s] Level 1:colcon.colcon_core.environment:checking '/home/ngan/Documents/test_github/lesson6_ws/install/rmitbot_firmware/lib'
[3.784s] Level 1:colcon.colcon_core.shell:create_environment_hook('rmitbot_firmware', 'ld_library_path_lib')
[3.785s] INFO:colcon.colcon_core.shell:Creating environment descriptor '/home/ngan/Documents/test_github/lesson6_ws/install/rmitbot_firmware/share/rmitbot_firmware/hook/ld_library_path_lib.dsv'
[3.787s] INFO:colcon.colcon_core.shell:Creating environment hook '/home/ngan/Documents/test_github/lesson6_ws/install/rmitbot_firmware/share/rmitbot_firmware/hook/ld_library_path_lib.sh'
[3.788s] Level 1:colcon.colcon_core.environment:checking '/home/ngan/Documents/test_github/lesson6_ws/install/rmitbot_firmware/bin'
[3.789s] Level 1:colcon.colcon_core.environment:checking '/home/ngan/Documents/test_github/lesson6_ws/install/rmitbot_firmware/lib/pkgconfig/rmitbot_firmware.pc'
[3.789s] Level 1:colcon.colcon_core.environment:checking '/home/ngan/Documents/test_github/lesson6_ws/install/rmitbot_firmware/lib/python3.12/site-packages'
[3.789s] Level 1:colcon.colcon_core.environment:checking '/home/ngan/Documents/test_github/lesson6_ws/install/rmitbot_firmware/bin'
[3.789s] INFO:colcon.colcon_core.shell:Creating package descriptor '/home/ngan/Documents/test_github/lesson6_ws/install/rmitbot_firmware/share/rmitbot_firmware/package.dsv'
[3.790s] INFO:colcon.colcon_core.shell:Creating package script '/home/ngan/Documents/test_github/lesson6_ws/install/rmitbot_firmware/share/rmitbot_firmware/package.sh'
[3.794s] INFO:colcon.colcon_core.shell:Creating package script '/home/ngan/Documents/test_github/lesson6_ws/install/rmitbot_firmware/share/rmitbot_firmware/package.bash'
[3.794s] INFO:colcon.colcon_core.shell:Creating package script '/home/ngan/Documents/test_github/lesson6_ws/install/rmitbot_firmware/share/rmitbot_firmware/package.zsh'
[3.798s] Level 1:colcon.colcon_core.environment:create_file_with_runtime_dependencies(/home/ngan/Documents/test_github/lesson6_ws/install/rmitbot_firmware/share/colcon-core/packages/rmitbot_firmware)
[3.799s] Level 1:colcon.colcon_core.environment:create_environment_scripts_only(rmitbot_firmware)
[3.799s] Level 1:colcon.colcon_core.environment:checking '/home/ngan/Documents/test_github/lesson6_ws/install/rmitbot_firmware' for CMake module files
[3.800s] Level 1:colcon.colcon_core.environment:checking '/home/ngan/Documents/test_github/lesson6_ws/install/rmitbot_firmware' for CMake config files
[3.801s] Level 1:colcon.colcon_core.shell:create_environment_hook('rmitbot_firmware', 'cmake_prefix_path')
[3.804s] INFO:colcon.colcon_core.shell:Creating environment descriptor '/home/ngan/Documents/test_github/lesson6_ws/install/rmitbot_firmware/share/rmitbot_firmware/hook/cmake_prefix_path.dsv'
[3.804s] INFO:colcon.colcon_core.shell:Creating environment hook '/home/ngan/Documents/test_github/lesson6_ws/install/rmitbot_firmware/share/rmitbot_firmware/hook/cmake_prefix_path.sh'
[3.805s] Level 1:colcon.colcon_core.environment:checking '/home/ngan/Documents/test_github/lesson6_ws/install/rmitbot_firmware/lib'
[3.805s] Level 1:colcon.colcon_core.shell:create_environment_hook('rmitbot_firmware', 'ld_library_path_lib')
[3.806s] INFO:colcon.colcon_core.shell:Creating environment descriptor '/home/ngan/Documents/test_github/lesson6_ws/install/rmitbot_firmware/share/rmitbot_firmware/hook/ld_library_path_lib.dsv'
[3.806s] INFO:colcon.colcon_core.shell:Creating environment hook '/home/ngan/Documents/test_github/lesson6_ws/install/rmitbot_firmware/share/rmitbot_firmware/hook/ld_library_path_lib.sh'
[3.810s] Level 1:colcon.colcon_core.environment:checking '/home/ngan/Documents/test_github/lesson6_ws/install/rmitbot_firmware/bin'
[3.810s] Level 1:colcon.colcon_core.environment:checking '/home/ngan/Documents/test_github/lesson6_ws/install/rmitbot_firmware/lib/pkgconfig/rmitbot_firmware.pc'
[3.811s] Level 1:colcon.colcon_core.environment:checking '/home/ngan/Documents/test_github/lesson6_ws/install/rmitbot_firmware/lib/python3.12/site-packages'
[3.813s] Level 1:colcon.colcon_core.environment:checking '/home/ngan/Documents/test_github/lesson6_ws/install/rmitbot_firmware/bin'
[3.818s] INFO:colcon.colcon_core.shell:Creating package descriptor '/home/ngan/Documents/test_github/lesson6_ws/install/rmitbot_firmware/share/rmitbot_firmware/package.dsv'
[3.823s] INFO:colcon.colcon_core.shell:Creating package script '/home/ngan/Documents/test_github/lesson6_ws/install/rmitbot_firmware/share/rmitbot_firmware/package.sh'
[3.826s] INFO:colcon.colcon_core.shell:Creating package script '/home/ngan/Documents/test_github/lesson6_ws/install/rmitbot_firmware/share/rmitbot_firmware/package.bash'
[3.830s] INFO:colcon.colcon_core.shell:Creating package script '/home/ngan/Documents/test_github/lesson6_ws/install/rmitbot_firmware/share/rmitbot_firmware/package.zsh'
[3.830s] Level 1:colcon.colcon_core.environment:create_file_with_runtime_dependencies(/home/ngan/Documents/test_github/lesson6_ws/install/rmitbot_firmware/share/colcon-core/packages/rmitbot_firmware)
[3.838s] INFO:colcon.colcon_ros.task.ament_cmake.build:Building ROS package in '/home/ngan/Documents/test_github/lesson6_ws/src/rmitbot_localization' with build type 'ament_cmake'
[3.839s] INFO:colcon.colcon_cmake.task.cmake.build:Building CMake package in '/home/ngan/Documents/test_github/lesson6_ws/src/rmitbot_localization'
[3.839s] DEBUG:colcon.colcon_core.shell:Skip shell extension 'dsv' for command environment
[3.908s] DEBUG:colcon.colcon_core.event_handler.log_command:Invoking command in '/home/ngan/Documents/test_github/lesson6_ws/build/rmitbot_localization': CMAKE_PREFIX_PATH=${CMAKE_PREFIX_PATH}:/home/ngan/Documents/test_github/lesson6_ws/install/stop_sign_control:/home/ngan/Documents/test_github/lesson6_ws/install/opencv_tests:/opt/ros/jazzy DEBUGINFOD_URLS=https://debuginfod.ubuntu.com /usr/bin/cmake --build /home/ngan/Documents/test_github/lesson6_ws/build/rmitbot_localization -- -j4 -l4
[4.029s] DEBUG:colcon.colcon_core.event_handler.log_command:Invoked command in '/home/ngan/Documents/test_github/lesson6_ws/build/cv_bridge' returned '0': CMAKE_PREFIX_PATH=${CMAKE_PREFIX_PATH}:/home/ngan/Documents/test_github/lesson6_ws/install/stop_sign_control:/home/ngan/Documents/test_github/lesson6_ws/install/opencv_tests:/opt/ros/jazzy DEBUGINFOD_URLS=https://debuginfod.ubuntu.com /usr/bin/cmake --build /home/ngan/Documents/test_github/lesson6_ws/build/cv_bridge -- -j4 -l4
[4.031s] DEBUG:colcon.colcon_core.event_handler.log_command:Invoking command in '/home/ngan/Documents/test_github/lesson6_ws/build/cv_bridge': CMAKE_PREFIX_PATH=${CMAKE_PREFIX_PATH}:/home/ngan/Documents/test_github/lesson6_ws/install/stop_sign_control:/home/ngan/Documents/test_github/lesson6_ws/install/opencv_tests:/opt/ros/jazzy DEBUGINFOD_URLS=https://debuginfod.ubuntu.com /usr/bin/cmake --install /home/ngan/Documents/test_github/lesson6_ws/build/cv_bridge
[4.038s] DEBUG:colcon.colcon_core.event_handler.log_command:Invoked command in '/home/ngan/Documents/test_github/lesson6_ws/build/image_geometry' returned '0': CMAKE_PREFIX_PATH=${CMAKE_PREFIX_PATH}:/home/ngan/Documents/test_github/lesson6_ws/install/stop_sign_control:/home/ngan/Documents/test_github/lesson6_ws/install/opencv_tests:/opt/ros/jazzy DEBUGINFOD_URLS=https://debuginfod.ubuntu.com /usr/bin/cmake --build /home/ngan/Documents/test_github/lesson6_ws/build/image_geometry -- -j4 -l4
[4.039s] DEBUG:colcon.colcon_core.event_handler.log_command:Invoking command in '/home/ngan/Documents/test_github/lesson6_ws/build/image_geometry': CMAKE_PREFIX_PATH=${CMAKE_PREFIX_PATH}:/home/ngan/Documents/test_github/lesson6_ws/install/stop_sign_control:/home/ngan/Documents/test_github/lesson6_ws/install/opencv_tests:/opt/ros/jazzy DEBUGINFOD_URLS=https://debuginfod.ubuntu.com /usr/bin/cmake --install /home/ngan/Documents/test_github/lesson6_ws/build/image_geometry
[4.080s] DEBUG:colcon.colcon_core.event_handler.log_command:Invoked command in '/home/ngan/Documents/test_github/lesson6_ws/build/rmitbot_localization' returned '0': CMAKE_PREFIX_PATH=${CMAKE_PREFIX_PATH}:/home/ngan/Documents/test_github/lesson6_ws/install/stop_sign_control:/home/ngan/Documents/test_github/lesson6_ws/install/opencv_tests:/opt/ros/jazzy DEBUGINFOD_URLS=https://debuginfod.ubuntu.com /usr/bin/cmake --build /home/ngan/Documents/test_github/lesson6_ws/build/rmitbot_localization -- -j4 -l4
[4.084s] DEBUG:colcon.colcon_core.event_handler.log_command:Invoking command in '/home/ngan/Documents/test_github/lesson6_ws/build/rmitbot_localization': CMAKE_PREFIX_PATH=${CMAKE_PREFIX_PATH}:/home/ngan/Documents/test_github/lesson6_ws/install/stop_sign_control:/home/ngan/Documents/test_github/lesson6_ws/install/opencv_tests:/opt/ros/jazzy DEBUGINFOD_URLS=https://debuginfod.ubuntu.com /usr/bin/cmake --install /home/ngan/Documents/test_github/lesson6_ws/build/rmitbot_localization
[4.129s] Level 1:colcon.colcon_core.environment:create_environment_scripts_only(rmitbot_localization)
[4.129s] Level 1:colcon.colcon_core.environment:checking '/home/ngan/Documents/test_github/lesson6_ws/install/rmitbot_localization' for CMake module files
[4.130s] DEBUG:colcon.colcon_core.event_handler.log_command:Invoked command in '/home/ngan/Documents/test_github/lesson6_ws/build/rmitbot_localization' returned '0': CMAKE_PREFIX_PATH=${CMAKE_PREFIX_PATH}:/home/ngan/Documents/test_github/lesson6_ws/install/stop_sign_control:/home/ngan/Documents/test_github/lesson6_ws/install/opencv_tests:/opt/ros/jazzy DEBUGINFOD_URLS=https://debuginfod.ubuntu.com /usr/bin/cmake --install /home/ngan/Documents/test_github/lesson6_ws/build/rmitbot_localization
[4.131s] Level 1:colcon.colcon_core.environment:checking '/home/ngan/Documents/test_github/lesson6_ws/install/rmitbot_localization' for CMake config files
[4.132s] Level 1:colcon.colcon_core.shell:create_environment_hook('rmitbot_localization', 'cmake_prefix_path')
[4.132s] INFO:colcon.colcon_core.shell:Creating environment descriptor '/home/ngan/Documents/test_github/lesson6_ws/install/rmitbot_localization/share/rmitbot_localization/hook/cmake_prefix_path.dsv'
[4.133s] INFO:colcon.colcon_core.shell:Creating environment hook '/home/ngan/Documents/test_github/lesson6_ws/install/rmitbot_localization/share/rmitbot_localization/hook/cmake_prefix_path.sh'
[4.134s] Level 1:colcon.colcon_core.environment:checking '/home/ngan/Documents/test_github/lesson6_ws/install/rmitbot_localization/bin'
[4.134s] Level 1:colcon.colcon_core.environment:checking '/home/ngan/Documents/test_github/lesson6_ws/install/rmitbot_localization/lib/pkgconfig/rmitbot_localization.pc'
[4.134s] Level 1:colcon.colcon_core.environment:checking '/home/ngan/Documents/test_github/lesson6_ws/install/rmitbot_localization/lib/python3.12/site-packages'
[4.134s] Level 1:colcon.colcon_core.environment:checking '/home/ngan/Documents/test_github/lesson6_ws/install/rmitbot_localization/bin'
[4.135s] INFO:colcon.colcon_core.shell:Creating package descriptor '/home/ngan/Documents/test_github/lesson6_ws/install/rmitbot_localization/share/rmitbot_localization/package.dsv'
[4.135s] INFO:colcon.colcon_core.shell:Creating package script '/home/ngan/Documents/test_github/lesson6_ws/install/rmitbot_localization/share/rmitbot_localization/package.sh'
[4.136s] INFO:colcon.colcon_core.shell:Creating package script '/home/ngan/Documents/test_github/lesson6_ws/install/rmitbot_localization/share/rmitbot_localization/package.bash'
[4.136s] INFO:colcon.colcon_core.shell:Creating package script '/home/ngan/Documents/test_github/lesson6_ws/install/rmitbot_localization/share/rmitbot_localization/package.zsh'
[4.137s] Level 1:colcon.colcon_core.environment:create_file_with_runtime_dependencies(/home/ngan/Documents/test_github/lesson6_ws/install/rmitbot_localization/share/colcon-core/packages/rmitbot_localization)
[4.139s] Level 1:colcon.colcon_core.environment:create_environment_scripts_only(rmitbot_localization)
[4.139s] Level 1:colcon.colcon_core.environment:checking '/home/ngan/Documents/test_github/lesson6_ws/install/rmitbot_localization' for CMake module files
[4.141s] Level 1:colcon.colcon_core.environment:checking '/home/ngan/Documents/test_github/lesson6_ws/install/rmitbot_localization' for CMake config files
[4.142s] Level 1:colcon.colcon_core.shell:create_environment_hook('rmitbot_localization', 'cmake_prefix_path')
[4.143s] INFO:colcon.colcon_core.shell:Creating environment descriptor '/home/ngan/Documents/test_github/lesson6_ws/install/rmitbot_localization/share/rmitbot_localization/hook/cmake_prefix_path.dsv'
[4.144s] INFO:colcon.colcon_core.shell:Creating environment hook '/home/ngan/Documents/test_github/lesson6_ws/install/rmitbot_localization/share/rmitbot_localization/hook/cmake_prefix_path.sh'
[4.151s] Level 1:colcon.colcon_core.environment:checking '/home/ngan/Documents/test_github/lesson6_ws/install/rmitbot_localization/bin'
[4.152s] Level 1:colcon.colcon_core.environment:checking '/home/ngan/Documents/test_github/lesson6_ws/install/rmitbot_localization/lib/pkgconfig/rmitbot_localization.pc'
[4.156s] Level 1:colcon.colcon_core.environment:checking '/home/ngan/Documents/test_github/lesson6_ws/install/rmitbot_localization/lib/python3.12/site-packages'
[4.157s] Level 1:colcon.colcon_core.environment:checking '/home/ngan/Documents/test_github/lesson6_ws/install/rmitbot_localization/bin'
[4.157s] INFO:colcon.colcon_core.shell:Creating package descriptor '/home/ngan/Documents/test_github/lesson6_ws/install/rmitbot_localization/share/rmitbot_localization/package.dsv'
[4.158s] INFO:colcon.colcon_core.shell:Creating package script '/home/ngan/Documents/test_github/lesson6_ws/install/rmitbot_localization/share/rmitbot_localization/package.sh'
[4.165s] INFO:colcon.colcon_core.shell:Creating package script '/home/ngan/Documents/test_github/lesson6_ws/install/rmitbot_localization/share/rmitbot_localization/package.bash'
[4.167s] INFO:colcon.colcon_core.shell:Creating package script '/home/ngan/Documents/test_github/lesson6_ws/install/rmitbot_localization/share/rmitbot_localization/package.zsh'
[4.171s] Level 1:colcon.colcon_core.environment:create_file_with_runtime_dependencies(/home/ngan/Documents/test_github/lesson6_ws/install/rmitbot_localization/share/colcon-core/packages/rmitbot_localization)
[4.178s] INFO:colcon.colcon_ros.task.ament_cmake.build:Building ROS package in '/home/ngan/Documents/test_github/lesson6_ws/src/rmitbot_mapping' with build type 'ament_cmake'
[4.178s] INFO:colcon.colcon_cmake.task.cmake.build:Building CMake package in '/home/ngan/Documents/test_github/lesson6_ws/src/rmitbot_mapping'
[4.187s] DEBUG:colcon.colcon_core.shell:Skip shell extension 'dsv' for command environment
[4.230s] DEBUG:colcon.colcon_core.event_handler.log_command:Invoking command in '/home/ngan/Documents/test_github/lesson6_ws/build/rmitbot_mapping': CMAKE_PREFIX_PATH=${CMAKE_PREFIX_PATH}:/home/ngan/Documents/test_github/lesson6_ws/install/stop_sign_control:/home/ngan/Documents/test_github/lesson6_ws/install/opencv_tests:/opt/ros/jazzy DEBUGINFOD_URLS=https://debuginfod.ubuntu.com /usr/bin/cmake --build /home/ngan/Documents/test_github/lesson6_ws/build/rmitbot_mapping -- -j4 -l4
[4.304s] Level 1:colcon.colcon_core.environment:create_environment_scripts_only(cv_bridge)
[4.305s] Level 1:colcon.colcon_core.environment:checking '/home/ngan/Documents/test_github/lesson6_ws/install/cv_bridge' for CMake module files
[4.306s] DEBUG:colcon.colcon_core.event_handler.log_command:Invoked command in '/home/ngan/Documents/test_github/lesson6_ws/build/cv_bridge' returned '0': CMAKE_PREFIX_PATH=${CMAKE_PREFIX_PATH}:/home/ngan/Documents/test_github/lesson6_ws/install/stop_sign_control:/home/ngan/Documents/test_github/lesson6_ws/install/opencv_tests:/opt/ros/jazzy DEBUGINFOD_URLS=https://debuginfod.ubuntu.com /usr/bin/cmake --install /home/ngan/Documents/test_github/lesson6_ws/build/cv_bridge
[4.319s] Level 1:colcon.colcon_core.environment:checking '/home/ngan/Documents/test_github/lesson6_ws/install/cv_bridge' for CMake config files
[4.320s] Level 1:colcon.colcon_core.shell:create_environment_hook('cv_bridge', 'cmake_prefix_path')
[4.320s] INFO:colcon.colcon_core.shell:Creating environment descriptor '/home/ngan/Documents/test_github/lesson6_ws/install/cv_bridge/share/cv_bridge/hook/cmake_prefix_path.dsv'
[4.322s] INFO:colcon.colcon_core.shell:Creating environment hook '/home/ngan/Documents/test_github/lesson6_ws/install/cv_bridge/share/cv_bridge/hook/cmake_prefix_path.sh'
[4.324s] Level 1:colcon.colcon_core.environment:checking '/home/ngan/Documents/test_github/lesson6_ws/install/cv_bridge/lib'
[4.324s] Level 1:colcon.colcon_core.shell:create_environment_hook('cv_bridge', 'ld_library_path_lib')
[4.325s] INFO:colcon.colcon_core.shell:Creating environment descriptor '/home/ngan/Documents/test_github/lesson6_ws/install/cv_bridge/share/cv_bridge/hook/ld_library_path_lib.dsv'
[4.325s] INFO:colcon.colcon_core.shell:Creating environment hook '/home/ngan/Documents/test_github/lesson6_ws/install/cv_bridge/share/cv_bridge/hook/ld_library_path_lib.sh'
[4.326s] Level 1:colcon.colcon_core.environment:checking '/home/ngan/Documents/test_github/lesson6_ws/install/cv_bridge/bin'
[4.326s] Level 1:colcon.colcon_core.environment:checking '/home/ngan/Documents/test_github/lesson6_ws/install/cv_bridge/lib/pkgconfig/cv_bridge.pc'
[4.327s] Level 1:colcon.colcon_core.environment:checking '/home/ngan/Documents/test_github/lesson6_ws/install/cv_bridge/lib/python3.12/site-packages'
[4.327s] Level 1:colcon.colcon_core.shell:create_environment_hook('cv_bridge', 'pythonpath')
[4.327s] INFO:colcon.colcon_core.shell:Creating environment descriptor '/home/ngan/Documents/test_github/lesson6_ws/install/cv_bridge/share/cv_bridge/hook/pythonpath.dsv'
[4.327s] INFO:colcon.colcon_core.shell:Creating environment hook '/home/ngan/Documents/test_github/lesson6_ws/install/cv_bridge/share/cv_bridge/hook/pythonpath.sh'
[4.329s] Level 1:colcon.colcon_core.environment:checking '/home/ngan/Documents/test_github/lesson6_ws/install/cv_bridge/bin'
[4.329s] INFO:colcon.colcon_core.shell:Creating package descriptor '/home/ngan/Documents/test_github/lesson6_ws/install/cv_bridge/share/cv_bridge/package.dsv'
[4.330s] INFO:colcon.colcon_core.shell:Creating package script '/home/ngan/Documents/test_github/lesson6_ws/install/cv_bridge/share/cv_bridge/package.sh'
[4.330s] INFO:colcon.colcon_core.shell:Creating package script '/home/ngan/Documents/test_github/lesson6_ws/install/cv_bridge/share/cv_bridge/package.bash'
[4.346s] INFO:colcon.colcon_core.shell:Creating package script '/home/ngan/Documents/test_github/lesson6_ws/install/cv_bridge/share/cv_bridge/package.zsh'
[4.351s] Level 1:colcon.colcon_core.environment:create_file_with_runtime_dependencies(/home/ngan/Documents/test_github/lesson6_ws/install/cv_bridge/share/colcon-core/packages/cv_bridge)
[4.356s] Level 1:colcon.colcon_core.environment:create_environment_scripts_only(cv_bridge)
[4.357s] Level 1:colcon.colcon_core.environment:checking '/home/ngan/Documents/test_github/lesson6_ws/install/cv_bridge' for CMake module files
[4.364s] Level 1:colcon.colcon_core.environment:checking '/home/ngan/Documents/test_github/lesson6_ws/install/cv_bridge' for CMake config files
[4.365s] Level 1:colcon.colcon_core.shell:create_environment_hook('cv_bridge', 'cmake_prefix_path')
[4.366s] INFO:colcon.colcon_core.shell:Creating environment descriptor '/home/ngan/Documents/test_github/lesson6_ws/install/cv_bridge/share/cv_bridge/hook/cmake_prefix_path.dsv'
[4.366s] INFO:colcon.colcon_core.shell:Creating environment hook '/home/ngan/Documents/test_github/lesson6_ws/install/cv_bridge/share/cv_bridge/hook/cmake_prefix_path.sh'
[4.369s] Level 1:colcon.colcon_core.environment:checking '/home/ngan/Documents/test_github/lesson6_ws/install/cv_bridge/lib'
[4.369s] Level 1:colcon.colcon_core.shell:create_environment_hook('cv_bridge', 'ld_library_path_lib')
[4.369s] INFO:colcon.colcon_core.shell:Creating environment descriptor '/home/ngan/Documents/test_github/lesson6_ws/install/cv_bridge/share/cv_bridge/hook/ld_library_path_lib.dsv'
[4.370s] INFO:colcon.colcon_core.shell:Creating environment hook '/home/ngan/Documents/test_github/lesson6_ws/install/cv_bridge/share/cv_bridge/hook/ld_library_path_lib.sh'
[4.373s] Level 1:colcon.colcon_core.environment:checking '/home/ngan/Documents/test_github/lesson6_ws/install/cv_bridge/bin'
[4.374s] Level 1:colcon.colcon_core.environment:checking '/home/ngan/Documents/test_github/lesson6_ws/install/cv_bridge/lib/pkgconfig/cv_bridge.pc'
[4.374s] Level 1:colcon.colcon_core.environment:checking '/home/ngan/Documents/test_github/lesson6_ws/install/cv_bridge/lib/python3.12/site-packages'
[4.378s] Level 1:colcon.colcon_core.shell:create_environment_hook('cv_bridge', 'pythonpath')
[4.378s] INFO:colcon.colcon_core.shell:Creating environment descriptor '/home/ngan/Documents/test_github/lesson6_ws/install/cv_bridge/share/cv_bridge/hook/pythonpath.dsv'
[4.379s] INFO:colcon.colcon_core.shell:Creating environment hook '/home/ngan/Documents/test_github/lesson6_ws/install/cv_bridge/share/cv_bridge/hook/pythonpath.sh'
[4.386s] Level 1:colcon.colcon_core.environment:checking '/home/ngan/Documents/test_github/lesson6_ws/install/cv_bridge/bin'
[4.386s] INFO:colcon.colcon_core.shell:Creating package descriptor '/home/ngan/Documents/test_github/lesson6_ws/install/cv_bridge/share/cv_bridge/package.dsv'
[4.389s] INFO:colcon.colcon_core.shell:Creating package script '/home/ngan/Documents/test_github/lesson6_ws/install/cv_bridge/share/cv_bridge/package.sh'
[4.392s] INFO:colcon.colcon_core.shell:Creating package script '/home/ngan/Documents/test_github/lesson6_ws/install/cv_bridge/share/cv_bridge/package.bash'
[4.393s] INFO:colcon.colcon_core.shell:Creating package script '/home/ngan/Documents/test_github/lesson6_ws/install/cv_bridge/share/cv_bridge/package.zsh'
[4.396s] Level 1:colcon.colcon_core.environment:create_file_with_runtime_dependencies(/home/ngan/Documents/test_github/lesson6_ws/install/cv_bridge/share/colcon-core/packages/cv_bridge)
[4.431s] DEBUG:colcon.colcon_core.event_handler.log_command:Invoked command in '/home/ngan/Documents/test_github/lesson6_ws/build/rmitbot_mapping' returned '0': CMAKE_PREFIX_PATH=${CMAKE_PREFIX_PATH}:/home/ngan/Documents/test_github/lesson6_ws/install/stop_sign_control:/home/ngan/Documents/test_github/lesson6_ws/install/opencv_tests:/opt/ros/jazzy DEBUGINFOD_URLS=https://debuginfod.ubuntu.com /usr/bin/cmake --build /home/ngan/Documents/test_github/lesson6_ws/build/rmitbot_mapping -- -j4 -l4
[4.432s] DEBUG:colcon.colcon_core.event_handler.log_command:Invoking command in '/home/ngan/Documents/test_github/lesson6_ws/build/rmitbot_mapping': CMAKE_PREFIX_PATH=${CMAKE_PREFIX_PATH}:/home/ngan/Documents/test_github/lesson6_ws/install/stop_sign_control:/home/ngan/Documents/test_github/lesson6_ws/install/opencv_tests:/opt/ros/jazzy DEBUGINFOD_URLS=https://debuginfod.ubuntu.com /usr/bin/cmake --install /home/ngan/Documents/test_github/lesson6_ws/build/rmitbot_mapping
[4.441s] Level 1:colcon.colcon_core.environment:create_environment_scripts_only(image_geometry)
[4.441s] Level 1:colcon.colcon_core.environment:checking '/home/ngan/Documents/test_github/lesson6_ws/install/image_geometry' for CMake module files
[4.443s] Level 1:colcon.colcon_core.environment:checking '/home/ngan/Documents/test_github/lesson6_ws/install/image_geometry' for CMake config files
[4.445s] DEBUG:colcon.colcon_core.event_handler.log_command:Invoked command in '/home/ngan/Documents/test_github/lesson6_ws/build/image_geometry' returned '0': CMAKE_PREFIX_PATH=${CMAKE_PREFIX_PATH}:/home/ngan/Documents/test_github/lesson6_ws/install/stop_sign_control:/home/ngan/Documents/test_github/lesson6_ws/install/opencv_tests:/opt/ros/jazzy DEBUGINFOD_URLS=https://debuginfod.ubuntu.com /usr/bin/cmake --install /home/ngan/Documents/test_github/lesson6_ws/build/image_geometry
[4.447s] Level 1:colcon.colcon_core.shell:create_environment_hook('image_geometry', 'cmake_prefix_path')
[4.449s] INFO:colcon.colcon_core.shell:Creating environment descriptor '/home/ngan/Documents/test_github/lesson6_ws/install/image_geometry/share/image_geometry/hook/cmake_prefix_path.dsv'
[4.449s] INFO:colcon.colcon_core.shell:Creating environment hook '/home/ngan/Documents/test_github/lesson6_ws/install/image_geometry/share/image_geometry/hook/cmake_prefix_path.sh'
[4.450s] Level 1:colcon.colcon_core.environment:checking '/home/ngan/Documents/test_github/lesson6_ws/install/image_geometry/lib'
[4.451s] Level 1:colcon.colcon_core.shell:create_environment_hook('image_geometry', 'ld_library_path_lib')
[4.451s] INFO:colcon.colcon_core.shell:Creating environment descriptor '/home/ngan/Documents/test_github/lesson6_ws/install/image_geometry/share/image_geometry/hook/ld_library_path_lib.dsv'
[4.451s] INFO:colcon.colcon_core.shell:Creating environment hook '/home/ngan/Documents/test_github/lesson6_ws/install/image_geometry/share/image_geometry/hook/ld_library_path_lib.sh'
[4.452s] Level 1:colcon.colcon_core.environment:checking '/home/ngan/Documents/test_github/lesson6_ws/install/image_geometry/bin'
[4.452s] Level 1:colcon.colcon_core.environment:checking '/home/ngan/Documents/test_github/lesson6_ws/install/image_geometry/lib/pkgconfig/image_geometry.pc'
[4.452s] Level 1:colcon.colcon_core.environment:checking '/home/ngan/Documents/test_github/lesson6_ws/install/image_geometry/lib/python3.12/site-packages'
[4.453s] Level 1:colcon.colcon_core.shell:create_environment_hook('image_geometry', 'pythonpath')
[4.453s] INFO:colcon.colcon_core.shell:Creating environment descriptor '/home/ngan/Documents/test_github/lesson6_ws/install/image_geometry/share/image_geometry/hook/pythonpath.dsv'
[4.453s] INFO:colcon.colcon_core.shell:Creating environment hook '/home/ngan/Documents/test_github/lesson6_ws/install/image_geometry/share/image_geometry/hook/pythonpath.sh'
[4.454s] Level 1:colcon.colcon_core.environment:checking '/home/ngan/Documents/test_github/lesson6_ws/install/image_geometry/bin'
[4.455s] INFO:colcon.colcon_core.shell:Creating package descriptor '/home/ngan/Documents/test_github/lesson6_ws/install/image_geometry/share/image_geometry/package.dsv'
[4.455s] INFO:colcon.colcon_core.shell:Creating package script '/home/ngan/Documents/test_github/lesson6_ws/install/image_geometry/share/image_geometry/package.sh'
[4.456s] INFO:colcon.colcon_core.shell:Creating package script '/home/ngan/Documents/test_github/lesson6_ws/install/image_geometry/share/image_geometry/package.bash'
[4.459s] INFO:colcon.colcon_core.shell:Creating package script '/home/ngan/Documents/test_github/lesson6_ws/install/image_geometry/share/image_geometry/package.zsh'
[4.460s] Level 1:colcon.colcon_core.environment:create_file_with_runtime_dependencies(/home/ngan/Documents/test_github/lesson6_ws/install/image_geometry/share/colcon-core/packages/image_geometry)
[4.461s] Level 1:colcon.colcon_core.environment:create_environment_scripts_only(image_geometry)
[4.461s] Level 1:colcon.colcon_core.environment:checking '/home/ngan/Documents/test_github/lesson6_ws/install/image_geometry' for CMake module files
[4.462s] Level 1:colcon.colcon_core.environment:checking '/home/ngan/Documents/test_github/lesson6_ws/install/image_geometry' for CMake config files
[4.462s] Level 1:colcon.colcon_core.shell:create_environment_hook('image_geometry', 'cmake_prefix_path')
[4.463s] INFO:colcon.colcon_core.shell:Creating environment descriptor '/home/ngan/Documents/test_github/lesson6_ws/install/image_geometry/share/image_geometry/hook/cmake_prefix_path.dsv'
[4.463s] INFO:colcon.colcon_core.shell:Creating environment hook '/home/ngan/Documents/test_github/lesson6_ws/install/image_geometry/share/image_geometry/hook/cmake_prefix_path.sh'
[4.465s] Level 1:colcon.colcon_core.environment:checking '/home/ngan/Documents/test_github/lesson6_ws/install/image_geometry/lib'
[4.465s] Level 1:colcon.colcon_core.shell:create_environment_hook('image_geometry', 'ld_library_path_lib')
[4.465s] INFO:colcon.colcon_core.shell:Creating environment descriptor '/home/ngan/Documents/test_github/lesson6_ws/install/image_geometry/share/image_geometry/hook/ld_library_path_lib.dsv'
[4.466s] INFO:colcon.colcon_core.shell:Creating environment hook '/home/ngan/Documents/test_github/lesson6_ws/install/image_geometry/share/image_geometry/hook/ld_library_path_lib.sh'
[4.468s] Level 1:colcon.colcon_core.environment:checking '/home/ngan/Documents/test_github/lesson6_ws/install/image_geometry/bin'
[4.472s] Level 1:colcon.colcon_core.environment:checking '/home/ngan/Documents/test_github/lesson6_ws/install/image_geometry/lib/pkgconfig/image_geometry.pc'
[4.475s] Level 1:colcon.colcon_core.environment:checking '/home/ngan/Documents/test_github/lesson6_ws/install/image_geometry/lib/python3.12/site-packages'
[4.475s] Level 1:colcon.colcon_core.shell:create_environment_hook('image_geometry', 'pythonpath')
[4.475s] INFO:colcon.colcon_core.shell:Creating environment descriptor '/home/ngan/Documents/test_github/lesson6_ws/install/image_geometry/share/image_geometry/hook/pythonpath.dsv'
[4.485s] INFO:colcon.colcon_core.shell:Creating environment hook '/home/ngan/Documents/test_github/lesson6_ws/install/image_geometry/share/image_geometry/hook/pythonpath.sh'
[4.487s] Level 1:colcon.colcon_core.environment:checking '/home/ngan/Documents/test_github/lesson6_ws/install/image_geometry/bin'
[4.487s] INFO:colcon.colcon_core.shell:Creating package descriptor '/home/ngan/Documents/test_github/lesson6_ws/install/image_geometry/share/image_geometry/package.dsv'
[4.494s] INFO:colcon.colcon_core.shell:Creating package script '/home/ngan/Documents/test_github/lesson6_ws/install/image_geometry/share/image_geometry/package.sh'
[4.495s] INFO:colcon.colcon_core.shell:Creating package script '/home/ngan/Documents/test_github/lesson6_ws/install/image_geometry/share/image_geometry/package.bash'
[4.496s] INFO:colcon.colcon_core.shell:Creating package script '/home/ngan/Documents/test_github/lesson6_ws/install/image_geometry/share/image_geometry/package.zsh'
[4.496s] Level 1:colcon.colcon_core.environment:create_file_with_runtime_dependencies(/home/ngan/Documents/test_github/lesson6_ws/install/image_geometry/share/colcon-core/packages/image_geometry)
[4.500s] INFO:colcon.colcon_ros.task.ament_cmake.build:Building ROS package in '/home/ngan/Documents/test_github/lesson6_ws/src/rmitbot_vision/vision_opencv/vision_opencv' with build type 'ament_cmake'
[4.500s] INFO:colcon.colcon_cmake.task.cmake.build:Building CMake package in '/home/ngan/Documents/test_github/lesson6_ws/src/rmitbot_vision/vision_opencv/vision_opencv'
[4.501s] DEBUG:colcon.colcon_core.shell:Skip shell extension 'dsv' for command environment
[4.547s] Level 1:colcon.colcon_core.environment:create_environment_scripts_only(rmitbot_mapping)
[4.548s] DEBUG:colcon.colcon_core.event_handler.log_command:Invoked command in '/home/ngan/Documents/test_github/lesson6_ws/build/rmitbot_mapping' returned '0': CMAKE_PREFIX_PATH=${CMAKE_PREFIX_PATH}:/home/ngan/Documents/test_github/lesson6_ws/install/stop_sign_control:/home/ngan/Documents/test_github/lesson6_ws/install/opencv_tests:/opt/ros/jazzy DEBUGINFOD_URLS=https://debuginfod.ubuntu.com /usr/bin/cmake --install /home/ngan/Documents/test_github/lesson6_ws/build/rmitbot_mapping
[4.548s] Level 1:colcon.colcon_core.environment:checking '/home/ngan/Documents/test_github/lesson6_ws/install/rmitbot_mapping' for CMake module files
[4.558s] Level 1:colcon.colcon_core.environment:checking '/home/ngan/Documents/test_github/lesson6_ws/install/rmitbot_mapping' for CMake config files
[4.561s] Level 1:colcon.colcon_core.shell:create_environment_hook('rmitbot_mapping', 'cmake_prefix_path')
[4.562s] INFO:colcon.colcon_core.shell:Creating environment descriptor '/home/ngan/Documents/test_github/lesson6_ws/install/rmitbot_mapping/share/rmitbot_mapping/hook/cmake_prefix_path.dsv'
[4.563s] INFO:colcon.colcon_core.shell:Creating environment hook '/home/ngan/Documents/test_github/lesson6_ws/install/rmitbot_mapping/share/rmitbot_mapping/hook/cmake_prefix_path.sh'
[4.565s] Level 1:colcon.colcon_core.environment:checking '/home/ngan/Documents/test_github/lesson6_ws/install/rmitbot_mapping/bin'
[4.566s] Level 1:colcon.colcon_core.environment:checking '/home/ngan/Documents/test_github/lesson6_ws/install/rmitbot_mapping/lib/pkgconfig/rmitbot_mapping.pc'
[4.566s] Level 1:colcon.colcon_core.environment:checking '/home/ngan/Documents/test_github/lesson6_ws/install/rmitbot_mapping/lib/python3.12/site-packages'
[4.567s] Level 1:colcon.colcon_core.environment:checking '/home/ngan/Documents/test_github/lesson6_ws/install/rmitbot_mapping/bin'
[4.567s] INFO:colcon.colcon_core.shell:Creating package descriptor '/home/ngan/Documents/test_github/lesson6_ws/install/rmitbot_mapping/share/rmitbot_mapping/package.dsv'
[4.568s] INFO:colcon.colcon_core.shell:Creating package script '/home/ngan/Documents/test_github/lesson6_ws/install/rmitbot_mapping/share/rmitbot_mapping/package.sh'
[4.571s] INFO:colcon.colcon_core.shell:Creating package script '/home/ngan/Documents/test_github/lesson6_ws/install/rmitbot_mapping/share/rmitbot_mapping/package.bash'
[4.573s] INFO:colcon.colcon_core.shell:Creating package script '/home/ngan/Documents/test_github/lesson6_ws/install/rmitbot_mapping/share/rmitbot_mapping/package.zsh'
[4.574s] Level 1:colcon.colcon_core.environment:create_file_with_runtime_dependencies(/home/ngan/Documents/test_github/lesson6_ws/install/rmitbot_mapping/share/colcon-core/packages/rmitbot_mapping)
[4.575s] Level 1:colcon.colcon_core.environment:create_environment_scripts_only(rmitbot_mapping)
[4.575s] Level 1:colcon.colcon_core.environment:checking '/home/ngan/Documents/test_github/lesson6_ws/install/rmitbot_mapping' for CMake module files
[4.576s] Level 1:colcon.colcon_core.environment:checking '/home/ngan/Documents/test_github/lesson6_ws/install/rmitbot_mapping' for CMake config files
[4.576s] Level 1:colcon.colcon_core.shell:create_environment_hook('rmitbot_mapping', 'cmake_prefix_path')
[4.576s] INFO:colcon.colcon_core.shell:Creating environment descriptor '/home/ngan/Documents/test_github/lesson6_ws/install/rmitbot_mapping/share/rmitbot_mapping/hook/cmake_prefix_path.dsv'
[4.578s] INFO:colcon.colcon_core.shell:Creating environment hook '/home/ngan/Documents/test_github/lesson6_ws/install/rmitbot_mapping/share/rmitbot_mapping/hook/cmake_prefix_path.sh'
[4.581s] Level 1:colcon.colcon_core.environment:checking '/home/ngan/Documents/test_github/lesson6_ws/install/rmitbot_mapping/bin'
[4.581s] Level 1:colcon.colcon_core.environment:checking '/home/ngan/Documents/test_github/lesson6_ws/install/rmitbot_mapping/lib/pkgconfig/rmitbot_mapping.pc'
[4.581s] Level 1:colcon.colcon_core.environment:checking '/home/ngan/Documents/test_github/lesson6_ws/install/rmitbot_mapping/lib/python3.12/site-packages'
[4.582s] Level 1:colcon.colcon_core.environment:checking '/home/ngan/Documents/test_github/lesson6_ws/install/rmitbot_mapping/bin'
[4.582s] INFO:colcon.colcon_core.shell:Creating package descriptor '/home/ngan/Documents/test_github/lesson6_ws/install/rmitbot_mapping/share/rmitbot_mapping/package.dsv'
[4.583s] INFO:colcon.colcon_core.shell:Creating package script '/home/ngan/Documents/test_github/lesson6_ws/install/rmitbot_mapping/share/rmitbot_mapping/package.sh'
[4.585s] INFO:colcon.colcon_core.shell:Creating package script '/home/ngan/Documents/test_github/lesson6_ws/install/rmitbot_mapping/share/rmitbot_mapping/package.bash'
[4.586s] INFO:colcon.colcon_core.shell:Creating package script '/home/ngan/Documents/test_github/lesson6_ws/install/rmitbot_mapping/share/rmitbot_mapping/package.zsh'
[4.588s] Level 1:colcon.colcon_core.environment:create_file_with_runtime_dependencies(/home/ngan/Documents/test_github/lesson6_ws/install/rmitbot_mapping/share/colcon-core/packages/rmitbot_mapping)
[4.602s] DEBUG:colcon.colcon_core.event_handler.log_command:Invoking command in '/home/ngan/Documents/test_github/lesson6_ws/build/vision_opencv': CMAKE_PREFIX_PATH=/home/ngan/Documents/test_github/lesson6_ws/install/image_geometry:/home/ngan/Documents/test_github/lesson6_ws/install/cv_bridge:/home/ngan/Documents/test_github/lesson6_ws/install/vision_opencv:/home/ngan/Documents/test_github/lesson6_ws/install/rmitbot_mapping:/home/ngan/Documents/test_github/lesson6_ws/install/rmitbot_localization:/home/ngan/Documents/test_github/lesson6_ws/install/rmitbot_firmware:/home/ngan/Documents/test_github/lesson6_ws/install/rmitbot_description:/home/ngan/Documents/test_github/lesson6_ws/install/rmitbot_controller:/home/ngan/Documents/test_github/lesson6_ws/install/rmitbot_bringup:/home/ngan/Documents/test_github/lesson6_ws/install/darknet_ros:/home/ngan/Documents/test_github/lesson6_ws/install/darknet_ros_msgs:/home/ngan/Documents/test_github/lesson6_ws/install/Darknet:/opt/ros/jazzy/opt/gz_sim_vendor:/opt/ros/jazzy/opt/gz_sensors_vendor:/opt/ros/jazzy/opt/gz_physics_vendor:/opt/ros/jazzy/opt/sdformat_vendor:/opt/ros/jazzy/opt/gz_gui_vendor:/opt/ros/jazzy/opt/gz_transport_vendor:/opt/ros/jazzy/opt/gz_rendering_vendor:/opt/ros/jazzy/opt/gz_plugin_vendor:/opt/ros/jazzy/opt/gz_fuel_tools_vendor:/opt/ros/jazzy/opt/gz_msgs_vendor:/opt/ros/jazzy/opt/gz_common_vendor:/opt/ros/jazzy/opt/gz_math_vendor:/opt/ros/jazzy/opt/gz_utils_vendor:/opt/ros/jazzy/opt/gz_tools_vendor:/opt/ros/jazzy/opt/gz_ogre_next_vendor:/opt/ros/jazzy/opt/gz_dartsim_vendor:/opt/ros/jazzy/opt/gz_cmake_vendor:/home/ngan/Documents/test_github/lesson6_ws/install/stop_sign_control:/home/ngan/Documents/test_github/lesson6_ws/install/opencv_tests:/opt/ros/jazzy DEBUGINFOD_URLS=https://debuginfod.ubuntu.com LD_LIBRARY_PATH=/home/ngan/Documents/test_github/lesson6_ws/install/image_geometry/lib:/home/ngan/Documents/test_github/lesson6_ws/install/cv_bridge/lib:/home/ngan/Documents/test_github/lesson6_ws/install/rmitbot_firmware/lib:/home/ngan/Documents/test_github/lesson6_ws/install/darknet_ros/lib:/home/ngan/Documents/test_github/lesson6_ws/install/darknet_ros_msgs/lib:/opt/ros/jazzy/opt/gz_sim_vendor/lib:/opt/ros/jazzy/opt/gz_sensors_vendor/lib:/opt/ros/jazzy/opt/gz_physics_vendor/lib:/opt/ros/jazzy/opt/sdformat_vendor/lib:/opt/ros/jazzy/opt/rviz_ogre_vendor/lib:/opt/ros/jazzy/lib/aarch64-linux-gnu:/opt/ros/jazzy/opt/gz_gui_vendor/lib:/opt/ros/jazzy/opt/gz_transport_vendor/lib:/opt/ros/jazzy/opt/gz_rendering_vendor/lib:/opt/ros/jazzy/opt/gz_plugin_vendor/lib:/opt/ros/jazzy/opt/gz_fuel_tools_vendor/lib:/opt/ros/jazzy/opt/gz_msgs_vendor/lib:/opt/ros/jazzy/opt/gz_common_vendor/lib:/opt/ros/jazzy/opt/gz_math_vendor/lib:/opt/ros/jazzy/opt/gz_utils_vendor/lib:/opt/ros/jazzy/opt/gz_tools_vendor/lib:/opt/ros/jazzy/opt/gz_ogre_next_vendor/lib:/opt/ros/jazzy/opt/gz_dartsim_vendor/lib:/opt/ros/jazzy/opt/gz_cmake_vendor/lib:/opt/ros/jazzy/lib PYTHONPATH=/home/ngan/Documents/test_github/lesson6_ws/install/image_geometry/lib/python3.12/site-packages:/home/ngan/Documents/test_github/lesson6_ws/install/cv_bridge/lib/python3.12/site-packages:/home/ngan/Documents/test_github/lesson6_ws/install/stop_sign_control/lib/python3.12/site-packages:/home/ngan/Documents/test_github/lesson6_ws/install/opencv_tests/lib/python3.12/site-packages:/home/ngan/Documents/test_github/lesson6_ws/install/darknet_ros_msgs/lib/python3.12/site-packages:/opt/ros/jazzy/lib/python3.12/site-packages /usr/bin/cmake --build /home/ngan/Documents/test_github/lesson6_ws/build/vision_opencv -- -j4 -l4
[4.830s] DEBUG:colcon.colcon_core.event_handler.log_command:Invoked command in '/home/ngan/Documents/test_github/lesson6_ws/build/vision_opencv' returned '0': CMAKE_PREFIX_PATH=/home/ngan/Documents/test_github/lesson6_ws/install/image_geometry:/home/ngan/Documents/test_github/lesson6_ws/install/cv_bridge:/home/ngan/Documents/test_github/lesson6_ws/install/vision_opencv:/home/ngan/Documents/test_github/lesson6_ws/install/rmitbot_mapping:/home/ngan/Documents/test_github/lesson6_ws/install/rmitbot_localization:/home/ngan/Documents/test_github/lesson6_ws/install/rmitbot_firmware:/home/ngan/Documents/test_github/lesson6_ws/install/rmitbot_description:/home/ngan/Documents/test_github/lesson6_ws/install/rmitbot_controller:/home/ngan/Documents/test_github/lesson6_ws/install/rmitbot_bringup:/home/ngan/Documents/test_github/lesson6_ws/install/darknet_ros:/home/ngan/Documents/test_github/lesson6_ws/install/darknet_ros_msgs:/home/ngan/Documents/test_github/lesson6_ws/install/Darknet:/opt/ros/jazzy/opt/gz_sim_vendor:/opt/ros/jazzy/opt/gz_sensors_vendor:/opt/ros/jazzy/opt/gz_physics_vendor:/opt/ros/jazzy/opt/sdformat_vendor:/opt/ros/jazzy/opt/gz_gui_vendor:/opt/ros/jazzy/opt/gz_transport_vendor:/opt/ros/jazzy/opt/gz_rendering_vendor:/opt/ros/jazzy/opt/gz_plugin_vendor:/opt/ros/jazzy/opt/gz_fuel_tools_vendor:/opt/ros/jazzy/opt/gz_msgs_vendor:/opt/ros/jazzy/opt/gz_common_vendor:/opt/ros/jazzy/opt/gz_math_vendor:/opt/ros/jazzy/opt/gz_utils_vendor:/opt/ros/jazzy/opt/gz_tools_vendor:/opt/ros/jazzy/opt/gz_ogre_next_vendor:/opt/ros/jazzy/opt/gz_dartsim_vendor:/opt/ros/jazzy/opt/gz_cmake_vendor:/home/ngan/Documents/test_github/lesson6_ws/install/stop_sign_control:/home/ngan/Documents/test_github/lesson6_ws/install/opencv_tests:/opt/ros/jazzy DEBUGINFOD_URLS=https://debuginfod.ubuntu.com LD_LIBRARY_PATH=/home/ngan/Documents/test_github/lesson6_ws/install/image_geometry/lib:/home/ngan/Documents/test_github/lesson6_ws/install/cv_bridge/lib:/home/ngan/Documents/test_github/lesson6_ws/install/rmitbot_firmware/lib:/home/ngan/Documents/test_github/lesson6_ws/install/darknet_ros/lib:/home/ngan/Documents/test_github/lesson6_ws/install/darknet_ros_msgs/lib:/opt/ros/jazzy/opt/gz_sim_vendor/lib:/opt/ros/jazzy/opt/gz_sensors_vendor/lib:/opt/ros/jazzy/opt/gz_physics_vendor/lib:/opt/ros/jazzy/opt/sdformat_vendor/lib:/opt/ros/jazzy/opt/rviz_ogre_vendor/lib:/opt/ros/jazzy/lib/aarch64-linux-gnu:/opt/ros/jazzy/opt/gz_gui_vendor/lib:/opt/ros/jazzy/opt/gz_transport_vendor/lib:/opt/ros/jazzy/opt/gz_rendering_vendor/lib:/opt/ros/jazzy/opt/gz_plugin_vendor/lib:/opt/ros/jazzy/opt/gz_fuel_tools_vendor/lib:/opt/ros/jazzy/opt/gz_msgs_vendor/lib:/opt/ros/jazzy/opt/gz_common_vendor/lib:/opt/ros/jazzy/opt/gz_math_vendor/lib:/opt/ros/jazzy/opt/gz_utils_vendor/lib:/opt/ros/jazzy/opt/gz_tools_vendor/lib:/opt/ros/jazzy/opt/gz_ogre_next_vendor/lib:/opt/ros/jazzy/opt/gz_dartsim_vendor/lib:/opt/ros/jazzy/opt/gz_cmake_vendor/lib:/opt/ros/jazzy/lib PYTHONPATH=/home/ngan/Documents/test_github/lesson6_ws/install/image_geometry/lib/python3.12/site-packages:/home/ngan/Documents/test_github/lesson6_ws/install/cv_bridge/lib/python3.12/site-packages:/home/ngan/Documents/test_github/lesson6_ws/install/stop_sign_control/lib/python3.12/site-packages:/home/ngan/Documents/test_github/lesson6_ws/install/opencv_tests/lib/python3.12/site-packages:/home/ngan/Documents/test_github/lesson6_ws/install/darknet_ros_msgs/lib/python3.12/site-packages:/opt/ros/jazzy/lib/python3.12/site-packages /usr/bin/cmake --build /home/ngan/Documents/test_github/lesson6_ws/build/vision_opencv -- -j4 -l4
[4.833s] DEBUG:colcon.colcon_core.event_handler.log_command:Invoking command in '/home/ngan/Documents/test_github/lesson6_ws/build/vision_opencv': CMAKE_PREFIX_PATH=/home/ngan/Documents/test_github/lesson6_ws/install/image_geometry:/home/ngan/Documents/test_github/lesson6_ws/install/cv_bridge:/home/ngan/Documents/test_github/lesson6_ws/install/vision_opencv:/home/ngan/Documents/test_github/lesson6_ws/install/rmitbot_mapping:/home/ngan/Documents/test_github/lesson6_ws/install/rmitbot_localization:/home/ngan/Documents/test_github/lesson6_ws/install/rmitbot_firmware:/home/ngan/Documents/test_github/lesson6_ws/install/rmitbot_description:/home/ngan/Documents/test_github/lesson6_ws/install/rmitbot_controller:/home/ngan/Documents/test_github/lesson6_ws/install/rmitbot_bringup:/home/ngan/Documents/test_github/lesson6_ws/install/darknet_ros:/home/ngan/Documents/test_github/lesson6_ws/install/darknet_ros_msgs:/home/ngan/Documents/test_github/lesson6_ws/install/Darknet:/opt/ros/jazzy/opt/gz_sim_vendor:/opt/ros/jazzy/opt/gz_sensors_vendor:/opt/ros/jazzy/opt/gz_physics_vendor:/opt/ros/jazzy/opt/sdformat_vendor:/opt/ros/jazzy/opt/gz_gui_vendor:/opt/ros/jazzy/opt/gz_transport_vendor:/opt/ros/jazzy/opt/gz_rendering_vendor:/opt/ros/jazzy/opt/gz_plugin_vendor:/opt/ros/jazzy/opt/gz_fuel_tools_vendor:/opt/ros/jazzy/opt/gz_msgs_vendor:/opt/ros/jazzy/opt/gz_common_vendor:/opt/ros/jazzy/opt/gz_math_vendor:/opt/ros/jazzy/opt/gz_utils_vendor:/opt/ros/jazzy/opt/gz_tools_vendor:/opt/ros/jazzy/opt/gz_ogre_next_vendor:/opt/ros/jazzy/opt/gz_dartsim_vendor:/opt/ros/jazzy/opt/gz_cmake_vendor:/home/ngan/Documents/test_github/lesson6_ws/install/stop_sign_control:/home/ngan/Documents/test_github/lesson6_ws/install/opencv_tests:/opt/ros/jazzy DEBUGINFOD_URLS=https://debuginfod.ubuntu.com LD_LIBRARY_PATH=/home/ngan/Documents/test_github/lesson6_ws/install/image_geometry/lib:/home/ngan/Documents/test_github/lesson6_ws/install/cv_bridge/lib:/home/ngan/Documents/test_github/lesson6_ws/install/rmitbot_firmware/lib:/home/ngan/Documents/test_github/lesson6_ws/install/darknet_ros/lib:/home/ngan/Documents/test_github/lesson6_ws/install/darknet_ros_msgs/lib:/opt/ros/jazzy/opt/gz_sim_vendor/lib:/opt/ros/jazzy/opt/gz_sensors_vendor/lib:/opt/ros/jazzy/opt/gz_physics_vendor/lib:/opt/ros/jazzy/opt/sdformat_vendor/lib:/opt/ros/jazzy/opt/rviz_ogre_vendor/lib:/opt/ros/jazzy/lib/aarch64-linux-gnu:/opt/ros/jazzy/opt/gz_gui_vendor/lib:/opt/ros/jazzy/opt/gz_transport_vendor/lib:/opt/ros/jazzy/opt/gz_rendering_vendor/lib:/opt/ros/jazzy/opt/gz_plugin_vendor/lib:/opt/ros/jazzy/opt/gz_fuel_tools_vendor/lib:/opt/ros/jazzy/opt/gz_msgs_vendor/lib:/opt/ros/jazzy/opt/gz_common_vendor/lib:/opt/ros/jazzy/opt/gz_math_vendor/lib:/opt/ros/jazzy/opt/gz_utils_vendor/lib:/opt/ros/jazzy/opt/gz_tools_vendor/lib:/opt/ros/jazzy/opt/gz_ogre_next_vendor/lib:/opt/ros/jazzy/opt/gz_dartsim_vendor/lib:/opt/ros/jazzy/opt/gz_cmake_vendor/lib:/opt/ros/jazzy/lib PYTHONPATH=/home/ngan/Documents/test_github/lesson6_ws/install/image_geometry/lib/python3.12/site-packages:/home/ngan/Documents/test_github/lesson6_ws/install/cv_bridge/lib/python3.12/site-packages:/home/ngan/Documents/test_github/lesson6_ws/install/stop_sign_control/lib/python3.12/site-packages:/home/ngan/Documents/test_github/lesson6_ws/install/opencv_tests/lib/python3.12/site-packages:/home/ngan/Documents/test_github/lesson6_ws/install/darknet_ros_msgs/lib/python3.12/site-packages:/opt/ros/jazzy/lib/python3.12/site-packages /usr/bin/cmake --install /home/ngan/Documents/test_github/lesson6_ws/build/vision_opencv
[4.870s] Level 1:colcon.colcon_core.environment:create_environment_scripts_only(vision_opencv)
[4.871s] Level 1:colcon.colcon_core.environment:checking '/home/ngan/Documents/test_github/lesson6_ws/install/vision_opencv' for CMake module files
[4.871s] Level 1:colcon.colcon_core.environment:checking '/home/ngan/Documents/test_github/lesson6_ws/install/vision_opencv' for CMake config files
[4.872s] DEBUG:colcon.colcon_core.event_handler.log_command:Invoked command in '/home/ngan/Documents/test_github/lesson6_ws/build/vision_opencv' returned '0': CMAKE_PREFIX_PATH=/home/ngan/Documents/test_github/lesson6_ws/install/image_geometry:/home/ngan/Documents/test_github/lesson6_ws/install/cv_bridge:/home/ngan/Documents/test_github/lesson6_ws/install/vision_opencv:/home/ngan/Documents/test_github/lesson6_ws/install/rmitbot_mapping:/home/ngan/Documents/test_github/lesson6_ws/install/rmitbot_localization:/home/ngan/Documents/test_github/lesson6_ws/install/rmitbot_firmware:/home/ngan/Documents/test_github/lesson6_ws/install/rmitbot_description:/home/ngan/Documents/test_github/lesson6_ws/install/rmitbot_controller:/home/ngan/Documents/test_github/lesson6_ws/install/rmitbot_bringup:/home/ngan/Documents/test_github/lesson6_ws/install/darknet_ros:/home/ngan/Documents/test_github/lesson6_ws/install/darknet_ros_msgs:/home/ngan/Documents/test_github/lesson6_ws/install/Darknet:/opt/ros/jazzy/opt/gz_sim_vendor:/opt/ros/jazzy/opt/gz_sensors_vendor:/opt/ros/jazzy/opt/gz_physics_vendor:/opt/ros/jazzy/opt/sdformat_vendor:/opt/ros/jazzy/opt/gz_gui_vendor:/opt/ros/jazzy/opt/gz_transport_vendor:/opt/ros/jazzy/opt/gz_rendering_vendor:/opt/ros/jazzy/opt/gz_plugin_vendor:/opt/ros/jazzy/opt/gz_fuel_tools_vendor:/opt/ros/jazzy/opt/gz_msgs_vendor:/opt/ros/jazzy/opt/gz_common_vendor:/opt/ros/jazzy/opt/gz_math_vendor:/opt/ros/jazzy/opt/gz_utils_vendor:/opt/ros/jazzy/opt/gz_tools_vendor:/opt/ros/jazzy/opt/gz_ogre_next_vendor:/opt/ros/jazzy/opt/gz_dartsim_vendor:/opt/ros/jazzy/opt/gz_cmake_vendor:/home/ngan/Documents/test_github/lesson6_ws/install/stop_sign_control:/home/ngan/Documents/test_github/lesson6_ws/install/opencv_tests:/opt/ros/jazzy DEBUGINFOD_URLS=https://debuginfod.ubuntu.com LD_LIBRARY_PATH=/home/ngan/Documents/test_github/lesson6_ws/install/image_geometry/lib:/home/ngan/Documents/test_github/lesson6_ws/install/cv_bridge/lib:/home/ngan/Documents/test_github/lesson6_ws/install/rmitbot_firmware/lib:/home/ngan/Documents/test_github/lesson6_ws/install/darknet_ros/lib:/home/ngan/Documents/test_github/lesson6_ws/install/darknet_ros_msgs/lib:/opt/ros/jazzy/opt/gz_sim_vendor/lib:/opt/ros/jazzy/opt/gz_sensors_vendor/lib:/opt/ros/jazzy/opt/gz_physics_vendor/lib:/opt/ros/jazzy/opt/sdformat_vendor/lib:/opt/ros/jazzy/opt/rviz_ogre_vendor/lib:/opt/ros/jazzy/lib/aarch64-linux-gnu:/opt/ros/jazzy/opt/gz_gui_vendor/lib:/opt/ros/jazzy/opt/gz_transport_vendor/lib:/opt/ros/jazzy/opt/gz_rendering_vendor/lib:/opt/ros/jazzy/opt/gz_plugin_vendor/lib:/opt/ros/jazzy/opt/gz_fuel_tools_vendor/lib:/opt/ros/jazzy/opt/gz_msgs_vendor/lib:/opt/ros/jazzy/opt/gz_common_vendor/lib:/opt/ros/jazzy/opt/gz_math_vendor/lib:/opt/ros/jazzy/opt/gz_utils_vendor/lib:/opt/ros/jazzy/opt/gz_tools_vendor/lib:/opt/ros/jazzy/opt/gz_ogre_next_vendor/lib:/opt/ros/jazzy/opt/gz_dartsim_vendor/lib:/opt/ros/jazzy/opt/gz_cmake_vendor/lib:/opt/ros/jazzy/lib PYTHONPATH=/home/ngan/Documents/test_github/lesson6_ws/install/image_geometry/lib/python3.12/site-packages:/home/ngan/Documents/test_github/lesson6_ws/install/cv_bridge/lib/python3.12/site-packages:/home/ngan/Documents/test_github/lesson6_ws/install/stop_sign_control/lib/python3.12/site-packages:/home/ngan/Documents/test_github/lesson6_ws/install/opencv_tests/lib/python3.12/site-packages:/home/ngan/Documents/test_github/lesson6_ws/install/darknet_ros_msgs/lib/python3.12/site-packages:/opt/ros/jazzy/lib/python3.12/site-packages /usr/bin/cmake --install /home/ngan/Documents/test_github/lesson6_ws/build/vision_opencv
[4.874s] Level 1:colcon.colcon_core.shell:create_environment_hook('vision_opencv', 'cmake_prefix_path')
[4.874s] INFO:colcon.colcon_core.shell:Creating environment descriptor '/home/ngan/Documents/test_github/lesson6_ws/install/vision_opencv/share/vision_opencv/hook/cmake_prefix_path.dsv'
[4.879s] INFO:colcon.colcon_core.shell:Creating environment hook '/home/ngan/Documents/test_github/lesson6_ws/install/vision_opencv/share/vision_opencv/hook/cmake_prefix_path.sh'
[4.880s] Level 1:colcon.colcon_core.environment:checking '/home/ngan/Documents/test_github/lesson6_ws/install/vision_opencv/bin'
[4.880s] Level 1:colcon.colcon_core.environment:checking '/home/ngan/Documents/test_github/lesson6_ws/install/vision_opencv/lib/pkgconfig/vision_opencv.pc'
[4.880s] Level 1:colcon.colcon_core.environment:checking '/home/ngan/Documents/test_github/lesson6_ws/install/vision_opencv/lib/python3.12/site-packages'
[4.880s] Level 1:colcon.colcon_core.environment:checking '/home/ngan/Documents/test_github/lesson6_ws/install/vision_opencv/bin'
[4.881s] INFO:colcon.colcon_core.shell:Creating package descriptor '/home/ngan/Documents/test_github/lesson6_ws/install/vision_opencv/share/vision_opencv/package.dsv'
[4.881s] INFO:colcon.colcon_core.shell:Creating package script '/home/ngan/Documents/test_github/lesson6_ws/install/vision_opencv/share/vision_opencv/package.sh'
[4.885s] INFO:colcon.colcon_core.shell:Creating package script '/home/ngan/Documents/test_github/lesson6_ws/install/vision_opencv/share/vision_opencv/package.bash'
[4.885s] INFO:colcon.colcon_core.shell:Creating package script '/home/ngan/Documents/test_github/lesson6_ws/install/vision_opencv/share/vision_opencv/package.zsh'
[4.886s] Level 1:colcon.colcon_core.environment:create_file_with_runtime_dependencies(/home/ngan/Documents/test_github/lesson6_ws/install/vision_opencv/share/colcon-core/packages/vision_opencv)
[4.887s] Level 1:colcon.colcon_core.environment:create_environment_scripts_only(vision_opencv)
[4.887s] Level 1:colcon.colcon_core.environment:checking '/home/ngan/Documents/test_github/lesson6_ws/install/vision_opencv' for CMake module files
[4.891s] Level 1:colcon.colcon_core.environment:checking '/home/ngan/Documents/test_github/lesson6_ws/install/vision_opencv' for CMake config files
[4.891s] Level 1:colcon.colcon_core.shell:create_environment_hook('vision_opencv', 'cmake_prefix_path')
[4.892s] INFO:colcon.colcon_core.shell:Creating environment descriptor '/home/ngan/Documents/test_github/lesson6_ws/install/vision_opencv/share/vision_opencv/hook/cmake_prefix_path.dsv'
[4.892s] INFO:colcon.colcon_core.shell:Creating environment hook '/home/ngan/Documents/test_github/lesson6_ws/install/vision_opencv/share/vision_opencv/hook/cmake_prefix_path.sh'
[4.893s] Level 1:colcon.colcon_core.environment:checking '/home/ngan/Documents/test_github/lesson6_ws/install/vision_opencv/bin'
[4.893s] Level 1:colcon.colcon_core.environment:checking '/home/ngan/Documents/test_github/lesson6_ws/install/vision_opencv/lib/pkgconfig/vision_opencv.pc'
[4.899s] Level 1:colcon.colcon_core.environment:checking '/home/ngan/Documents/test_github/lesson6_ws/install/vision_opencv/lib/python3.12/site-packages'
[4.900s] Level 1:colcon.colcon_core.environment:checking '/home/ngan/Documents/test_github/lesson6_ws/install/vision_opencv/bin'
[4.901s] INFO:colcon.colcon_core.shell:Creating package descriptor '/home/ngan/Documents/test_github/lesson6_ws/install/vision_opencv/share/vision_opencv/package.dsv'
[4.907s] INFO:colcon.colcon_core.shell:Creating package script '/home/ngan/Documents/test_github/lesson6_ws/install/vision_opencv/share/vision_opencv/package.sh'
[4.916s] INFO:colcon.colcon_core.shell:Creating package script '/home/ngan/Documents/test_github/lesson6_ws/install/vision_opencv/share/vision_opencv/package.bash'
[4.922s] INFO:colcon.colcon_core.shell:Creating package script '/home/ngan/Documents/test_github/lesson6_ws/install/vision_opencv/share/vision_opencv/package.zsh'
[4.923s] Level 1:colcon.colcon_core.environment:create_file_with_runtime_dependencies(/home/ngan/Documents/test_github/lesson6_ws/install/vision_opencv/share/colcon-core/packages/vision_opencv)
[4.935s] DEBUG:colcon.colcon_core.event_handler.log_command:Invoked command in '/home/ngan/Documents/test_github/lesson6_ws/build/darknet_ros_msgs' returned '0': CMAKE_PREFIX_PATH=${CMAKE_PREFIX_PATH}:/home/ngan/Documents/test_github/lesson6_ws/install/stop_sign_control:/home/ngan/Documents/test_github/lesson6_ws/install/opencv_tests:/opt/ros/jazzy DEBUGINFOD_URLS=https://debuginfod.ubuntu.com /usr/bin/cmake --build /home/ngan/Documents/test_github/lesson6_ws/build/darknet_ros_msgs -- -j4 -l4
[4.936s] DEBUG:colcon.colcon_core.event_handler.log_command:Invoking command in '/home/ngan/Documents/test_github/lesson6_ws/build/darknet_ros_msgs': CMAKE_PREFIX_PATH=${CMAKE_PREFIX_PATH}:/home/ngan/Documents/test_github/lesson6_ws/install/stop_sign_control:/home/ngan/Documents/test_github/lesson6_ws/install/opencv_tests:/opt/ros/jazzy DEBUGINFOD_URLS=https://debuginfod.ubuntu.com /usr/bin/cmake --install /home/ngan/Documents/test_github/lesson6_ws/build/darknet_ros_msgs
[5.205s] Level 1:colcon.colcon_core.environment:create_environment_scripts_only(darknet_ros_msgs)
[5.205s] Level 1:colcon.colcon_core.environment:checking '/home/ngan/Documents/test_github/lesson6_ws/install/darknet_ros_msgs' for CMake module files
[5.207s] DEBUG:colcon.colcon_core.event_handler.log_command:Invoked command in '/home/ngan/Documents/test_github/lesson6_ws/build/darknet_ros_msgs' returned '0': CMAKE_PREFIX_PATH=${CMAKE_PREFIX_PATH}:/home/ngan/Documents/test_github/lesson6_ws/install/stop_sign_control:/home/ngan/Documents/test_github/lesson6_ws/install/opencv_tests:/opt/ros/jazzy DEBUGINFOD_URLS=https://debuginfod.ubuntu.com /usr/bin/cmake --install /home/ngan/Documents/test_github/lesson6_ws/build/darknet_ros_msgs
[5.211s] Level 1:colcon.colcon_core.environment:checking '/home/ngan/Documents/test_github/lesson6_ws/install/darknet_ros_msgs' for CMake config files
[5.212s] Level 1:colcon.colcon_core.shell:create_environment_hook('darknet_ros_msgs', 'cmake_prefix_path')
[5.212s] INFO:colcon.colcon_core.shell:Creating environment descriptor '/home/ngan/Documents/test_github/lesson6_ws/install/darknet_ros_msgs/share/darknet_ros_msgs/hook/cmake_prefix_path.dsv'
[5.217s] INFO:colcon.colcon_core.shell:Creating environment hook '/home/ngan/Documents/test_github/lesson6_ws/install/darknet_ros_msgs/share/darknet_ros_msgs/hook/cmake_prefix_path.sh'
[5.222s] Level 1:colcon.colcon_core.environment:checking '/home/ngan/Documents/test_github/lesson6_ws/install/darknet_ros_msgs/lib'
[5.222s] Level 1:colcon.colcon_core.shell:create_environment_hook('darknet_ros_msgs', 'ld_library_path_lib')
[5.222s] INFO:colcon.colcon_core.shell:Creating environment descriptor '/home/ngan/Documents/test_github/lesson6_ws/install/darknet_ros_msgs/share/darknet_ros_msgs/hook/ld_library_path_lib.dsv'
[5.223s] INFO:colcon.colcon_core.shell:Creating environment hook '/home/ngan/Documents/test_github/lesson6_ws/install/darknet_ros_msgs/share/darknet_ros_msgs/hook/ld_library_path_lib.sh'
[5.225s] Level 1:colcon.colcon_core.environment:checking '/home/ngan/Documents/test_github/lesson6_ws/install/darknet_ros_msgs/bin'
[5.225s] Level 1:colcon.colcon_core.environment:checking '/home/ngan/Documents/test_github/lesson6_ws/install/darknet_ros_msgs/lib/pkgconfig/darknet_ros_msgs.pc'
[5.228s] Level 1:colcon.colcon_core.environment:checking '/home/ngan/Documents/test_github/lesson6_ws/install/darknet_ros_msgs/lib/python3.12/site-packages'
[5.228s] Level 1:colcon.colcon_core.shell:create_environment_hook('darknet_ros_msgs', 'pythonpath')
[5.228s] INFO:colcon.colcon_core.shell:Creating environment descriptor '/home/ngan/Documents/test_github/lesson6_ws/install/darknet_ros_msgs/share/darknet_ros_msgs/hook/pythonpath.dsv'
[5.229s] INFO:colcon.colcon_core.shell:Creating environment hook '/home/ngan/Documents/test_github/lesson6_ws/install/darknet_ros_msgs/share/darknet_ros_msgs/hook/pythonpath.sh'
[5.233s] Level 1:colcon.colcon_core.environment:checking '/home/ngan/Documents/test_github/lesson6_ws/install/darknet_ros_msgs/bin'
[5.233s] INFO:colcon.colcon_core.shell:Creating package descriptor '/home/ngan/Documents/test_github/lesson6_ws/install/darknet_ros_msgs/share/darknet_ros_msgs/package.dsv'
[5.234s] INFO:colcon.colcon_core.shell:Creating package script '/home/ngan/Documents/test_github/lesson6_ws/install/darknet_ros_msgs/share/darknet_ros_msgs/package.sh'
[5.235s] INFO:colcon.colcon_core.shell:Creating package script '/home/ngan/Documents/test_github/lesson6_ws/install/darknet_ros_msgs/share/darknet_ros_msgs/package.bash'
[5.236s] INFO:colcon.colcon_core.shell:Creating package script '/home/ngan/Documents/test_github/lesson6_ws/install/darknet_ros_msgs/share/darknet_ros_msgs/package.zsh'
[5.238s] Level 1:colcon.colcon_core.environment:create_file_with_runtime_dependencies(/home/ngan/Documents/test_github/lesson6_ws/install/darknet_ros_msgs/share/colcon-core/packages/darknet_ros_msgs)
[5.240s] Level 1:colcon.colcon_core.environment:create_environment_scripts_only(darknet_ros_msgs)
[5.241s] Level 1:colcon.colcon_core.environment:checking '/home/ngan/Documents/test_github/lesson6_ws/install/darknet_ros_msgs' for CMake module files
[5.246s] Level 1:colcon.colcon_core.environment:checking '/home/ngan/Documents/test_github/lesson6_ws/install/darknet_ros_msgs' for CMake config files
[5.250s] Level 1:colcon.colcon_core.shell:create_environment_hook('darknet_ros_msgs', 'cmake_prefix_path')
[5.250s] INFO:colcon.colcon_core.shell:Creating environment descriptor '/home/ngan/Documents/test_github/lesson6_ws/install/darknet_ros_msgs/share/darknet_ros_msgs/hook/cmake_prefix_path.dsv'
[5.251s] INFO:colcon.colcon_core.shell:Creating environment hook '/home/ngan/Documents/test_github/lesson6_ws/install/darknet_ros_msgs/share/darknet_ros_msgs/hook/cmake_prefix_path.sh'
[5.254s] Level 1:colcon.colcon_core.environment:checking '/home/ngan/Documents/test_github/lesson6_ws/install/darknet_ros_msgs/lib'
[5.254s] Level 1:colcon.colcon_core.shell:create_environment_hook('darknet_ros_msgs', 'ld_library_path_lib')
[5.255s] INFO:colcon.colcon_core.shell:Creating environment descriptor '/home/ngan/Documents/test_github/lesson6_ws/install/darknet_ros_msgs/share/darknet_ros_msgs/hook/ld_library_path_lib.dsv'
[5.255s] INFO:colcon.colcon_core.shell:Creating environment hook '/home/ngan/Documents/test_github/lesson6_ws/install/darknet_ros_msgs/share/darknet_ros_msgs/hook/ld_library_path_lib.sh'
[5.256s] Level 1:colcon.colcon_core.environment:checking '/home/ngan/Documents/test_github/lesson6_ws/install/darknet_ros_msgs/bin'
[5.256s] Level 1:colcon.colcon_core.environment:checking '/home/ngan/Documents/test_github/lesson6_ws/install/darknet_ros_msgs/lib/pkgconfig/darknet_ros_msgs.pc'
[5.257s] Level 1:colcon.colcon_core.environment:checking '/home/ngan/Documents/test_github/lesson6_ws/install/darknet_ros_msgs/lib/python3.12/site-packages'
[5.257s] Level 1:colcon.colcon_core.shell:create_environment_hook('darknet_ros_msgs', 'pythonpath')
[5.257s] INFO:colcon.colcon_core.shell:Creating environment descriptor '/home/ngan/Documents/test_github/lesson6_ws/install/darknet_ros_msgs/share/darknet_ros_msgs/hook/pythonpath.dsv'
[5.258s] INFO:colcon.colcon_core.shell:Creating environment hook '/home/ngan/Documents/test_github/lesson6_ws/install/darknet_ros_msgs/share/darknet_ros_msgs/hook/pythonpath.sh'
[5.259s] Level 1:colcon.colcon_core.environment:checking '/home/ngan/Documents/test_github/lesson6_ws/install/darknet_ros_msgs/bin'
[5.259s] INFO:colcon.colcon_core.shell:Creating package descriptor '/home/ngan/Documents/test_github/lesson6_ws/install/darknet_ros_msgs/share/darknet_ros_msgs/package.dsv'
[5.261s] INFO:colcon.colcon_core.shell:Creating package script '/home/ngan/Documents/test_github/lesson6_ws/install/darknet_ros_msgs/share/darknet_ros_msgs/package.sh'
[5.263s] INFO:colcon.colcon_core.shell:Creating package script '/home/ngan/Documents/test_github/lesson6_ws/install/darknet_ros_msgs/share/darknet_ros_msgs/package.bash'
[5.264s] INFO:colcon.colcon_core.shell:Creating package script '/home/ngan/Documents/test_github/lesson6_ws/install/darknet_ros_msgs/share/darknet_ros_msgs/package.zsh'
[5.265s] Level 1:colcon.colcon_core.environment:create_file_with_runtime_dependencies(/home/ngan/Documents/test_github/lesson6_ws/install/darknet_ros_msgs/share/colcon-core/packages/darknet_ros_msgs)
[5.266s] INFO:colcon.colcon_ros.task.ament_cmake.build:Building ROS package in '/home/ngan/Documents/test_github/lesson6_ws/src/rmitbot_vision/darknet_ros/darknet_ros/darknet_ros' with build type 'ament_cmake'
[5.267s] INFO:colcon.colcon_cmake.task.cmake.build:Building CMake package in '/home/ngan/Documents/test_github/lesson6_ws/src/rmitbot_vision/darknet_ros/darknet_ros/darknet_ros'
[5.267s] DEBUG:colcon.colcon_core.shell:Skip shell extension 'dsv' for command environment
[5.280s] INFO:colcon.colcon_ros.task.ament_python.build:Building ROS package in '/home/ngan/Documents/test_github/lesson6_ws/src/rmitbot_vision/stop_sign_control' with build type 'ament_python'
[5.280s] Level 1:colcon.colcon_core.shell:create_environment_hook('stop_sign_control', 'ament_prefix_path')
[5.281s] INFO:colcon.colcon_core.shell:Creating environment descriptor '/home/ngan/Documents/test_github/lesson6_ws/install/stop_sign_control/share/stop_sign_control/hook/ament_prefix_path.dsv'
[5.281s] INFO:colcon.colcon_core.shell:Creating environment hook '/home/ngan/Documents/test_github/lesson6_ws/install/stop_sign_control/share/stop_sign_control/hook/ament_prefix_path.sh'
[5.285s] DEBUG:colcon.colcon_core.shell:Skip shell extension 'dsv' for command environment
[5.321s] DEBUG:colcon.colcon_core.event_handler.log_command:Invoking command in '/home/ngan/Documents/test_github/lesson6_ws/build/darknet_ros': CMAKE_PREFIX_PATH=/home/ngan/Documents/test_github/lesson6_ws/install/darknet_ros_msgs:/home/ngan/Documents/test_github/lesson6_ws/install/cv_bridge:/home/ngan/Documents/test_github/lesson6_ws/install/vision_opencv:/home/ngan/Documents/test_github/lesson6_ws/install/rmitbot_mapping:/home/ngan/Documents/test_github/lesson6_ws/install/rmitbot_localization:/home/ngan/Documents/test_github/lesson6_ws/install/rmitbot_firmware:/home/ngan/Documents/test_github/lesson6_ws/install/rmitbot_description:/home/ngan/Documents/test_github/lesson6_ws/install/rmitbot_controller:/home/ngan/Documents/test_github/lesson6_ws/install/rmitbot_bringup:/home/ngan/Documents/test_github/lesson6_ws/install/image_geometry:/home/ngan/Documents/test_github/lesson6_ws/install/darknet_ros:/home/ngan/Documents/test_github/lesson6_ws/install/Darknet:/opt/ros/jazzy/opt/gz_sim_vendor:/opt/ros/jazzy/opt/gz_sensors_vendor:/opt/ros/jazzy/opt/gz_physics_vendor:/opt/ros/jazzy/opt/sdformat_vendor:/opt/ros/jazzy/opt/gz_gui_vendor:/opt/ros/jazzy/opt/gz_transport_vendor:/opt/ros/jazzy/opt/gz_rendering_vendor:/opt/ros/jazzy/opt/gz_plugin_vendor:/opt/ros/jazzy/opt/gz_fuel_tools_vendor:/opt/ros/jazzy/opt/gz_msgs_vendor:/opt/ros/jazzy/opt/gz_common_vendor:/opt/ros/jazzy/opt/gz_math_vendor:/opt/ros/jazzy/opt/gz_utils_vendor:/opt/ros/jazzy/opt/gz_tools_vendor:/opt/ros/jazzy/opt/gz_ogre_next_vendor:/opt/ros/jazzy/opt/gz_dartsim_vendor:/opt/ros/jazzy/opt/gz_cmake_vendor:/home/ngan/Documents/test_github/lesson6_ws/install/stop_sign_control:/home/ngan/Documents/test_github/lesson6_ws/install/opencv_tests:/opt/ros/jazzy DEBUGINFOD_URLS=https://debuginfod.ubuntu.com LD_LIBRARY_PATH=/home/ngan/Documents/test_github/lesson6_ws/install/darknet_ros_msgs/lib:/home/ngan/Documents/test_github/lesson6_ws/install/cv_bridge/lib:/home/ngan/Documents/test_github/lesson6_ws/install/rmitbot_firmware/lib:/home/ngan/Documents/test_github/lesson6_ws/install/image_geometry/lib:/home/ngan/Documents/test_github/lesson6_ws/install/darknet_ros/lib:/opt/ros/jazzy/opt/gz_sim_vendor/lib:/opt/ros/jazzy/opt/gz_sensors_vendor/lib:/opt/ros/jazzy/opt/gz_physics_vendor/lib:/opt/ros/jazzy/opt/sdformat_vendor/lib:/opt/ros/jazzy/opt/rviz_ogre_vendor/lib:/opt/ros/jazzy/lib/aarch64-linux-gnu:/opt/ros/jazzy/opt/gz_gui_vendor/lib:/opt/ros/jazzy/opt/gz_transport_vendor/lib:/opt/ros/jazzy/opt/gz_rendering_vendor/lib:/opt/ros/jazzy/opt/gz_plugin_vendor/lib:/opt/ros/jazzy/opt/gz_fuel_tools_vendor/lib:/opt/ros/jazzy/opt/gz_msgs_vendor/lib:/opt/ros/jazzy/opt/gz_common_vendor/lib:/opt/ros/jazzy/opt/gz_math_vendor/lib:/opt/ros/jazzy/opt/gz_utils_vendor/lib:/opt/ros/jazzy/opt/gz_tools_vendor/lib:/opt/ros/jazzy/opt/gz_ogre_next_vendor/lib:/opt/ros/jazzy/opt/gz_dartsim_vendor/lib:/opt/ros/jazzy/opt/gz_cmake_vendor/lib:/opt/ros/jazzy/lib PYTHONPATH=/home/ngan/Documents/test_github/lesson6_ws/install/darknet_ros_msgs/lib/python3.12/site-packages:/home/ngan/Documents/test_github/lesson6_ws/install/cv_bridge/lib/python3.12/site-packages:/home/ngan/Documents/test_github/lesson6_ws/install/stop_sign_control/lib/python3.12/site-packages:/home/ngan/Documents/test_github/lesson6_ws/install/opencv_tests/lib/python3.12/site-packages:/home/ngan/Documents/test_github/lesson6_ws/install/image_geometry/lib/python3.12/site-packages:/opt/ros/jazzy/lib/python3.12/site-packages /usr/bin/cmake --build /home/ngan/Documents/test_github/lesson6_ws/build/darknet_ros -- -j4 -l4
[6.231s] INFO:colcon.colcon_core.task.python.build:Building Python package in '/home/ngan/Documents/test_github/lesson6_ws/src/rmitbot_vision/stop_sign_control'
[6.242s] DEBUG:colcon.colcon_core.shell:Skip shell extension 'dsv' for command environment
[6.322s] DEBUG:colcon.colcon_core.event_handler.log_command:Invoked command in '/home/ngan/Documents/test_github/lesson6_ws/build/darknet_ros' returned '0': CMAKE_PREFIX_PATH=/home/ngan/Documents/test_github/lesson6_ws/install/darknet_ros_msgs:/home/ngan/Documents/test_github/lesson6_ws/install/cv_bridge:/home/ngan/Documents/test_github/lesson6_ws/install/vision_opencv:/home/ngan/Documents/test_github/lesson6_ws/install/rmitbot_mapping:/home/ngan/Documents/test_github/lesson6_ws/install/rmitbot_localization:/home/ngan/Documents/test_github/lesson6_ws/install/rmitbot_firmware:/home/ngan/Documents/test_github/lesson6_ws/install/rmitbot_description:/home/ngan/Documents/test_github/lesson6_ws/install/rmitbot_controller:/home/ngan/Documents/test_github/lesson6_ws/install/rmitbot_bringup:/home/ngan/Documents/test_github/lesson6_ws/install/image_geometry:/home/ngan/Documents/test_github/lesson6_ws/install/darknet_ros:/home/ngan/Documents/test_github/lesson6_ws/install/Darknet:/opt/ros/jazzy/opt/gz_sim_vendor:/opt/ros/jazzy/opt/gz_sensors_vendor:/opt/ros/jazzy/opt/gz_physics_vendor:/opt/ros/jazzy/opt/sdformat_vendor:/opt/ros/jazzy/opt/gz_gui_vendor:/opt/ros/jazzy/opt/gz_transport_vendor:/opt/ros/jazzy/opt/gz_rendering_vendor:/opt/ros/jazzy/opt/gz_plugin_vendor:/opt/ros/jazzy/opt/gz_fuel_tools_vendor:/opt/ros/jazzy/opt/gz_msgs_vendor:/opt/ros/jazzy/opt/gz_common_vendor:/opt/ros/jazzy/opt/gz_math_vendor:/opt/ros/jazzy/opt/gz_utils_vendor:/opt/ros/jazzy/opt/gz_tools_vendor:/opt/ros/jazzy/opt/gz_ogre_next_vendor:/opt/ros/jazzy/opt/gz_dartsim_vendor:/opt/ros/jazzy/opt/gz_cmake_vendor:/home/ngan/Documents/test_github/lesson6_ws/install/stop_sign_control:/home/ngan/Documents/test_github/lesson6_ws/install/opencv_tests:/opt/ros/jazzy DEBUGINFOD_URLS=https://debuginfod.ubuntu.com LD_LIBRARY_PATH=/home/ngan/Documents/test_github/lesson6_ws/install/darknet_ros_msgs/lib:/home/ngan/Documents/test_github/lesson6_ws/install/cv_bridge/lib:/home/ngan/Documents/test_github/lesson6_ws/install/rmitbot_firmware/lib:/home/ngan/Documents/test_github/lesson6_ws/install/image_geometry/lib:/home/ngan/Documents/test_github/lesson6_ws/install/darknet_ros/lib:/opt/ros/jazzy/opt/gz_sim_vendor/lib:/opt/ros/jazzy/opt/gz_sensors_vendor/lib:/opt/ros/jazzy/opt/gz_physics_vendor/lib:/opt/ros/jazzy/opt/sdformat_vendor/lib:/opt/ros/jazzy/opt/rviz_ogre_vendor/lib:/opt/ros/jazzy/lib/aarch64-linux-gnu:/opt/ros/jazzy/opt/gz_gui_vendor/lib:/opt/ros/jazzy/opt/gz_transport_vendor/lib:/opt/ros/jazzy/opt/gz_rendering_vendor/lib:/opt/ros/jazzy/opt/gz_plugin_vendor/lib:/opt/ros/jazzy/opt/gz_fuel_tools_vendor/lib:/opt/ros/jazzy/opt/gz_msgs_vendor/lib:/opt/ros/jazzy/opt/gz_common_vendor/lib:/opt/ros/jazzy/opt/gz_math_vendor/lib:/opt/ros/jazzy/opt/gz_utils_vendor/lib:/opt/ros/jazzy/opt/gz_tools_vendor/lib:/opt/ros/jazzy/opt/gz_ogre_next_vendor/lib:/opt/ros/jazzy/opt/gz_dartsim_vendor/lib:/opt/ros/jazzy/opt/gz_cmake_vendor/lib:/opt/ros/jazzy/lib PYTHONPATH=/home/ngan/Documents/test_github/lesson6_ws/install/darknet_ros_msgs/lib/python3.12/site-packages:/home/ngan/Documents/test_github/lesson6_ws/install/cv_bridge/lib/python3.12/site-packages:/home/ngan/Documents/test_github/lesson6_ws/install/stop_sign_control/lib/python3.12/site-packages:/home/ngan/Documents/test_github/lesson6_ws/install/opencv_tests/lib/python3.12/site-packages:/home/ngan/Documents/test_github/lesson6_ws/install/image_geometry/lib/python3.12/site-packages:/opt/ros/jazzy/lib/python3.12/site-packages /usr/bin/cmake --build /home/ngan/Documents/test_github/lesson6_ws/build/darknet_ros -- -j4 -l4
[6.323s] DEBUG:colcon.colcon_core.event_handler.log_command:Invoking command in '/home/ngan/Documents/test_github/lesson6_ws/build/darknet_ros': CMAKE_PREFIX_PATH=/home/ngan/Documents/test_github/lesson6_ws/install/darknet_ros_msgs:/home/ngan/Documents/test_github/lesson6_ws/install/cv_bridge:/home/ngan/Documents/test_github/lesson6_ws/install/vision_opencv:/home/ngan/Documents/test_github/lesson6_ws/install/rmitbot_mapping:/home/ngan/Documents/test_github/lesson6_ws/install/rmitbot_localization:/home/ngan/Documents/test_github/lesson6_ws/install/rmitbot_firmware:/home/ngan/Documents/test_github/lesson6_ws/install/rmitbot_description:/home/ngan/Documents/test_github/lesson6_ws/install/rmitbot_controller:/home/ngan/Documents/test_github/lesson6_ws/install/rmitbot_bringup:/home/ngan/Documents/test_github/lesson6_ws/install/image_geometry:/home/ngan/Documents/test_github/lesson6_ws/install/darknet_ros:/home/ngan/Documents/test_github/lesson6_ws/install/Darknet:/opt/ros/jazzy/opt/gz_sim_vendor:/opt/ros/jazzy/opt/gz_sensors_vendor:/opt/ros/jazzy/opt/gz_physics_vendor:/opt/ros/jazzy/opt/sdformat_vendor:/opt/ros/jazzy/opt/gz_gui_vendor:/opt/ros/jazzy/opt/gz_transport_vendor:/opt/ros/jazzy/opt/gz_rendering_vendor:/opt/ros/jazzy/opt/gz_plugin_vendor:/opt/ros/jazzy/opt/gz_fuel_tools_vendor:/opt/ros/jazzy/opt/gz_msgs_vendor:/opt/ros/jazzy/opt/gz_common_vendor:/opt/ros/jazzy/opt/gz_math_vendor:/opt/ros/jazzy/opt/gz_utils_vendor:/opt/ros/jazzy/opt/gz_tools_vendor:/opt/ros/jazzy/opt/gz_ogre_next_vendor:/opt/ros/jazzy/opt/gz_dartsim_vendor:/opt/ros/jazzy/opt/gz_cmake_vendor:/home/ngan/Documents/test_github/lesson6_ws/install/stop_sign_control:/home/ngan/Documents/test_github/lesson6_ws/install/opencv_tests:/opt/ros/jazzy DEBUGINFOD_URLS=https://debuginfod.ubuntu.com LD_LIBRARY_PATH=/home/ngan/Documents/test_github/lesson6_ws/install/darknet_ros_msgs/lib:/home/ngan/Documents/test_github/lesson6_ws/install/cv_bridge/lib:/home/ngan/Documents/test_github/lesson6_ws/install/rmitbot_firmware/lib:/home/ngan/Documents/test_github/lesson6_ws/install/image_geometry/lib:/home/ngan/Documents/test_github/lesson6_ws/install/darknet_ros/lib:/opt/ros/jazzy/opt/gz_sim_vendor/lib:/opt/ros/jazzy/opt/gz_sensors_vendor/lib:/opt/ros/jazzy/opt/gz_physics_vendor/lib:/opt/ros/jazzy/opt/sdformat_vendor/lib:/opt/ros/jazzy/opt/rviz_ogre_vendor/lib:/opt/ros/jazzy/lib/aarch64-linux-gnu:/opt/ros/jazzy/opt/gz_gui_vendor/lib:/opt/ros/jazzy/opt/gz_transport_vendor/lib:/opt/ros/jazzy/opt/gz_rendering_vendor/lib:/opt/ros/jazzy/opt/gz_plugin_vendor/lib:/opt/ros/jazzy/opt/gz_fuel_tools_vendor/lib:/opt/ros/jazzy/opt/gz_msgs_vendor/lib:/opt/ros/jazzy/opt/gz_common_vendor/lib:/opt/ros/jazzy/opt/gz_math_vendor/lib:/opt/ros/jazzy/opt/gz_utils_vendor/lib:/opt/ros/jazzy/opt/gz_tools_vendor/lib:/opt/ros/jazzy/opt/gz_ogre_next_vendor/lib:/opt/ros/jazzy/opt/gz_dartsim_vendor/lib:/opt/ros/jazzy/opt/gz_cmake_vendor/lib:/opt/ros/jazzy/lib PYTHONPATH=/home/ngan/Documents/test_github/lesson6_ws/install/darknet_ros_msgs/lib/python3.12/site-packages:/home/ngan/Documents/test_github/lesson6_ws/install/cv_bridge/lib/python3.12/site-packages:/home/ngan/Documents/test_github/lesson6_ws/install/stop_sign_control/lib/python3.12/site-packages:/home/ngan/Documents/test_github/lesson6_ws/install/opencv_tests/lib/python3.12/site-packages:/home/ngan/Documents/test_github/lesson6_ws/install/image_geometry/lib/python3.12/site-packages:/opt/ros/jazzy/lib/python3.12/site-packages /usr/bin/cmake --install /home/ngan/Documents/test_github/lesson6_ws/build/darknet_ros
[6.371s] Level 1:colcon.colcon_core.environment:create_environment_scripts_only(darknet_ros)
[6.372s] Level 1:colcon.colcon_core.environment:checking '/home/ngan/Documents/test_github/lesson6_ws/install/darknet_ros' for CMake module files
[6.372s] Level 1:colcon.colcon_core.environment:checking '/home/ngan/Documents/test_github/lesson6_ws/install/darknet_ros' for CMake config files
[6.373s] Level 1:colcon.colcon_core.shell:create_environment_hook('darknet_ros', 'cmake_prefix_path')
[6.373s] INFO:colcon.colcon_core.shell:Creating environment descriptor '/home/ngan/Documents/test_github/lesson6_ws/install/darknet_ros/share/darknet_ros/hook/cmake_prefix_path.dsv'
[6.379s] INFO:colcon.colcon_core.shell:Creating environment hook '/home/ngan/Documents/test_github/lesson6_ws/install/darknet_ros/share/darknet_ros/hook/cmake_prefix_path.sh'
[6.383s] Level 1:colcon.colcon_core.environment:checking '/home/ngan/Documents/test_github/lesson6_ws/install/darknet_ros/lib'
[6.383s] Level 1:colcon.colcon_core.environment:checking '/home/ngan/Documents/test_github/lesson6_ws/install/darknet_ros/bin'
[6.383s] Level 1:colcon.colcon_core.environment:checking '/home/ngan/Documents/test_github/lesson6_ws/install/darknet_ros/lib/pkgconfig/darknet_ros.pc'
[6.383s] Level 1:colcon.colcon_core.environment:checking '/home/ngan/Documents/test_github/lesson6_ws/install/darknet_ros/lib/python3.12/site-packages'
[6.387s] Level 1:colcon.colcon_core.environment:checking '/home/ngan/Documents/test_github/lesson6_ws/install/darknet_ros/bin'
[6.397s] INFO:colcon.colcon_core.shell:Creating package descriptor '/home/ngan/Documents/test_github/lesson6_ws/install/darknet_ros/share/darknet_ros/package.dsv'
[6.397s] INFO:colcon.colcon_core.shell:Creating package script '/home/ngan/Documents/test_github/lesson6_ws/install/darknet_ros/share/darknet_ros/package.sh'
[6.398s] DEBUG:colcon.colcon_core.event_handler.log_command:Invoked command in '/home/ngan/Documents/test_github/lesson6_ws/build/darknet_ros' returned '0': CMAKE_PREFIX_PATH=/home/ngan/Documents/test_github/lesson6_ws/install/darknet_ros_msgs:/home/ngan/Documents/test_github/lesson6_ws/install/cv_bridge:/home/ngan/Documents/test_github/lesson6_ws/install/vision_opencv:/home/ngan/Documents/test_github/lesson6_ws/install/rmitbot_mapping:/home/ngan/Documents/test_github/lesson6_ws/install/rmitbot_localization:/home/ngan/Documents/test_github/lesson6_ws/install/rmitbot_firmware:/home/ngan/Documents/test_github/lesson6_ws/install/rmitbot_description:/home/ngan/Documents/test_github/lesson6_ws/install/rmitbot_controller:/home/ngan/Documents/test_github/lesson6_ws/install/rmitbot_bringup:/home/ngan/Documents/test_github/lesson6_ws/install/image_geometry:/home/ngan/Documents/test_github/lesson6_ws/install/darknet_ros:/home/ngan/Documents/test_github/lesson6_ws/install/Darknet:/opt/ros/jazzy/opt/gz_sim_vendor:/opt/ros/jazzy/opt/gz_sensors_vendor:/opt/ros/jazzy/opt/gz_physics_vendor:/opt/ros/jazzy/opt/sdformat_vendor:/opt/ros/jazzy/opt/gz_gui_vendor:/opt/ros/jazzy/opt/gz_transport_vendor:/opt/ros/jazzy/opt/gz_rendering_vendor:/opt/ros/jazzy/opt/gz_plugin_vendor:/opt/ros/jazzy/opt/gz_fuel_tools_vendor:/opt/ros/jazzy/opt/gz_msgs_vendor:/opt/ros/jazzy/opt/gz_common_vendor:/opt/ros/jazzy/opt/gz_math_vendor:/opt/ros/jazzy/opt/gz_utils_vendor:/opt/ros/jazzy/opt/gz_tools_vendor:/opt/ros/jazzy/opt/gz_ogre_next_vendor:/opt/ros/jazzy/opt/gz_dartsim_vendor:/opt/ros/jazzy/opt/gz_cmake_vendor:/home/ngan/Documents/test_github/lesson6_ws/install/stop_sign_control:/home/ngan/Documents/test_github/lesson6_ws/install/opencv_tests:/opt/ros/jazzy DEBUGINFOD_URLS=https://debuginfod.ubuntu.com LD_LIBRARY_PATH=/home/ngan/Documents/test_github/lesson6_ws/install/darknet_ros_msgs/lib:/home/ngan/Documents/test_github/lesson6_ws/install/cv_bridge/lib:/home/ngan/Documents/test_github/lesson6_ws/install/rmitbot_firmware/lib:/home/ngan/Documents/test_github/lesson6_ws/install/image_geometry/lib:/home/ngan/Documents/test_github/lesson6_ws/install/darknet_ros/lib:/opt/ros/jazzy/opt/gz_sim_vendor/lib:/opt/ros/jazzy/opt/gz_sensors_vendor/lib:/opt/ros/jazzy/opt/gz_physics_vendor/lib:/opt/ros/jazzy/opt/sdformat_vendor/lib:/opt/ros/jazzy/opt/rviz_ogre_vendor/lib:/opt/ros/jazzy/lib/aarch64-linux-gnu:/opt/ros/jazzy/opt/gz_gui_vendor/lib:/opt/ros/jazzy/opt/gz_transport_vendor/lib:/opt/ros/jazzy/opt/gz_rendering_vendor/lib:/opt/ros/jazzy/opt/gz_plugin_vendor/lib:/opt/ros/jazzy/opt/gz_fuel_tools_vendor/lib:/opt/ros/jazzy/opt/gz_msgs_vendor/lib:/opt/ros/jazzy/opt/gz_common_vendor/lib:/opt/ros/jazzy/opt/gz_math_vendor/lib:/opt/ros/jazzy/opt/gz_utils_vendor/lib:/opt/ros/jazzy/opt/gz_tools_vendor/lib:/opt/ros/jazzy/opt/gz_ogre_next_vendor/lib:/opt/ros/jazzy/opt/gz_dartsim_vendor/lib:/opt/ros/jazzy/opt/gz_cmake_vendor/lib:/opt/ros/jazzy/lib PYTHONPATH=/home/ngan/Documents/test_github/lesson6_ws/install/darknet_ros_msgs/lib/python3.12/site-packages:/home/ngan/Documents/test_github/lesson6_ws/install/cv_bridge/lib/python3.12/site-packages:/home/ngan/Documents/test_github/lesson6_ws/install/stop_sign_control/lib/python3.12/site-packages:/home/ngan/Documents/test_github/lesson6_ws/install/opencv_tests/lib/python3.12/site-packages:/home/ngan/Documents/test_github/lesson6_ws/install/image_geometry/lib/python3.12/site-packages:/opt/ros/jazzy/lib/python3.12/site-packages /usr/bin/cmake --install /home/ngan/Documents/test_github/lesson6_ws/build/darknet_ros
[6.399s] INFO:colcon.colcon_core.shell:Creating package script '/home/ngan/Documents/test_github/lesson6_ws/install/darknet_ros/share/darknet_ros/package.bash'
[6.417s] INFO:colcon.colcon_core.shell:Creating package script '/home/ngan/Documents/test_github/lesson6_ws/install/darknet_ros/share/darknet_ros/package.zsh'
[6.419s] Level 1:colcon.colcon_core.environment:create_file_with_runtime_dependencies(/home/ngan/Documents/test_github/lesson6_ws/install/darknet_ros/share/colcon-core/packages/darknet_ros)
[6.427s] Level 1:colcon.colcon_core.environment:create_environment_scripts_only(darknet_ros)
[6.434s] Level 1:colcon.colcon_core.environment:checking '/home/ngan/Documents/test_github/lesson6_ws/install/darknet_ros' for CMake module files
[6.447s] Level 1:colcon.colcon_core.environment:checking '/home/ngan/Documents/test_github/lesson6_ws/install/darknet_ros' for CMake config files
[6.448s] Level 1:colcon.colcon_core.shell:create_environment_hook('darknet_ros', 'cmake_prefix_path')
[6.449s] INFO:colcon.colcon_core.shell:Creating environment descriptor '/home/ngan/Documents/test_github/lesson6_ws/install/darknet_ros/share/darknet_ros/hook/cmake_prefix_path.dsv'
[6.458s] INFO:colcon.colcon_core.shell:Creating environment hook '/home/ngan/Documents/test_github/lesson6_ws/install/darknet_ros/share/darknet_ros/hook/cmake_prefix_path.sh'
[6.465s] Level 1:colcon.colcon_core.environment:checking '/home/ngan/Documents/test_github/lesson6_ws/install/darknet_ros/lib'
[6.465s] Level 1:colcon.colcon_core.environment:checking '/home/ngan/Documents/test_github/lesson6_ws/install/darknet_ros/bin'
[6.465s] Level 1:colcon.colcon_core.environment:checking '/home/ngan/Documents/test_github/lesson6_ws/install/darknet_ros/lib/pkgconfig/darknet_ros.pc'
[6.465s] Level 1:colcon.colcon_core.environment:checking '/home/ngan/Documents/test_github/lesson6_ws/install/darknet_ros/lib/python3.12/site-packages'
[6.470s] Level 1:colcon.colcon_core.environment:checking '/home/ngan/Documents/test_github/lesson6_ws/install/darknet_ros/bin'
[6.470s] INFO:colcon.colcon_core.shell:Creating package descriptor '/home/ngan/Documents/test_github/lesson6_ws/install/darknet_ros/share/darknet_ros/package.dsv'
[6.471s] INFO:colcon.colcon_core.shell:Creating package script '/home/ngan/Documents/test_github/lesson6_ws/install/darknet_ros/share/darknet_ros/package.sh'
[6.476s] INFO:colcon.colcon_core.shell:Creating package script '/home/ngan/Documents/test_github/lesson6_ws/install/darknet_ros/share/darknet_ros/package.bash'
[6.481s] INFO:colcon.colcon_core.shell:Creating package script '/home/ngan/Documents/test_github/lesson6_ws/install/darknet_ros/share/darknet_ros/package.zsh'
[6.482s] Level 1:colcon.colcon_core.environment:create_file_with_runtime_dependencies(/home/ngan/Documents/test_github/lesson6_ws/install/darknet_ros/share/colcon-core/packages/darknet_ros)
[10.467s] DEBUG:colcon.colcon_core.event_handler.log_command:Invoking command in '/home/ngan/Documents/test_github/lesson6_ws/src/rmitbot_vision/stop_sign_control': CMAKE_PREFIX_PATH=/home/ngan/Documents/test_github/lesson6_ws/install/darknet_ros_msgs:/home/ngan/Documents/test_github/lesson6_ws/install/vision_opencv:/home/ngan/Documents/test_github/lesson6_ws/install/rmitbot_mapping:/home/ngan/Documents/test_github/lesson6_ws/install/rmitbot_localization:/home/ngan/Documents/test_github/lesson6_ws/install/rmitbot_firmware:/home/ngan/Documents/test_github/lesson6_ws/install/rmitbot_description:/home/ngan/Documents/test_github/lesson6_ws/install/rmitbot_controller:/home/ngan/Documents/test_github/lesson6_ws/install/rmitbot_bringup:/home/ngan/Documents/test_github/lesson6_ws/install/image_geometry:/home/ngan/Documents/test_github/lesson6_ws/install/darknet_ros:/home/ngan/Documents/test_github/lesson6_ws/install/cv_bridge:/home/ngan/Documents/test_github/lesson6_ws/install/Darknet:/opt/ros/jazzy/opt/gz_sim_vendor:/opt/ros/jazzy/opt/gz_sensors_vendor:/opt/ros/jazzy/opt/gz_physics_vendor:/opt/ros/jazzy/opt/sdformat_vendor:/opt/ros/jazzy/opt/gz_gui_vendor:/opt/ros/jazzy/opt/gz_transport_vendor:/opt/ros/jazzy/opt/gz_rendering_vendor:/opt/ros/jazzy/opt/gz_plugin_vendor:/opt/ros/jazzy/opt/gz_fuel_tools_vendor:/opt/ros/jazzy/opt/gz_msgs_vendor:/opt/ros/jazzy/opt/gz_common_vendor:/opt/ros/jazzy/opt/gz_math_vendor:/opt/ros/jazzy/opt/gz_utils_vendor:/opt/ros/jazzy/opt/gz_tools_vendor:/opt/ros/jazzy/opt/gz_ogre_next_vendor:/opt/ros/jazzy/opt/gz_dartsim_vendor:/opt/ros/jazzy/opt/gz_cmake_vendor DEBUGINFOD_URLS=https://debuginfod.ubuntu.com LD_LIBRARY_PATH=/home/ngan/Documents/test_github/lesson6_ws/install/darknet_ros_msgs/lib:/home/ngan/Documents/test_github/lesson6_ws/install/rmitbot_firmware/lib:/home/ngan/Documents/test_github/lesson6_ws/install/image_geometry/lib:/home/ngan/Documents/test_github/lesson6_ws/install/darknet_ros/lib:/home/ngan/Documents/test_github/lesson6_ws/install/cv_bridge/lib:/opt/ros/jazzy/opt/gz_sim_vendor/lib:/opt/ros/jazzy/opt/gz_sensors_vendor/lib:/opt/ros/jazzy/opt/gz_physics_vendor/lib:/opt/ros/jazzy/opt/sdformat_vendor/lib:/opt/ros/jazzy/opt/rviz_ogre_vendor/lib:/opt/ros/jazzy/lib/aarch64-linux-gnu:/opt/ros/jazzy/opt/gz_gui_vendor/lib:/opt/ros/jazzy/opt/gz_transport_vendor/lib:/opt/ros/jazzy/opt/gz_rendering_vendor/lib:/opt/ros/jazzy/opt/gz_plugin_vendor/lib:/opt/ros/jazzy/opt/gz_fuel_tools_vendor/lib:/opt/ros/jazzy/opt/gz_msgs_vendor/lib:/opt/ros/jazzy/opt/gz_common_vendor/lib:/opt/ros/jazzy/opt/gz_math_vendor/lib:/opt/ros/jazzy/opt/gz_utils_vendor/lib:/opt/ros/jazzy/opt/gz_tools_vendor/lib:/opt/ros/jazzy/opt/gz_ogre_next_vendor/lib:/opt/ros/jazzy/opt/gz_dartsim_vendor/lib:/opt/ros/jazzy/opt/gz_cmake_vendor/lib:/opt/ros/jazzy/lib PYTHONPATH=/home/ngan/Documents/test_github/lesson6_ws/build/stop_sign_control/prefix_override:/usr/lib/python3/dist-packages/colcon_core/task/python/colcon_distutils_commands:/home/ngan/Documents/test_github/lesson6_ws/install/stop_sign_control/lib/python3.12/site-packages:/home/ngan/Documents/test_github/lesson6_ws/install/darknet_ros_msgs/lib/python3.12/site-packages:/home/ngan/Documents/test_github/lesson6_ws/install/stop_sign_control/lib/python3.12/site-packages:/home/ngan/Documents/test_github/lesson6_ws/install/opencv_tests/lib/python3.12/site-packages:/home/ngan/Documents/test_github/lesson6_ws/install/image_geometry/lib/python3.12/site-packages:/home/ngan/Documents/test_github/lesson6_ws/install/cv_bridge/lib/python3.12/site-packages:/opt/ros/jazzy/lib/python3.12/site-packages /usr/bin/python3 -W ignore:setup.py install is deprecated -W ignore:easy_install command is deprecated setup.py egg_info --egg-base ../../../build/stop_sign_control build --build-base /home/ngan/Documents/test_github/lesson6_ws/build/stop_sign_control/build install --record /home/ngan/Documents/test_github/lesson6_ws/build/stop_sign_control/install.log --single-version-externally-managed install_data
[12.493s] DEBUG:colcon.colcon_core.event_handler.log_command:Invoked command in '/home/ngan/Documents/test_github/lesson6_ws/src/rmitbot_vision/stop_sign_control' returned '0': CMAKE_PREFIX_PATH=/home/ngan/Documents/test_github/lesson6_ws/install/darknet_ros_msgs:/home/ngan/Documents/test_github/lesson6_ws/install/vision_opencv:/home/ngan/Documents/test_github/lesson6_ws/install/rmitbot_mapping:/home/ngan/Documents/test_github/lesson6_ws/install/rmitbot_localization:/home/ngan/Documents/test_github/lesson6_ws/install/rmitbot_firmware:/home/ngan/Documents/test_github/lesson6_ws/install/rmitbot_description:/home/ngan/Documents/test_github/lesson6_ws/install/rmitbot_controller:/home/ngan/Documents/test_github/lesson6_ws/install/rmitbot_bringup:/home/ngan/Documents/test_github/lesson6_ws/install/image_geometry:/home/ngan/Documents/test_github/lesson6_ws/install/darknet_ros:/home/ngan/Documents/test_github/lesson6_ws/install/cv_bridge:/home/ngan/Documents/test_github/lesson6_ws/install/Darknet:/opt/ros/jazzy/opt/gz_sim_vendor:/opt/ros/jazzy/opt/gz_sensors_vendor:/opt/ros/jazzy/opt/gz_physics_vendor:/opt/ros/jazzy/opt/sdformat_vendor:/opt/ros/jazzy/opt/gz_gui_vendor:/opt/ros/jazzy/opt/gz_transport_vendor:/opt/ros/jazzy/opt/gz_rendering_vendor:/opt/ros/jazzy/opt/gz_plugin_vendor:/opt/ros/jazzy/opt/gz_fuel_tools_vendor:/opt/ros/jazzy/opt/gz_msgs_vendor:/opt/ros/jazzy/opt/gz_common_vendor:/opt/ros/jazzy/opt/gz_math_vendor:/opt/ros/jazzy/opt/gz_utils_vendor:/opt/ros/jazzy/opt/gz_tools_vendor:/opt/ros/jazzy/opt/gz_ogre_next_vendor:/opt/ros/jazzy/opt/gz_dartsim_vendor:/opt/ros/jazzy/opt/gz_cmake_vendor DEBUGINFOD_URLS=https://debuginfod.ubuntu.com LD_LIBRARY_PATH=/home/ngan/Documents/test_github/lesson6_ws/install/darknet_ros_msgs/lib:/home/ngan/Documents/test_github/lesson6_ws/install/rmitbot_firmware/lib:/home/ngan/Documents/test_github/lesson6_ws/install/image_geometry/lib:/home/ngan/Documents/test_github/lesson6_ws/install/darknet_ros/lib:/home/ngan/Documents/test_github/lesson6_ws/install/cv_bridge/lib:/opt/ros/jazzy/opt/gz_sim_vendor/lib:/opt/ros/jazzy/opt/gz_sensors_vendor/lib:/opt/ros/jazzy/opt/gz_physics_vendor/lib:/opt/ros/jazzy/opt/sdformat_vendor/lib:/opt/ros/jazzy/opt/rviz_ogre_vendor/lib:/opt/ros/jazzy/lib/aarch64-linux-gnu:/opt/ros/jazzy/opt/gz_gui_vendor/lib:/opt/ros/jazzy/opt/gz_transport_vendor/lib:/opt/ros/jazzy/opt/gz_rendering_vendor/lib:/opt/ros/jazzy/opt/gz_plugin_vendor/lib:/opt/ros/jazzy/opt/gz_fuel_tools_vendor/lib:/opt/ros/jazzy/opt/gz_msgs_vendor/lib:/opt/ros/jazzy/opt/gz_common_vendor/lib:/opt/ros/jazzy/opt/gz_math_vendor/lib:/opt/ros/jazzy/opt/gz_utils_vendor/lib:/opt/ros/jazzy/opt/gz_tools_vendor/lib:/opt/ros/jazzy/opt/gz_ogre_next_vendor/lib:/opt/ros/jazzy/opt/gz_dartsim_vendor/lib:/opt/ros/jazzy/opt/gz_cmake_vendor/lib:/opt/ros/jazzy/lib PYTHONPATH=/home/ngan/Documents/test_github/lesson6_ws/build/stop_sign_control/prefix_override:/usr/lib/python3/dist-packages/colcon_core/task/python/colcon_distutils_commands:/home/ngan/Documents/test_github/lesson6_ws/install/stop_sign_control/lib/python3.12/site-packages:/home/ngan/Documents/test_github/lesson6_ws/install/darknet_ros_msgs/lib/python3.12/site-packages:/home/ngan/Documents/test_github/lesson6_ws/install/stop_sign_control/lib/python3.12/site-packages:/home/ngan/Documents/test_github/lesson6_ws/install/opencv_tests/lib/python3.12/site-packages:/home/ngan/Documents/test_github/lesson6_ws/install/image_geometry/lib/python3.12/site-packages:/home/ngan/Documents/test_github/lesson6_ws/install/cv_bridge/lib/python3.12/site-packages:/opt/ros/jazzy/lib/python3.12/site-packages /usr/bin/python3 -W ignore:setup.py install is deprecated -W ignore:easy_install command is deprecated setup.py egg_info --egg-base ../../../build/stop_sign_control build --build-base /home/ngan/Documents/test_github/lesson6_ws/build/stop_sign_control/build install --record /home/ngan/Documents/test_github/lesson6_ws/build/stop_sign_control/install.log --single-version-externally-managed install_data
[12.498s] Level 1:colcon.colcon_core.environment:checking '/home/ngan/Documents/test_github/lesson6_ws/install/stop_sign_control' for CMake module files
[12.503s] Level 1:colcon.colcon_core.environment:checking '/home/ngan/Documents/test_github/lesson6_ws/install/stop_sign_control' for CMake config files
[12.509s] Level 1:colcon.colcon_core.environment:checking '/home/ngan/Documents/test_github/lesson6_ws/install/stop_sign_control/lib'
[12.510s] Level 1:colcon.colcon_core.environment:checking '/home/ngan/Documents/test_github/lesson6_ws/install/stop_sign_control/bin'
[12.515s] Level 1:colcon.colcon_core.environment:checking '/home/ngan/Documents/test_github/lesson6_ws/install/stop_sign_control/lib/pkgconfig/stop_sign_control.pc'
[12.521s] Level 1:colcon.colcon_core.environment:checking '/home/ngan/Documents/test_github/lesson6_ws/install/stop_sign_control/lib/python3.12/site-packages'
[12.523s] Level 1:colcon.colcon_core.shell:create_environment_hook('stop_sign_control', 'pythonpath')
[12.526s] INFO:colcon.colcon_core.shell:Creating environment descriptor '/home/ngan/Documents/test_github/lesson6_ws/install/stop_sign_control/share/stop_sign_control/hook/pythonpath.dsv'
[12.539s] INFO:colcon.colcon_core.shell:Creating environment hook '/home/ngan/Documents/test_github/lesson6_ws/install/stop_sign_control/share/stop_sign_control/hook/pythonpath.sh'
[12.553s] Level 1:colcon.colcon_core.environment:checking '/home/ngan/Documents/test_github/lesson6_ws/install/stop_sign_control/bin'
[12.554s] Level 1:colcon.colcon_core.environment:create_environment_scripts_only(stop_sign_control)
[12.555s] INFO:colcon.colcon_core.shell:Creating package descriptor '/home/ngan/Documents/test_github/lesson6_ws/install/stop_sign_control/share/stop_sign_control/package.dsv'
[12.558s] INFO:colcon.colcon_core.shell:Creating package script '/home/ngan/Documents/test_github/lesson6_ws/install/stop_sign_control/share/stop_sign_control/package.sh'
[12.564s] INFO:colcon.colcon_core.shell:Creating package script '/home/ngan/Documents/test_github/lesson6_ws/install/stop_sign_control/share/stop_sign_control/package.bash'
[12.570s] INFO:colcon.colcon_core.shell:Creating package script '/home/ngan/Documents/test_github/lesson6_ws/install/stop_sign_control/share/stop_sign_control/package.zsh'
[12.579s] Level 1:colcon.colcon_core.environment:create_file_with_runtime_dependencies(/home/ngan/Documents/test_github/lesson6_ws/install/stop_sign_control/share/colcon-core/packages/stop_sign_control)
[12.585s] DEBUG:colcon.colcon_parallel_executor.executor.parallel:closing loop
[12.589s] DEBUG:colcon.colcon_parallel_executor.executor.parallel:loop closed
[12.589s] DEBUG:colcon.colcon_parallel_executor.executor.parallel:run_until_complete finished with '0'
[12.593s] DEBUG:colcon.colcon_core.event_reactor:joining thread
[12.646s] INFO:colcon.colcon_core.plugin_system:Skipping extension 'colcon_notification.desktop_notification.terminal_notifier': Not used on non-Darwin systems
[12.646s] INFO:colcon.colcon_core.plugin_system:Skipping extension 'colcon_notification.desktop_notification.win32': Not used on non-Windows systems
[12.646s] INFO:colcon.colcon_notification.desktop_notification:Sending desktop notification using 'notify2'
[12.810s] DEBUG:colcon.colcon_core.event_reactor:joined thread
[12.811s] INFO:colcon.colcon_core.shell:Creating prefix script '/home/ngan/Documents/test_github/lesson6_ws/install/local_setup.sh'
[12.813s] INFO:colcon.colcon_core.shell:Creating prefix util module '/home/ngan/Documents/test_github/lesson6_ws/install/_local_setup_util_sh.py'
[12.823s] INFO:colcon.colcon_core.shell:Creating prefix chain script '/home/ngan/Documents/test_github/lesson6_ws/install/setup.sh'
[12.832s] INFO:colcon.colcon_core.shell:Creating prefix script '/home/ngan/Documents/test_github/lesson6_ws/install/local_setup.bash'
[12.834s] INFO:colcon.colcon_core.shell:Creating prefix chain script '/home/ngan/Documents/test_github/lesson6_ws/install/setup.bash'
[12.838s] INFO:colcon.colcon_core.shell:Creating prefix script '/home/ngan/Documents/test_github/lesson6_ws/install/local_setup.zsh'
[12.840s] INFO:colcon.colcon_core.shell:Creating prefix chain script '/home/ngan/Documents/test_github/lesson6_ws/install/setup.zsh'
