[0.123s] DEBUG:colcon:Command line arguments: ['/usr/bin/colcon', 'build']
[0.123s] DEBUG:colcon:Parsed command line arguments: Namespace(log_base=None, log_level=None, verb_name='build', build_base='build', install_base='install', merge_install=False, symlink_install=False, test_result_base=None, continue_on_error=False, executor='parallel', parallel_workers=4, event_handlers=None, ignore_user_meta=False, metas=['./colcon.meta'], base_paths=['.'], packages_ignore=None, packages_ignore_regex=None, paths=None, packages_up_to=None, packages_up_to_regex=None, packages_above=None, packages_above_and_dependencies=None, packages_above_depth=None, packages_select_by_dep=None, packages_skip_by_dep=None, packages_skip_up_to=None, packages_select_build_failed=False, packages_skip_build_finished=False, packages_select_test_failures=False, packages_skip_test_passed=False, packages_select=None, packages_skip=None, packages_select_regex=None, packages_skip_regex=None, packages_start=None, packages_end=None, cmake_args=None, cmake_target=None, cmake_target_skip_unavailable=False, cmake_clean_cache=False, cmake_clean_first=False, cmake_force_configure=False, ament_cmake_args=None, catkin_cmake_args=None, catkin_skip_building_tests=False, verb_parser=<colcon_defaults.argument_parser.defaults.DefaultArgumentsDecorator object at 0xeebacc5162d0>, verb_extension=<colcon_core.verb.build.BuildVerb object at 0xeebacc78bfb0>, main=<bound method BuildVerb.main of <colcon_core.verb.build.BuildVerb object at 0xeebacc78bfb0>>)
[0.175s] Level 1:colcon.colcon_core.package_discovery:discover_packages(colcon_meta) check parameters
[0.175s] Level 1:colcon.colcon_core.package_discovery:discover_packages(recursive) check parameters
[0.175s] Level 1:colcon.colcon_core.package_discovery:discover_packages(ignore) check parameters
[0.175s] Level 1:colcon.colcon_core.package_discovery:discover_packages(path) check parameters
[0.175s] Level 1:colcon.colcon_core.package_discovery:discover_packages(colcon_meta) discover
[0.175s] Level 1:colcon.colcon_core.package_discovery:discover_packages(recursive) discover
[0.175s] INFO:colcon.colcon_core.package_discovery:Crawling recursively for packages in '/home/ngan/Documents/test_github/lesson6_ws'
[0.175s] Level 1:colcon.colcon_core.package_identification:_identify(.) by extensions ['ignore', 'ignore_ament_install']
[0.175s] Level 1:colcon.colcon_core.package_identification:_identify(.) by extension 'ignore'
[0.175s] Level 1:colcon.colcon_core.package_identification:_identify(.) by extension 'ignore_ament_install'
[0.176s] Level 1:colcon.colcon_core.package_identification:_identify(.) by extensions ['colcon_pkg']
[0.176s] Level 1:colcon.colcon_core.package_identification:_identify(.) by extension 'colcon_pkg'
[0.176s] Level 1:colcon.colcon_core.package_identification:_identify(.) by extensions ['colcon_meta']
[0.176s] Level 1:colcon.colcon_core.package_identification:_identify(.) by extension 'colcon_meta'
[0.176s] Level 1:colcon.colcon_core.package_identification:_identify(.) by extensions ['ros']
[0.176s] Level 1:colcon.colcon_core.package_identification:_identify(.) by extension 'ros'
[0.207s] Level 1:colcon.colcon_core.package_identification:_identify(.) by extensions ['cmake', 'python']
[0.207s] Level 1:colcon.colcon_core.package_identification:_identify(.) by extension 'cmake'
[0.207s] Level 1:colcon.colcon_core.package_identification:_identify(.) by extension 'python'
[0.207s] Level 1:colcon.colcon_core.package_identification:_identify(.) by extensions ['python_setup_py']
[0.207s] Level 1:colcon.colcon_core.package_identification:_identify(.) by extension 'python_setup_py'
[0.207s] Level 1:colcon.colcon_core.package_identification:_identify(build) by extensions ['ignore', 'ignore_ament_install']
[0.207s] Level 1:colcon.colcon_core.package_identification:_identify(build) by extension 'ignore'
[0.207s] Level 1:colcon.colcon_core.package_identification:_identify(build) ignored
[0.208s] Level 1:colcon.colcon_core.package_identification:_identify(install) by extensions ['ignore', 'ignore_ament_install']
[0.208s] Level 1:colcon.colcon_core.package_identification:_identify(install) by extension 'ignore'
[0.208s] Level 1:colcon.colcon_core.package_identification:_identify(install) ignored
[0.208s] Level 1:colcon.colcon_core.package_identification:_identify(log) by extensions ['ignore', 'ignore_ament_install']
[0.208s] Level 1:colcon.colcon_core.package_identification:_identify(log) by extension 'ignore'
[0.208s] Level 1:colcon.colcon_core.package_identification:_identify(log) ignored
[0.208s] Level 1:colcon.colcon_core.package_identification:_identify(src) by extensions ['ignore', 'ignore_ament_install']
[0.209s] Level 1:colcon.colcon_core.package_identification:_identify(src) by extension 'ignore'
[0.209s] Level 1:colcon.colcon_core.package_identification:_identify(src) by extension 'ignore_ament_install'
[0.209s] Level 1:colcon.colcon_core.package_identification:_identify(src) by extensions ['colcon_pkg']
[0.209s] Level 1:colcon.colcon_core.package_identification:_identify(src) by extension 'colcon_pkg'
[0.209s] Level 1:colcon.colcon_core.package_identification:_identify(src) by extensions ['colcon_meta']
[0.209s] Level 1:colcon.colcon_core.package_identification:_identify(src) by extension 'colcon_meta'
[0.209s] Level 1:colcon.colcon_core.package_identification:_identify(src) by extensions ['ros']
[0.209s] Level 1:colcon.colcon_core.package_identification:_identify(src) by extension 'ros'
[0.209s] Level 1:colcon.colcon_core.package_identification:_identify(src) by extensions ['cmake', 'python']
[0.209s] Level 1:colcon.colcon_core.package_identification:_identify(src) by extension 'cmake'
[0.209s] Level 1:colcon.colcon_core.package_identification:_identify(src) by extension 'python'
[0.209s] Level 1:colcon.colcon_core.package_identification:_identify(src) by extensions ['python_setup_py']
[0.209s] Level 1:colcon.colcon_core.package_identification:_identify(src) by extension 'python_setup_py'
[0.210s] Level 1:colcon.colcon_core.package_identification:_identify(src/rmitbot_bringup) by extensions ['ignore', 'ignore_ament_install']
[0.210s] Level 1:colcon.colcon_core.package_identification:_identify(src/rmitbot_bringup) by extension 'ignore'
[0.210s] Level 1:colcon.colcon_core.package_identification:_identify(src/rmitbot_bringup) by extension 'ignore_ament_install'
[0.210s] Level 1:colcon.colcon_core.package_identification:_identify(src/rmitbot_bringup) by extensions ['colcon_pkg']
[0.210s] Level 1:colcon.colcon_core.package_identification:_identify(src/rmitbot_bringup) by extension 'colcon_pkg'
[0.210s] Level 1:colcon.colcon_core.package_identification:_identify(src/rmitbot_bringup) by extensions ['colcon_meta']
[0.210s] Level 1:colcon.colcon_core.package_identification:_identify(src/rmitbot_bringup) by extension 'colcon_meta'
[0.210s] Level 1:colcon.colcon_core.package_identification:_identify(src/rmitbot_bringup) by extensions ['ros']
[0.210s] Level 1:colcon.colcon_core.package_identification:_identify(src/rmitbot_bringup) by extension 'ros'
[0.215s] DEBUG:colcon.colcon_core.package_identification:Package 'src/rmitbot_bringup' with type 'ros.ament_cmake' and name 'rmitbot_bringup'
[0.215s] Level 1:colcon.colcon_core.package_identification:_identify(src/rmitbot_controller) by extensions ['ignore', 'ignore_ament_install']
[0.215s] Level 1:colcon.colcon_core.package_identification:_identify(src/rmitbot_controller) by extension 'ignore'
[0.215s] Level 1:colcon.colcon_core.package_identification:_identify(src/rmitbot_controller) by extension 'ignore_ament_install'
[0.216s] Level 1:colcon.colcon_core.package_identification:_identify(src/rmitbot_controller) by extensions ['colcon_pkg']
[0.216s] Level 1:colcon.colcon_core.package_identification:_identify(src/rmitbot_controller) by extension 'colcon_pkg'
[0.216s] Level 1:colcon.colcon_core.package_identification:_identify(src/rmitbot_controller) by extensions ['colcon_meta']
[0.216s] Level 1:colcon.colcon_core.package_identification:_identify(src/rmitbot_controller) by extension 'colcon_meta'
[0.216s] Level 1:colcon.colcon_core.package_identification:_identify(src/rmitbot_controller) by extensions ['ros']
[0.216s] Level 1:colcon.colcon_core.package_identification:_identify(src/rmitbot_controller) by extension 'ros'
[0.217s] DEBUG:colcon.colcon_core.package_identification:Package 'src/rmitbot_controller' with type 'ros.ament_cmake' and name 'rmitbot_controller'
[0.217s] Level 1:colcon.colcon_core.package_identification:_identify(src/rmitbot_description) by extensions ['ignore', 'ignore_ament_install']
[0.217s] Level 1:colcon.colcon_core.package_identification:_identify(src/rmitbot_description) by extension 'ignore'
[0.217s] Level 1:colcon.colcon_core.package_identification:_identify(src/rmitbot_description) by extension 'ignore_ament_install'
[0.217s] Level 1:colcon.colcon_core.package_identification:_identify(src/rmitbot_description) by extensions ['colcon_pkg']
[0.217s] Level 1:colcon.colcon_core.package_identification:_identify(src/rmitbot_description) by extension 'colcon_pkg'
[0.217s] Level 1:colcon.colcon_core.package_identification:_identify(src/rmitbot_description) by extensions ['colcon_meta']
[0.217s] Level 1:colcon.colcon_core.package_identification:_identify(src/rmitbot_description) by extension 'colcon_meta'
[0.217s] Level 1:colcon.colcon_core.package_identification:_identify(src/rmitbot_description) by extensions ['ros']
[0.217s] Level 1:colcon.colcon_core.package_identification:_identify(src/rmitbot_description) by extension 'ros'
[0.218s] DEBUG:colcon.colcon_core.package_identification:Package 'src/rmitbot_description' with type 'ros.ament_cmake' and name 'rmitbot_description'
[0.218s] Level 1:colcon.colcon_core.package_identification:_identify(src/rmitbot_firmware) by extensions ['ignore', 'ignore_ament_install']
[0.218s] Level 1:colcon.colcon_core.package_identification:_identify(src/rmitbot_firmware) by extension 'ignore'
[0.219s] Level 1:colcon.colcon_core.package_identification:_identify(src/rmitbot_firmware) by extension 'ignore_ament_install'
[0.219s] Level 1:colcon.colcon_core.package_identification:_identify(src/rmitbot_firmware) by extensions ['colcon_pkg']
[0.219s] Level 1:colcon.colcon_core.package_identification:_identify(src/rmitbot_firmware) by extension 'colcon_pkg'
[0.219s] Level 1:colcon.colcon_core.package_identification:_identify(src/rmitbot_firmware) by extensions ['colcon_meta']
[0.219s] Level 1:colcon.colcon_core.package_identification:_identify(src/rmitbot_firmware) by extension 'colcon_meta'
[0.219s] Level 1:colcon.colcon_core.package_identification:_identify(src/rmitbot_firmware) by extensions ['ros']
[0.219s] Level 1:colcon.colcon_core.package_identification:_identify(src/rmitbot_firmware) by extension 'ros'
[0.220s] DEBUG:colcon.colcon_core.package_identification:Package 'src/rmitbot_firmware' with type 'ros.ament_cmake' and name 'rmitbot_firmware'
[0.220s] Level 1:colcon.colcon_core.package_identification:_identify(src/rmitbot_localization) by extensions ['ignore', 'ignore_ament_install']
[0.220s] Level 1:colcon.colcon_core.package_identification:_identify(src/rmitbot_localization) by extension 'ignore'
[0.220s] Level 1:colcon.colcon_core.package_identification:_identify(src/rmitbot_localization) by extension 'ignore_ament_install'
[0.220s] Level 1:colcon.colcon_core.package_identification:_identify(src/rmitbot_localization) by extensions ['colcon_pkg']
[0.221s] Level 1:colcon.colcon_core.package_identification:_identify(src/rmitbot_localization) by extension 'colcon_pkg'
[0.221s] Level 1:colcon.colcon_core.package_identification:_identify(src/rmitbot_localization) by extensions ['colcon_meta']
[0.221s] Level 1:colcon.colcon_core.package_identification:_identify(src/rmitbot_localization) by extension 'colcon_meta'
[0.221s] Level 1:colcon.colcon_core.package_identification:_identify(src/rmitbot_localization) by extensions ['ros']
[0.221s] Level 1:colcon.colcon_core.package_identification:_identify(src/rmitbot_localization) by extension 'ros'
[0.221s] DEBUG:colcon.colcon_core.package_identification:Package 'src/rmitbot_localization' with type 'ros.ament_cmake' and name 'rmitbot_localization'
[0.222s] Level 1:colcon.colcon_core.package_identification:_identify(src/rmitbot_mapping) by extensions ['ignore', 'ignore_ament_install']
[0.222s] Level 1:colcon.colcon_core.package_identification:_identify(src/rmitbot_mapping) by extension 'ignore'
[0.222s] Level 1:colcon.colcon_core.package_identification:_identify(src/rmitbot_mapping) by extension 'ignore_ament_install'
[0.222s] Level 1:colcon.colcon_core.package_identification:_identify(src/rmitbot_mapping) by extensions ['colcon_pkg']
[0.222s] Level 1:colcon.colcon_core.package_identification:_identify(src/rmitbot_mapping) by extension 'colcon_pkg'
[0.222s] Level 1:colcon.colcon_core.package_identification:_identify(src/rmitbot_mapping) by extensions ['colcon_meta']
[0.222s] Level 1:colcon.colcon_core.package_identification:_identify(src/rmitbot_mapping) by extension 'colcon_meta'
[0.222s] Level 1:colcon.colcon_core.package_identification:_identify(src/rmitbot_mapping) by extensions ['ros']
[0.222s] Level 1:colcon.colcon_core.package_identification:_identify(src/rmitbot_mapping) by extension 'ros'
[0.222s] DEBUG:colcon.colcon_core.package_identification:Package 'src/rmitbot_mapping' with type 'ros.ament_cmake' and name 'rmitbot_mapping'
[0.222s] Level 1:colcon.colcon_core.package_identification:_identify(src/rmitbot_vision) by extensions ['ignore', 'ignore_ament_install']
[0.222s] Level 1:colcon.colcon_core.package_identification:_identify(src/rmitbot_vision) by extension 'ignore'
[0.222s] Level 1:colcon.colcon_core.package_identification:_identify(src/rmitbot_vision) by extension 'ignore_ament_install'
[0.222s] Level 1:colcon.colcon_core.package_identification:_identify(src/rmitbot_vision) by extensions ['colcon_pkg']
[0.222s] Level 1:colcon.colcon_core.package_identification:_identify(src/rmitbot_vision) by extension 'colcon_pkg'
[0.223s] Level 1:colcon.colcon_core.package_identification:_identify(src/rmitbot_vision) by extensions ['colcon_meta']
[0.223s] Level 1:colcon.colcon_core.package_identification:_identify(src/rmitbot_vision) by extension 'colcon_meta'
[0.223s] Level 1:colcon.colcon_core.package_identification:_identify(src/rmitbot_vision) by extensions ['ros']
[0.223s] Level 1:colcon.colcon_core.package_identification:_identify(src/rmitbot_vision) by extension 'ros'
[0.223s] Level 1:colcon.colcon_core.package_identification:_identify(src/rmitbot_vision) by extensions ['cmake', 'python']
[0.223s] Level 1:colcon.colcon_core.package_identification:_identify(src/rmitbot_vision) by extension 'cmake'
[0.223s] Level 1:colcon.colcon_core.package_identification:_identify(src/rmitbot_vision) by extension 'python'
[0.223s] Level 1:colcon.colcon_core.package_identification:_identify(src/rmitbot_vision) by extensions ['python_setup_py']
[0.223s] Level 1:colcon.colcon_core.package_identification:_identify(src/rmitbot_vision) by extension 'python_setup_py'
[0.223s] Level 1:colcon.colcon_core.package_identification:_identify(src/rmitbot_vision/darknet_ros) by extensions ['ignore', 'ignore_ament_install']
[0.223s] Level 1:colcon.colcon_core.package_identification:_identify(src/rmitbot_vision/darknet_ros) by extension 'ignore'
[0.223s] Level 1:colcon.colcon_core.package_identification:_identify(src/rmitbot_vision/darknet_ros) by extension 'ignore_ament_install'
[0.223s] Level 1:colcon.colcon_core.package_identification:_identify(src/rmitbot_vision/darknet_ros) by extensions ['colcon_pkg']
[0.223s] Level 1:colcon.colcon_core.package_identification:_identify(src/rmitbot_vision/darknet_ros) by extension 'colcon_pkg'
[0.223s] Level 1:colcon.colcon_core.package_identification:_identify(src/rmitbot_vision/darknet_ros) by extensions ['colcon_meta']
[0.223s] Level 1:colcon.colcon_core.package_identification:_identify(src/rmitbot_vision/darknet_ros) by extension 'colcon_meta'
[0.223s] Level 1:colcon.colcon_core.package_identification:_identify(src/rmitbot_vision/darknet_ros) by extensions ['ros']
[0.223s] Level 1:colcon.colcon_core.package_identification:_identify(src/rmitbot_vision/darknet_ros) by extension 'ros'
[0.223s] Level 1:colcon.colcon_core.package_identification:_identify(src/rmitbot_vision/darknet_ros) by extensions ['cmake', 'python']
[0.223s] Level 1:colcon.colcon_core.package_identification:_identify(src/rmitbot_vision/darknet_ros) by extension 'cmake'
[0.223s] Level 1:colcon.colcon_core.package_identification:_identify(src/rmitbot_vision/darknet_ros) by extension 'python'
[0.223s] Level 1:colcon.colcon_core.package_identification:_identify(src/rmitbot_vision/darknet_ros) by extensions ['python_setup_py']
[0.223s] Level 1:colcon.colcon_core.package_identification:_identify(src/rmitbot_vision/darknet_ros) by extension 'python_setup_py'
[0.223s] Level 1:colcon.colcon_core.package_identification:_identify(src/rmitbot_vision/darknet_ros/darknet_ros) by extensions ['ignore', 'ignore_ament_install']
[0.223s] Level 1:colcon.colcon_core.package_identification:_identify(src/rmitbot_vision/darknet_ros/darknet_ros) by extension 'ignore'
[0.224s] Level 1:colcon.colcon_core.package_identification:_identify(src/rmitbot_vision/darknet_ros/darknet_ros) by extension 'ignore_ament_install'
[0.224s] Level 1:colcon.colcon_core.package_identification:_identify(src/rmitbot_vision/darknet_ros/darknet_ros) by extensions ['colcon_pkg']
[0.224s] Level 1:colcon.colcon_core.package_identification:_identify(src/rmitbot_vision/darknet_ros/darknet_ros) by extension 'colcon_pkg'
[0.224s] Level 1:colcon.colcon_core.package_identification:_identify(src/rmitbot_vision/darknet_ros/darknet_ros) by extensions ['colcon_meta']
[0.224s] Level 1:colcon.colcon_core.package_identification:_identify(src/rmitbot_vision/darknet_ros/darknet_ros) by extension 'colcon_meta'
[0.224s] Level 1:colcon.colcon_core.package_identification:_identify(src/rmitbot_vision/darknet_ros/darknet_ros) by extensions ['ros']
[0.224s] Level 1:colcon.colcon_core.package_identification:_identify(src/rmitbot_vision/darknet_ros/darknet_ros) by extension 'ros'
[0.224s] Level 1:colcon.colcon_core.package_identification:_identify(src/rmitbot_vision/darknet_ros/darknet_ros) by extensions ['cmake', 'python']
[0.224s] Level 1:colcon.colcon_core.package_identification:_identify(src/rmitbot_vision/darknet_ros/darknet_ros) by extension 'cmake'
[0.224s] Level 1:colcon.colcon_core.package_identification:_identify(src/rmitbot_vision/darknet_ros/darknet_ros) by extension 'python'
[0.224s] Level 1:colcon.colcon_core.package_identification:_identify(src/rmitbot_vision/darknet_ros/darknet_ros) by extensions ['python_setup_py']
[0.224s] Level 1:colcon.colcon_core.package_identification:_identify(src/rmitbot_vision/darknet_ros/darknet_ros) by extension 'python_setup_py'
[0.224s] Level 1:colcon.colcon_core.package_identification:_identify(src/rmitbot_vision/darknet_ros/darknet_ros/darknet) by extensions ['ignore', 'ignore_ament_install']
[0.224s] Level 1:colcon.colcon_core.package_identification:_identify(src/rmitbot_vision/darknet_ros/darknet_ros/darknet) by extension 'ignore'
[0.224s] Level 1:colcon.colcon_core.package_identification:_identify(src/rmitbot_vision/darknet_ros/darknet_ros/darknet) by extension 'ignore_ament_install'
[0.224s] Level 1:colcon.colcon_core.package_identification:_identify(src/rmitbot_vision/darknet_ros/darknet_ros/darknet) by extensions ['colcon_pkg']
[0.224s] Level 1:colcon.colcon_core.package_identification:_identify(src/rmitbot_vision/darknet_ros/darknet_ros/darknet) by extension 'colcon_pkg'
[0.224s] Level 1:colcon.colcon_core.package_identification:_identify(src/rmitbot_vision/darknet_ros/darknet_ros/darknet) by extensions ['colcon_meta']
[0.224s] Level 1:colcon.colcon_core.package_identification:_identify(src/rmitbot_vision/darknet_ros/darknet_ros/darknet) by extension 'colcon_meta'
[0.224s] Level 1:colcon.colcon_core.package_identification:_identify(src/rmitbot_vision/darknet_ros/darknet_ros/darknet) by extensions ['ros']
[0.224s] Level 1:colcon.colcon_core.package_identification:_identify(src/rmitbot_vision/darknet_ros/darknet_ros/darknet) by extension 'ros'
[0.224s] Level 1:colcon.colcon_core.package_identification:_identify(src/rmitbot_vision/darknet_ros/darknet_ros/darknet) by extensions ['cmake', 'python']
[0.224s] Level 1:colcon.colcon_core.package_identification:_identify(src/rmitbot_vision/darknet_ros/darknet_ros/darknet) by extension 'cmake'
[0.231s] Level 1:colcon.colcon_core.package_identification:_identify(src/rmitbot_vision/darknet_ros/darknet_ros/darknet) by extension 'python'
[0.232s] DEBUG:colcon.colcon_core.package_identification:Package 'src/rmitbot_vision/darknet_ros/darknet_ros/darknet' with type 'cmake' and name 'Darknet'
[0.232s] Level 1:colcon.colcon_core.package_identification:_identify(src/rmitbot_vision/darknet_ros/darknet_ros/darknet_ros) by extensions ['ignore', 'ignore_ament_install']
[0.232s] Level 1:colcon.colcon_core.package_identification:_identify(src/rmitbot_vision/darknet_ros/darknet_ros/darknet_ros) by extension 'ignore'
[0.232s] Level 1:colcon.colcon_core.package_identification:_identify(src/rmitbot_vision/darknet_ros/darknet_ros/darknet_ros) by extension 'ignore_ament_install'
[0.232s] Level 1:colcon.colcon_core.package_identification:_identify(src/rmitbot_vision/darknet_ros/darknet_ros/darknet_ros) by extensions ['colcon_pkg']
[0.232s] Level 1:colcon.colcon_core.package_identification:_identify(src/rmitbot_vision/darknet_ros/darknet_ros/darknet_ros) by extension 'colcon_pkg'
[0.232s] Level 1:colcon.colcon_core.package_identification:_identify(src/rmitbot_vision/darknet_ros/darknet_ros/darknet_ros) by extensions ['colcon_meta']
[0.232s] Level 1:colcon.colcon_core.package_identification:_identify(src/rmitbot_vision/darknet_ros/darknet_ros/darknet_ros) by extension 'colcon_meta'
[0.232s] Level 1:colcon.colcon_core.package_identification:_identify(src/rmitbot_vision/darknet_ros/darknet_ros/darknet_ros) by extensions ['ros']
[0.232s] Level 1:colcon.colcon_core.package_identification:_identify(src/rmitbot_vision/darknet_ros/darknet_ros/darknet_ros) by extension 'ros'
[0.233s] DEBUG:colcon.colcon_core.package_identification:Package 'src/rmitbot_vision/darknet_ros/darknet_ros/darknet_ros' with type 'ros.ament_cmake' and name 'darknet_ros'
[0.233s] Level 1:colcon.colcon_core.package_identification:_identify(src/rmitbot_vision/darknet_ros/darknet_ros/darknet_ros_msgs) by extensions ['ignore', 'ignore_ament_install']
[0.233s] Level 1:colcon.colcon_core.package_identification:_identify(src/rmitbot_vision/darknet_ros/darknet_ros/darknet_ros_msgs) by extension 'ignore'
[0.233s] Level 1:colcon.colcon_core.package_identification:_identify(src/rmitbot_vision/darknet_ros/darknet_ros/darknet_ros_msgs) by extension 'ignore_ament_install'
[0.233s] Level 1:colcon.colcon_core.package_identification:_identify(src/rmitbot_vision/darknet_ros/darknet_ros/darknet_ros_msgs) by extensions ['colcon_pkg']
[0.234s] Level 1:colcon.colcon_core.package_identification:_identify(src/rmitbot_vision/darknet_ros/darknet_ros/darknet_ros_msgs) by extension 'colcon_pkg'
[0.234s] Level 1:colcon.colcon_core.package_identification:_identify(src/rmitbot_vision/darknet_ros/darknet_ros/darknet_ros_msgs) by extensions ['colcon_meta']
[0.234s] Level 1:colcon.colcon_core.package_identification:_identify(src/rmitbot_vision/darknet_ros/darknet_ros/darknet_ros_msgs) by extension 'colcon_meta'
[0.234s] Level 1:colcon.colcon_core.package_identification:_identify(src/rmitbot_vision/darknet_ros/darknet_ros/darknet_ros_msgs) by extensions ['ros']
[0.234s] Level 1:colcon.colcon_core.package_identification:_identify(src/rmitbot_vision/darknet_ros/darknet_ros/darknet_ros_msgs) by extension 'ros'
[0.234s] DEBUG:colcon.colcon_core.package_identification:Package 'src/rmitbot_vision/darknet_ros/darknet_ros/darknet_ros_msgs' with type 'ros.ament_cmake' and name 'darknet_ros_msgs'
[0.235s] Level 1:colcon.colcon_core.package_identification:_identify(src/rmitbot_vision/stop_sign_control) by extensions ['ignore', 'ignore_ament_install']
[0.235s] Level 1:colcon.colcon_core.package_identification:_identify(src/rmitbot_vision/stop_sign_control) by extension 'ignore'
[0.235s] Level 1:colcon.colcon_core.package_identification:_identify(src/rmitbot_vision/stop_sign_control) by extension 'ignore_ament_install'
[0.235s] Level 1:colcon.colcon_core.package_identification:_identify(src/rmitbot_vision/stop_sign_control) by extensions ['colcon_pkg']
[0.235s] Level 1:colcon.colcon_core.package_identification:_identify(src/rmitbot_vision/stop_sign_control) by extension 'colcon_pkg'
[0.235s] Level 1:colcon.colcon_core.package_identification:_identify(src/rmitbot_vision/stop_sign_control) by extensions ['colcon_meta']
[0.235s] Level 1:colcon.colcon_core.package_identification:_identify(src/rmitbot_vision/stop_sign_control) by extension 'colcon_meta'
[0.235s] Level 1:colcon.colcon_core.package_identification:_identify(src/rmitbot_vision/stop_sign_control) by extensions ['ros']
[0.235s] Level 1:colcon.colcon_core.package_identification:_identify(src/rmitbot_vision/stop_sign_control) by extension 'ros'
[0.236s] DEBUG:colcon.colcon_core.package_identification:Package 'src/rmitbot_vision/stop_sign_control' with type 'ros.ament_python' and name 'stop_sign_control'
[0.236s] Level 1:colcon.colcon_core.package_identification:_identify(src/rmitbot_vision/vision_opencv) by extensions ['ignore', 'ignore_ament_install']
[0.236s] Level 1:colcon.colcon_core.package_identification:_identify(src/rmitbot_vision/vision_opencv) by extension 'ignore'
[0.236s] Level 1:colcon.colcon_core.package_identification:_identify(src/rmitbot_vision/vision_opencv) by extension 'ignore_ament_install'
[0.236s] Level 1:colcon.colcon_core.package_identification:_identify(src/rmitbot_vision/vision_opencv) by extensions ['colcon_pkg']
[0.236s] Level 1:colcon.colcon_core.package_identification:_identify(src/rmitbot_vision/vision_opencv) by extension 'colcon_pkg'
[0.236s] Level 1:colcon.colcon_core.package_identification:_identify(src/rmitbot_vision/vision_opencv) by extensions ['colcon_meta']
[0.236s] Level 1:colcon.colcon_core.package_identification:_identify(src/rmitbot_vision/vision_opencv) by extension 'colcon_meta'
[0.236s] Level 1:colcon.colcon_core.package_identification:_identify(src/rmitbot_vision/vision_opencv) by extensions ['ros']
[0.236s] Level 1:colcon.colcon_core.package_identification:_identify(src/rmitbot_vision/vision_opencv) by extension 'ros'
[0.236s] Level 1:colcon.colcon_core.package_identification:_identify(src/rmitbot_vision/vision_opencv) by extensions ['cmake', 'python']
[0.236s] Level 1:colcon.colcon_core.package_identification:_identify(src/rmitbot_vision/vision_opencv) by extension 'cmake'
[0.236s] Level 1:colcon.colcon_core.package_identification:_identify(src/rmitbot_vision/vision_opencv) by extension 'python'
[0.236s] Level 1:colcon.colcon_core.package_identification:_identify(src/rmitbot_vision/vision_opencv) by extensions ['python_setup_py']
[0.236s] Level 1:colcon.colcon_core.package_identification:_identify(src/rmitbot_vision/vision_opencv) by extension 'python_setup_py'
[0.236s] Level 1:colcon.colcon_core.package_identification:_identify(src/rmitbot_vision/vision_opencv/cv_bridge) by extensions ['ignore', 'ignore_ament_install']
[0.236s] Level 1:colcon.colcon_core.package_identification:_identify(src/rmitbot_vision/vision_opencv/cv_bridge) by extension 'ignore'
[0.236s] Level 1:colcon.colcon_core.package_identification:_identify(src/rmitbot_vision/vision_opencv/cv_bridge) by extension 'ignore_ament_install'
[0.236s] Level 1:colcon.colcon_core.package_identification:_identify(src/rmitbot_vision/vision_opencv/cv_bridge) by extensions ['colcon_pkg']
[0.236s] Level 1:colcon.colcon_core.package_identification:_identify(src/rmitbot_vision/vision_opencv/cv_bridge) by extension 'colcon_pkg'
[0.236s] Level 1:colcon.colcon_core.package_identification:_identify(src/rmitbot_vision/vision_opencv/cv_bridge) by extensions ['colcon_meta']
[0.236s] Level 1:colcon.colcon_core.package_identification:_identify(src/rmitbot_vision/vision_opencv/cv_bridge) by extension 'colcon_meta'
[0.236s] Level 1:colcon.colcon_core.package_identification:_identify(src/rmitbot_vision/vision_opencv/cv_bridge) by extensions ['ros']
[0.236s] Level 1:colcon.colcon_core.package_identification:_identify(src/rmitbot_vision/vision_opencv/cv_bridge) by extension 'ros'
[0.237s] DEBUG:colcon.colcon_core.package_identification:Package 'src/rmitbot_vision/vision_opencv/cv_bridge' with type 'ros.ament_cmake' and name 'cv_bridge'
[0.237s] Level 1:colcon.colcon_core.package_identification:_identify(src/rmitbot_vision/vision_opencv/image_geometry) by extensions ['ignore', 'ignore_ament_install']
[0.237s] Level 1:colcon.colcon_core.package_identification:_identify(src/rmitbot_vision/vision_opencv/image_geometry) by extension 'ignore'
[0.238s] Level 1:colcon.colcon_core.package_identification:_identify(src/rmitbot_vision/vision_opencv/image_geometry) by extension 'ignore_ament_install'
[0.238s] Level 1:colcon.colcon_core.package_identification:_identify(src/rmitbot_vision/vision_opencv/image_geometry) by extensions ['colcon_pkg']
[0.238s] Level 1:colcon.colcon_core.package_identification:_identify(src/rmitbot_vision/vision_opencv/image_geometry) by extension 'colcon_pkg'
[0.238s] Level 1:colcon.colcon_core.package_identification:_identify(src/rmitbot_vision/vision_opencv/image_geometry) by extensions ['colcon_meta']
[0.238s] Level 1:colcon.colcon_core.package_identification:_identify(src/rmitbot_vision/vision_opencv/image_geometry) by extension 'colcon_meta'
[0.238s] Level 1:colcon.colcon_core.package_identification:_identify(src/rmitbot_vision/vision_opencv/image_geometry) by extensions ['ros']
[0.238s] Level 1:colcon.colcon_core.package_identification:_identify(src/rmitbot_vision/vision_opencv/image_geometry) by extension 'ros'
[0.238s] DEBUG:colcon.colcon_core.package_identification:Package 'src/rmitbot_vision/vision_opencv/image_geometry' with type 'ros.ament_cmake' and name 'image_geometry'
[0.238s] Level 1:colcon.colcon_core.package_identification:_identify(src/rmitbot_vision/vision_opencv/opencv_tests) by extensions ['ignore', 'ignore_ament_install']
[0.238s] Level 1:colcon.colcon_core.package_identification:_identify(src/rmitbot_vision/vision_opencv/opencv_tests) by extension 'ignore'
[0.238s] Level 1:colcon.colcon_core.package_identification:_identify(src/rmitbot_vision/vision_opencv/opencv_tests) by extension 'ignore_ament_install'
[0.238s] Level 1:colcon.colcon_core.package_identification:_identify(src/rmitbot_vision/vision_opencv/opencv_tests) by extensions ['colcon_pkg']
[0.239s] Level 1:colcon.colcon_core.package_identification:_identify(src/rmitbot_vision/vision_opencv/opencv_tests) by extension 'colcon_pkg'
[0.239s] Level 1:colcon.colcon_core.package_identification:_identify(src/rmitbot_vision/vision_opencv/opencv_tests) by extensions ['colcon_meta']
[0.239s] Level 1:colcon.colcon_core.package_identification:_identify(src/rmitbot_vision/vision_opencv/opencv_tests) by extension 'colcon_meta'
[0.239s] Level 1:colcon.colcon_core.package_identification:_identify(src/rmitbot_vision/vision_opencv/opencv_tests) by extensions ['ros']
[0.239s] Level 1:colcon.colcon_core.package_identification:_identify(src/rmitbot_vision/vision_opencv/opencv_tests) by extension 'ros'
[0.239s] DEBUG:colcon.colcon_core.package_identification:Package 'src/rmitbot_vision/vision_opencv/opencv_tests' with type 'ros.ament_python' and name 'opencv_tests'
[0.239s] Level 1:colcon.colcon_core.package_identification:_identify(src/rmitbot_vision/vision_opencv/vision_opencv) by extensions ['ignore', 'ignore_ament_install']
[0.239s] Level 1:colcon.colcon_core.package_identification:_identify(src/rmitbot_vision/vision_opencv/vision_opencv) by extension 'ignore'
[0.239s] Level 1:colcon.colcon_core.package_identification:_identify(src/rmitbot_vision/vision_opencv/vision_opencv) by extension 'ignore_ament_install'
[0.239s] Level 1:colcon.colcon_core.package_identification:_identify(src/rmitbot_vision/vision_opencv/vision_opencv) by extensions ['colcon_pkg']
[0.239s] Level 1:colcon.colcon_core.package_identification:_identify(src/rmitbot_vision/vision_opencv/vision_opencv) by extension 'colcon_pkg'
[0.239s] Level 1:colcon.colcon_core.package_identification:_identify(src/rmitbot_vision/vision_opencv/vision_opencv) by extensions ['colcon_meta']
[0.239s] Level 1:colcon.colcon_core.package_identification:_identify(src/rmitbot_vision/vision_opencv/vision_opencv) by extension 'colcon_meta'
[0.240s] Level 1:colcon.colcon_core.package_identification:_identify(src/rmitbot_vision/vision_opencv/vision_opencv) by extensions ['ros']
[0.240s] Level 1:colcon.colcon_core.package_identification:_identify(src/rmitbot_vision/vision_opencv/vision_opencv) by extension 'ros'
[0.240s] DEBUG:colcon.colcon_core.package_identification:Package 'src/rmitbot_vision/vision_opencv/vision_opencv' with type 'ros.ament_cmake' and name 'vision_opencv'
[0.240s] Level 1:colcon.colcon_core.package_discovery:discover_packages(recursive) using defaults
[0.240s] Level 1:colcon.colcon_core.package_discovery:discover_packages(ignore) discover
[0.240s] Level 1:colcon.colcon_core.package_discovery:discover_packages(ignore) using defaults
[0.240s] Level 1:colcon.colcon_core.package_discovery:discover_packages(path) discover
[0.240s] Level 1:colcon.colcon_core.package_discovery:discover_packages(path) using defaults
[0.261s] Level 5:colcon.colcon_core.verb:set package 'Darknet' build argument 'cmake_args' from command line to 'None'
[0.261s] Level 5:colcon.colcon_core.verb:set package 'Darknet' build argument 'cmake_target' from command line to 'None'
[0.261s] Level 5:colcon.colcon_core.verb:set package 'Darknet' build argument 'cmake_target_skip_unavailable' from command line to 'False'
[0.261s] Level 5:colcon.colcon_core.verb:set package 'Darknet' build argument 'cmake_clean_cache' from command line to 'False'
[0.261s] Level 5:colcon.colcon_core.verb:set package 'Darknet' build argument 'cmake_clean_first' from command line to 'False'
[0.261s] Level 5:colcon.colcon_core.verb:set package 'Darknet' build argument 'cmake_force_configure' from command line to 'False'
[0.261s] Level 5:colcon.colcon_core.verb:set package 'Darknet' build argument 'ament_cmake_args' from command line to 'None'
[0.261s] Level 5:colcon.colcon_core.verb:set package 'Darknet' build argument 'catkin_cmake_args' from command line to 'None'
[0.261s] Level 5:colcon.colcon_core.verb:set package 'Darknet' build argument 'catkin_skip_building_tests' from command line to 'False'
[0.261s] DEBUG:colcon.colcon_core.verb:Building package 'Darknet' with the following arguments: {'ament_cmake_args': None, 'build_base': '/home/ngan/Documents/test_github/lesson6_ws/build/Darknet', 'catkin_cmake_args': None, 'catkin_skip_building_tests': False, 'cmake_args': None, 'cmake_clean_cache': False, 'cmake_clean_first': False, 'cmake_force_configure': False, 'cmake_target': None, 'cmake_target_skip_unavailable': False, 'install_base': '/home/ngan/Documents/test_github/lesson6_ws/install/Darknet', 'merge_install': False, 'path': '/home/ngan/Documents/test_github/lesson6_ws/src/rmitbot_vision/darknet_ros/darknet_ros/darknet', 'symlink_install': False, 'test_result_base': None}
[0.262s] Level 5:colcon.colcon_core.verb:set package 'cv_bridge' build argument 'cmake_args' from command line to 'None'
[0.262s] Level 5:colcon.colcon_core.verb:set package 'cv_bridge' build argument 'cmake_target' from command line to 'None'
[0.262s] Level 5:colcon.colcon_core.verb:set package 'cv_bridge' build argument 'cmake_target_skip_unavailable' from command line to 'False'
[0.262s] Level 5:colcon.colcon_core.verb:set package 'cv_bridge' build argument 'cmake_clean_cache' from command line to 'False'
[0.262s] Level 5:colcon.colcon_core.verb:set package 'cv_bridge' build argument 'cmake_clean_first' from command line to 'False'
[0.262s] Level 5:colcon.colcon_core.verb:set package 'cv_bridge' build argument 'cmake_force_configure' from command line to 'False'
[0.262s] Level 5:colcon.colcon_core.verb:set package 'cv_bridge' build argument 'ament_cmake_args' from command line to 'None'
[0.262s] Level 5:colcon.colcon_core.verb:set package 'cv_bridge' build argument 'catkin_cmake_args' from command line to 'None'
[0.262s] Level 5:colcon.colcon_core.verb:set package 'cv_bridge' build argument 'catkin_skip_building_tests' from command line to 'False'
[0.262s] DEBUG:colcon.colcon_core.verb:Building package 'cv_bridge' with the following arguments: {'ament_cmake_args': None, 'build_base': '/home/ngan/Documents/test_github/lesson6_ws/build/cv_bridge', 'catkin_cmake_args': None, 'catkin_skip_building_tests': False, 'cmake_args': None, 'cmake_clean_cache': False, 'cmake_clean_first': False, 'cmake_force_configure': False, 'cmake_target': None, 'cmake_target_skip_unavailable': False, 'install_base': '/home/ngan/Documents/test_github/lesson6_ws/install/cv_bridge', 'merge_install': False, 'path': '/home/ngan/Documents/test_github/lesson6_ws/src/rmitbot_vision/vision_opencv/cv_bridge', 'symlink_install': False, 'test_result_base': None}
[0.262s] Level 5:colcon.colcon_core.verb:set package 'darknet_ros_msgs' build argument 'cmake_args' from command line to 'None'
[0.262s] Level 5:colcon.colcon_core.verb:set package 'darknet_ros_msgs' build argument 'cmake_target' from command line to 'None'
[0.262s] Level 5:colcon.colcon_core.verb:set package 'darknet_ros_msgs' build argument 'cmake_target_skip_unavailable' from command line to 'False'
[0.262s] Level 5:colcon.colcon_core.verb:set package 'darknet_ros_msgs' build argument 'cmake_clean_cache' from command line to 'False'
[0.262s] Level 5:colcon.colcon_core.verb:set package 'darknet_ros_msgs' build argument 'cmake_clean_first' from command line to 'False'
[0.262s] Level 5:colcon.colcon_core.verb:set package 'darknet_ros_msgs' build argument 'cmake_force_configure' from command line to 'False'
[0.262s] Level 5:colcon.colcon_core.verb:set package 'darknet_ros_msgs' build argument 'ament_cmake_args' from command line to 'None'
[0.262s] Level 5:colcon.colcon_core.verb:set package 'darknet_ros_msgs' build argument 'catkin_cmake_args' from command line to 'None'
[0.262s] Level 5:colcon.colcon_core.verb:set package 'darknet_ros_msgs' build argument 'catkin_skip_building_tests' from command line to 'False'
[0.262s] DEBUG:colcon.colcon_core.verb:Building package 'darknet_ros_msgs' with the following arguments: {'ament_cmake_args': None, 'build_base': '/home/ngan/Documents/test_github/lesson6_ws/build/darknet_ros_msgs', 'catkin_cmake_args': None, 'catkin_skip_building_tests': False, 'cmake_args': None, 'cmake_clean_cache': False, 'cmake_clean_first': False, 'cmake_force_configure': False, 'cmake_target': None, 'cmake_target_skip_unavailable': False, 'install_base': '/home/ngan/Documents/test_github/lesson6_ws/install/darknet_ros_msgs', 'merge_install': False, 'path': '/home/ngan/Documents/test_github/lesson6_ws/src/rmitbot_vision/darknet_ros/darknet_ros/darknet_ros_msgs', 'symlink_install': False, 'test_result_base': None}
[0.262s] Level 5:colcon.colcon_core.verb:set package 'image_geometry' build argument 'cmake_args' from command line to 'None'
[0.262s] Level 5:colcon.colcon_core.verb:set package 'image_geometry' build argument 'cmake_target' from command line to 'None'
[0.262s] Level 5:colcon.colcon_core.verb:set package 'image_geometry' build argument 'cmake_target_skip_unavailable' from command line to 'False'
[0.262s] Level 5:colcon.colcon_core.verb:set package 'image_geometry' build argument 'cmake_clean_cache' from command line to 'False'
[0.262s] Level 5:colcon.colcon_core.verb:set package 'image_geometry' build argument 'cmake_clean_first' from command line to 'False'
[0.262s] Level 5:colcon.colcon_core.verb:set package 'image_geometry' build argument 'cmake_force_configure' from command line to 'False'
[0.262s] Level 5:colcon.colcon_core.verb:set package 'image_geometry' build argument 'ament_cmake_args' from command line to 'None'
[0.262s] Level 5:colcon.colcon_core.verb:set package 'image_geometry' build argument 'catkin_cmake_args' from command line to 'None'
[0.262s] Level 5:colcon.colcon_core.verb:set package 'image_geometry' build argument 'catkin_skip_building_tests' from command line to 'False'
[0.262s] DEBUG:colcon.colcon_core.verb:Building package 'image_geometry' with the following arguments: {'ament_cmake_args': None, 'build_base': '/home/ngan/Documents/test_github/lesson6_ws/build/image_geometry', 'catkin_cmake_args': None, 'catkin_skip_building_tests': False, 'cmake_args': None, 'cmake_clean_cache': False, 'cmake_clean_first': False, 'cmake_force_configure': False, 'cmake_target': None, 'cmake_target_skip_unavailable': False, 'install_base': '/home/ngan/Documents/test_github/lesson6_ws/install/image_geometry', 'merge_install': False, 'path': '/home/ngan/Documents/test_github/lesson6_ws/src/rmitbot_vision/vision_opencv/image_geometry', 'symlink_install': False, 'test_result_base': None}
[0.263s] Level 5:colcon.colcon_core.verb:set package 'rmitbot_bringup' build argument 'cmake_args' from command line to 'None'
[0.263s] Level 5:colcon.colcon_core.verb:set package 'rmitbot_bringup' build argument 'cmake_target' from command line to 'None'
[0.263s] Level 5:colcon.colcon_core.verb:set package 'rmitbot_bringup' build argument 'cmake_target_skip_unavailable' from command line to 'False'
[0.263s] Level 5:colcon.colcon_core.verb:set package 'rmitbot_bringup' build argument 'cmake_clean_cache' from command line to 'False'
[0.263s] Level 5:colcon.colcon_core.verb:set package 'rmitbot_bringup' build argument 'cmake_clean_first' from command line to 'False'
[0.263s] Level 5:colcon.colcon_core.verb:set package 'rmitbot_bringup' build argument 'cmake_force_configure' from command line to 'False'
[0.263s] Level 5:colcon.colcon_core.verb:set package 'rmitbot_bringup' build argument 'ament_cmake_args' from command line to 'None'
[0.263s] Level 5:colcon.colcon_core.verb:set package 'rmitbot_bringup' build argument 'catkin_cmake_args' from command line to 'None'
[0.263s] Level 5:colcon.colcon_core.verb:set package 'rmitbot_bringup' build argument 'catkin_skip_building_tests' from command line to 'False'
[0.263s] DEBUG:colcon.colcon_core.verb:Building package 'rmitbot_bringup' with the following arguments: {'ament_cmake_args': None, 'build_base': '/home/ngan/Documents/test_github/lesson6_ws/build/rmitbot_bringup', 'catkin_cmake_args': None, 'catkin_skip_building_tests': False, 'cmake_args': None, 'cmake_clean_cache': False, 'cmake_clean_first': False, 'cmake_force_configure': False, 'cmake_target': None, 'cmake_target_skip_unavailable': False, 'install_base': '/home/ngan/Documents/test_github/lesson6_ws/install/rmitbot_bringup', 'merge_install': False, 'path': '/home/ngan/Documents/test_github/lesson6_ws/src/rmitbot_bringup', 'symlink_install': False, 'test_result_base': None}
[0.263s] Level 5:colcon.colcon_core.verb:set package 'rmitbot_controller' build argument 'cmake_args' from command line to 'None'
[0.263s] Level 5:colcon.colcon_core.verb:set package 'rmitbot_controller' build argument 'cmake_target' from command line to 'None'
[0.263s] Level 5:colcon.colcon_core.verb:set package 'rmitbot_controller' build argument 'cmake_target_skip_unavailable' from command line to 'False'
[0.263s] Level 5:colcon.colcon_core.verb:set package 'rmitbot_controller' build argument 'cmake_clean_cache' from command line to 'False'
[0.263s] Level 5:colcon.colcon_core.verb:set package 'rmitbot_controller' build argument 'cmake_clean_first' from command line to 'False'
[0.263s] Level 5:colcon.colcon_core.verb:set package 'rmitbot_controller' build argument 'cmake_force_configure' from command line to 'False'
[0.263s] Level 5:colcon.colcon_core.verb:set package 'rmitbot_controller' build argument 'ament_cmake_args' from command line to 'None'
[0.263s] Level 5:colcon.colcon_core.verb:set package 'rmitbot_controller' build argument 'catkin_cmake_args' from command line to 'None'
[0.263s] Level 5:colcon.colcon_core.verb:set package 'rmitbot_controller' build argument 'catkin_skip_building_tests' from command line to 'False'
[0.263s] DEBUG:colcon.colcon_core.verb:Building package 'rmitbot_controller' with the following arguments: {'ament_cmake_args': None, 'build_base': '/home/ngan/Documents/test_github/lesson6_ws/build/rmitbot_controller', 'catkin_cmake_args': None, 'catkin_skip_building_tests': False, 'cmake_args': None, 'cmake_clean_cache': False, 'cmake_clean_first': False, 'cmake_force_configure': False, 'cmake_target': None, 'cmake_target_skip_unavailable': False, 'install_base': '/home/ngan/Documents/test_github/lesson6_ws/install/rmitbot_controller', 'merge_install': False, 'path': '/home/ngan/Documents/test_github/lesson6_ws/src/rmitbot_controller', 'symlink_install': False, 'test_result_base': None}
[0.263s] Level 5:colcon.colcon_core.verb:set package 'rmitbot_description' build argument 'cmake_args' from command line to 'None'
[0.263s] Level 5:colcon.colcon_core.verb:set package 'rmitbot_description' build argument 'cmake_target' from command line to 'None'
[0.263s] Level 5:colcon.colcon_core.verb:set package 'rmitbot_description' build argument 'cmake_target_skip_unavailable' from command line to 'False'
[0.263s] Level 5:colcon.colcon_core.verb:set package 'rmitbot_description' build argument 'cmake_clean_cache' from command line to 'False'
[0.263s] Level 5:colcon.colcon_core.verb:set package 'rmitbot_description' build argument 'cmake_clean_first' from command line to 'False'
[0.263s] Level 5:colcon.colcon_core.verb:set package 'rmitbot_description' build argument 'cmake_force_configure' from command line to 'False'
[0.263s] Level 5:colcon.colcon_core.verb:set package 'rmitbot_description' build argument 'ament_cmake_args' from command line to 'None'
[0.263s] Level 5:colcon.colcon_core.verb:set package 'rmitbot_description' build argument 'catkin_cmake_args' from command line to 'None'
[0.263s] Level 5:colcon.colcon_core.verb:set package 'rmitbot_description' build argument 'catkin_skip_building_tests' from command line to 'False'
[0.263s] DEBUG:colcon.colcon_core.verb:Building package 'rmitbot_description' with the following arguments: {'ament_cmake_args': None, 'build_base': '/home/ngan/Documents/test_github/lesson6_ws/build/rmitbot_description', 'catkin_cmake_args': None, 'catkin_skip_building_tests': False, 'cmake_args': None, 'cmake_clean_cache': False, 'cmake_clean_first': False, 'cmake_force_configure': False, 'cmake_target': None, 'cmake_target_skip_unavailable': False, 'install_base': '/home/ngan/Documents/test_github/lesson6_ws/install/rmitbot_description', 'merge_install': False, 'path': '/home/ngan/Documents/test_github/lesson6_ws/src/rmitbot_description', 'symlink_install': False, 'test_result_base': None}
[0.264s] Level 5:colcon.colcon_core.verb:set package 'rmitbot_firmware' build argument 'cmake_args' from command line to 'None'
[0.264s] Level 5:colcon.colcon_core.verb:set package 'rmitbot_firmware' build argument 'cmake_target' from command line to 'None'
[0.264s] Level 5:colcon.colcon_core.verb:set package 'rmitbot_firmware' build argument 'cmake_target_skip_unavailable' from command line to 'False'
[0.264s] Level 5:colcon.colcon_core.verb:set package 'rmitbot_firmware' build argument 'cmake_clean_cache' from command line to 'False'
[0.264s] Level 5:colcon.colcon_core.verb:set package 'rmitbot_firmware' build argument 'cmake_clean_first' from command line to 'False'
[0.264s] Level 5:colcon.colcon_core.verb:set package 'rmitbot_firmware' build argument 'cmake_force_configure' from command line to 'False'
[0.264s] Level 5:colcon.colcon_core.verb:set package 'rmitbot_firmware' build argument 'ament_cmake_args' from command line to 'None'
[0.264s] Level 5:colcon.colcon_core.verb:set package 'rmitbot_firmware' build argument 'catkin_cmake_args' from command line to 'None'
[0.264s] Level 5:colcon.colcon_core.verb:set package 'rmitbot_firmware' build argument 'catkin_skip_building_tests' from command line to 'False'
[0.264s] DEBUG:colcon.colcon_core.verb:Building package 'rmitbot_firmware' with the following arguments: {'ament_cmake_args': None, 'build_base': '/home/ngan/Documents/test_github/lesson6_ws/build/rmitbot_firmware', 'catkin_cmake_args': None, 'catkin_skip_building_tests': False, 'cmake_args': None, 'cmake_clean_cache': False, 'cmake_clean_first': False, 'cmake_force_configure': False, 'cmake_target': None, 'cmake_target_skip_unavailable': False, 'install_base': '/home/ngan/Documents/test_github/lesson6_ws/install/rmitbot_firmware', 'merge_install': False, 'path': '/home/ngan/Documents/test_github/lesson6_ws/src/rmitbot_firmware', 'symlink_install': False, 'test_result_base': None}
[0.264s] Level 5:colcon.colcon_core.verb:set package 'rmitbot_localization' build argument 'cmake_args' from command line to 'None'
[0.264s] Level 5:colcon.colcon_core.verb:set package 'rmitbot_localization' build argument 'cmake_target' from command line to 'None'
[0.264s] Level 5:colcon.colcon_core.verb:set package 'rmitbot_localization' build argument 'cmake_target_skip_unavailable' from command line to 'False'
[0.264s] Level 5:colcon.colcon_core.verb:set package 'rmitbot_localization' build argument 'cmake_clean_cache' from command line to 'False'
[0.264s] Level 5:colcon.colcon_core.verb:set package 'rmitbot_localization' build argument 'cmake_clean_first' from command line to 'False'
[0.264s] Level 5:colcon.colcon_core.verb:set package 'rmitbot_localization' build argument 'cmake_force_configure' from command line to 'False'
[0.264s] Level 5:colcon.colcon_core.verb:set package 'rmitbot_localization' build argument 'ament_cmake_args' from command line to 'None'
[0.264s] Level 5:colcon.colcon_core.verb:set package 'rmitbot_localization' build argument 'catkin_cmake_args' from command line to 'None'
[0.264s] Level 5:colcon.colcon_core.verb:set package 'rmitbot_localization' build argument 'catkin_skip_building_tests' from command line to 'False'
[0.264s] DEBUG:colcon.colcon_core.verb:Building package 'rmitbot_localization' with the following arguments: {'ament_cmake_args': None, 'build_base': '/home/ngan/Documents/test_github/lesson6_ws/build/rmitbot_localization', 'catkin_cmake_args': None, 'catkin_skip_building_tests': False, 'cmake_args': None, 'cmake_clean_cache': False, 'cmake_clean_first': False, 'cmake_force_configure': False, 'cmake_target': None, 'cmake_target_skip_unavailable': False, 'install_base': '/home/ngan/Documents/test_github/lesson6_ws/install/rmitbot_localization', 'merge_install': False, 'path': '/home/ngan/Documents/test_github/lesson6_ws/src/rmitbot_localization', 'symlink_install': False, 'test_result_base': None}
[0.264s] Level 5:colcon.colcon_core.verb:set package 'rmitbot_mapping' build argument 'cmake_args' from command line to 'None'
[0.264s] Level 5:colcon.colcon_core.verb:set package 'rmitbot_mapping' build argument 'cmake_target' from command line to 'None'
[0.264s] Level 5:colcon.colcon_core.verb:set package 'rmitbot_mapping' build argument 'cmake_target_skip_unavailable' from command line to 'False'
[0.264s] Level 5:colcon.colcon_core.verb:set package 'rmitbot_mapping' build argument 'cmake_clean_cache' from command line to 'False'
[0.264s] Level 5:colcon.colcon_core.verb:set package 'rmitbot_mapping' build argument 'cmake_clean_first' from command line to 'False'
[0.264s] Level 5:colcon.colcon_core.verb:set package 'rmitbot_mapping' build argument 'cmake_force_configure' from command line to 'False'
[0.264s] Level 5:colcon.colcon_core.verb:set package 'rmitbot_mapping' build argument 'ament_cmake_args' from command line to 'None'
[0.264s] Level 5:colcon.colcon_core.verb:set package 'rmitbot_mapping' build argument 'catkin_cmake_args' from command line to 'None'
[0.264s] Level 5:colcon.colcon_core.verb:set package 'rmitbot_mapping' build argument 'catkin_skip_building_tests' from command line to 'False'
[0.264s] DEBUG:colcon.colcon_core.verb:Building package 'rmitbot_mapping' with the following arguments: {'ament_cmake_args': None, 'build_base': '/home/ngan/Documents/test_github/lesson6_ws/build/rmitbot_mapping', 'catkin_cmake_args': None, 'catkin_skip_building_tests': False, 'cmake_args': None, 'cmake_clean_cache': False, 'cmake_clean_first': False, 'cmake_force_configure': False, 'cmake_target': None, 'cmake_target_skip_unavailable': False, 'install_base': '/home/ngan/Documents/test_github/lesson6_ws/install/rmitbot_mapping', 'merge_install': False, 'path': '/home/ngan/Documents/test_github/lesson6_ws/src/rmitbot_mapping', 'symlink_install': False, 'test_result_base': None}
[0.265s] Level 5:colcon.colcon_core.verb:set package 'darknet_ros' build argument 'cmake_args' from command line to 'None'
[0.265s] Level 5:colcon.colcon_core.verb:set package 'darknet_ros' build argument 'cmake_target' from command line to 'None'
[0.265s] Level 5:colcon.colcon_core.verb:set package 'darknet_ros' build argument 'cmake_target_skip_unavailable' from command line to 'False'
[0.265s] Level 5:colcon.colcon_core.verb:set package 'darknet_ros' build argument 'cmake_clean_cache' from command line to 'False'
[0.265s] Level 5:colcon.colcon_core.verb:set package 'darknet_ros' build argument 'cmake_clean_first' from command line to 'False'
[0.265s] Level 5:colcon.colcon_core.verb:set package 'darknet_ros' build argument 'cmake_force_configure' from command line to 'False'
[0.265s] Level 5:colcon.colcon_core.verb:set package 'darknet_ros' build argument 'ament_cmake_args' from command line to 'None'
[0.265s] Level 5:colcon.colcon_core.verb:set package 'darknet_ros' build argument 'catkin_cmake_args' from command line to 'None'
[0.265s] Level 5:colcon.colcon_core.verb:set package 'darknet_ros' build argument 'catkin_skip_building_tests' from command line to 'False'
[0.265s] DEBUG:colcon.colcon_core.verb:Building package 'darknet_ros' with the following arguments: {'ament_cmake_args': None, 'build_base': '/home/ngan/Documents/test_github/lesson6_ws/build/darknet_ros', 'catkin_cmake_args': None, 'catkin_skip_building_tests': False, 'cmake_args': None, 'cmake_clean_cache': False, 'cmake_clean_first': False, 'cmake_force_configure': False, 'cmake_target': None, 'cmake_target_skip_unavailable': False, 'install_base': '/home/ngan/Documents/test_github/lesson6_ws/install/darknet_ros', 'merge_install': False, 'path': '/home/ngan/Documents/test_github/lesson6_ws/src/rmitbot_vision/darknet_ros/darknet_ros/darknet_ros', 'symlink_install': False, 'test_result_base': None}
[0.265s] Level 5:colcon.colcon_core.verb:set package 'opencv_tests' build argument 'cmake_args' from command line to 'None'
[0.265s] Level 5:colcon.colcon_core.verb:set package 'opencv_tests' build argument 'cmake_target' from command line to 'None'
[0.265s] Level 5:colcon.colcon_core.verb:set package 'opencv_tests' build argument 'cmake_target_skip_unavailable' from command line to 'False'
[0.265s] Level 5:colcon.colcon_core.verb:set package 'opencv_tests' build argument 'cmake_clean_cache' from command line to 'False'
[0.265s] Level 5:colcon.colcon_core.verb:set package 'opencv_tests' build argument 'cmake_clean_first' from command line to 'False'
[0.265s] Level 5:colcon.colcon_core.verb:set package 'opencv_tests' build argument 'cmake_force_configure' from command line to 'False'
[0.265s] Level 5:colcon.colcon_core.verb:set package 'opencv_tests' build argument 'ament_cmake_args' from command line to 'None'
[0.265s] Level 5:colcon.colcon_core.verb:set package 'opencv_tests' build argument 'catkin_cmake_args' from command line to 'None'
[0.265s] Level 5:colcon.colcon_core.verb:set package 'opencv_tests' build argument 'catkin_skip_building_tests' from command line to 'False'
[0.265s] DEBUG:colcon.colcon_core.verb:Building package 'opencv_tests' with the following arguments: {'ament_cmake_args': None, 'build_base': '/home/ngan/Documents/test_github/lesson6_ws/build/opencv_tests', 'catkin_cmake_args': None, 'catkin_skip_building_tests': False, 'cmake_args': None, 'cmake_clean_cache': False, 'cmake_clean_first': False, 'cmake_force_configure': False, 'cmake_target': None, 'cmake_target_skip_unavailable': False, 'install_base': '/home/ngan/Documents/test_github/lesson6_ws/install/opencv_tests', 'merge_install': False, 'path': '/home/ngan/Documents/test_github/lesson6_ws/src/rmitbot_vision/vision_opencv/opencv_tests', 'symlink_install': False, 'test_result_base': None}
[0.265s] Level 5:colcon.colcon_core.verb:set package 'stop_sign_control' build argument 'cmake_args' from command line to 'None'
[0.265s] Level 5:colcon.colcon_core.verb:set package 'stop_sign_control' build argument 'cmake_target' from command line to 'None'
[0.265s] Level 5:colcon.colcon_core.verb:set package 'stop_sign_control' build argument 'cmake_target_skip_unavailable' from command line to 'False'
[0.265s] Level 5:colcon.colcon_core.verb:set package 'stop_sign_control' build argument 'cmake_clean_cache' from command line to 'False'
[0.265s] Level 5:colcon.colcon_core.verb:set package 'stop_sign_control' build argument 'cmake_clean_first' from command line to 'False'
[0.265s] Level 5:colcon.colcon_core.verb:set package 'stop_sign_control' build argument 'cmake_force_configure' from command line to 'False'
[0.265s] Level 5:colcon.colcon_core.verb:set package 'stop_sign_control' build argument 'ament_cmake_args' from command line to 'None'
[0.265s] Level 5:colcon.colcon_core.verb:set package 'stop_sign_control' build argument 'catkin_cmake_args' from command line to 'None'
[0.265s] Level 5:colcon.colcon_core.verb:set package 'stop_sign_control' build argument 'catkin_skip_building_tests' from command line to 'False'
[0.265s] DEBUG:colcon.colcon_core.verb:Building package 'stop_sign_control' with the following arguments: {'ament_cmake_args': None, 'build_base': '/home/ngan/Documents/test_github/lesson6_ws/build/stop_sign_control', 'catkin_cmake_args': None, 'catkin_skip_building_tests': False, 'cmake_args': None, 'cmake_clean_cache': False, 'cmake_clean_first': False, 'cmake_force_configure': False, 'cmake_target': None, 'cmake_target_skip_unavailable': False, 'install_base': '/home/ngan/Documents/test_github/lesson6_ws/install/stop_sign_control', 'merge_install': False, 'path': '/home/ngan/Documents/test_github/lesson6_ws/src/rmitbot_vision/stop_sign_control', 'symlink_install': False, 'test_result_base': None}
[0.266s] Level 5:colcon.colcon_core.verb:set package 'vision_opencv' build argument 'cmake_args' from command line to 'None'
[0.266s] Level 5:colcon.colcon_core.verb:set package 'vision_opencv' build argument 'cmake_target' from command line to 'None'
[0.266s] Level 5:colcon.colcon_core.verb:set package 'vision_opencv' build argument 'cmake_target_skip_unavailable' from command line to 'False'
[0.266s] Level 5:colcon.colcon_core.verb:set package 'vision_opencv' build argument 'cmake_clean_cache' from command line to 'False'
[0.266s] Level 5:colcon.colcon_core.verb:set package 'vision_opencv' build argument 'cmake_clean_first' from command line to 'False'
[0.266s] Level 5:colcon.colcon_core.verb:set package 'vision_opencv' build argument 'cmake_force_configure' from command line to 'False'
[0.266s] Level 5:colcon.colcon_core.verb:set package 'vision_opencv' build argument 'ament_cmake_args' from command line to 'None'
[0.266s] Level 5:colcon.colcon_core.verb:set package 'vision_opencv' build argument 'catkin_cmake_args' from command line to 'None'
[0.266s] Level 5:colcon.colcon_core.verb:set package 'vision_opencv' build argument 'catkin_skip_building_tests' from command line to 'False'
[0.266s] DEBUG:colcon.colcon_core.verb:Building package 'vision_opencv' with the following arguments: {'ament_cmake_args': None, 'build_base': '/home/ngan/Documents/test_github/lesson6_ws/build/vision_opencv', 'catkin_cmake_args': None, 'catkin_skip_building_tests': False, 'cmake_args': None, 'cmake_clean_cache': False, 'cmake_clean_first': False, 'cmake_force_configure': False, 'cmake_target': None, 'cmake_target_skip_unavailable': False, 'install_base': '/home/ngan/Documents/test_github/lesson6_ws/install/vision_opencv', 'merge_install': False, 'path': '/home/ngan/Documents/test_github/lesson6_ws/src/rmitbot_vision/vision_opencv/vision_opencv', 'symlink_install': False, 'test_result_base': None}
[0.266s] INFO:colcon.colcon_core.executor:Executing jobs using 'parallel' executor
[0.267s] DEBUG:colcon.colcon_parallel_executor.executor.parallel:run_until_complete
[0.267s] INFO:colcon.colcon_ros.task.ament_cmake.build:Building ROS package in '/home/ngan/Documents/test_github/lesson6_ws/src/rmitbot_vision/vision_opencv/cv_bridge' with build type 'ament_cmake'
[0.267s] INFO:colcon.colcon_cmake.task.cmake.build:Building CMake package in '/home/ngan/Documents/test_github/lesson6_ws/src/rmitbot_vision/vision_opencv/cv_bridge'
[0.270s] INFO:colcon.colcon_core.plugin_system:Skipping extension 'colcon_core.shell.bat': Not used on non-Windows systems
[0.270s] DEBUG:colcon.colcon_core.shell:Skip shell extension 'dsv' for command environment
[0.280s] INFO:colcon.colcon_ros.task.ament_cmake.build:Building ROS package in '/home/ngan/Documents/test_github/lesson6_ws/src/rmitbot_vision/darknet_ros/darknet_ros/darknet_ros_msgs' with build type 'ament_cmake'
[0.280s] INFO:colcon.colcon_cmake.task.cmake.build:Building CMake package in '/home/ngan/Documents/test_github/lesson6_ws/src/rmitbot_vision/darknet_ros/darknet_ros/darknet_ros_msgs'
[0.280s] DEBUG:colcon.colcon_core.shell:Skip shell extension 'dsv' for command environment
[0.305s] INFO:colcon.colcon_ros.task.ament_cmake.build:Building ROS package in '/home/ngan/Documents/test_github/lesson6_ws/src/rmitbot_vision/vision_opencv/image_geometry' with build type 'ament_cmake'
[0.305s] INFO:colcon.colcon_cmake.task.cmake.build:Building CMake package in '/home/ngan/Documents/test_github/lesson6_ws/src/rmitbot_vision/vision_opencv/image_geometry'
[0.305s] DEBUG:colcon.colcon_core.shell:Skip shell extension 'dsv' for command environment
[0.313s] INFO:colcon.colcon_cmake.task.cmake.build:Building CMake package in '/home/ngan/Documents/test_github/lesson6_ws/src/rmitbot_vision/darknet_ros/darknet_ros/darknet'
[0.313s] DEBUG:colcon.colcon_core.shell:Skip shell extension 'dsv' for command environment
[0.335s] DEBUG:colcon.colcon_core.event_handler.log_command:Invoking command in '/home/ngan/Documents/test_github/lesson6_ws/build/cv_bridge': CMAKE_PREFIX_PATH=${CMAKE_PREFIX_PATH}:/home/ngan/Documents/test_github/lesson6_ws/install/opencv_tests:/opt/ros/jazzy DEBUGINFOD_URLS=https://debuginfod.ubuntu.com /usr/bin/cmake --build /home/ngan/Documents/test_github/lesson6_ws/build/cv_bridge -- -j4 -l4
[0.341s] DEBUG:colcon.colcon_core.event_handler.log_command:Invoking command in '/home/ngan/Documents/test_github/lesson6_ws/build/darknet_ros_msgs': CMAKE_PREFIX_PATH=${CMAKE_PREFIX_PATH}:/home/ngan/Documents/test_github/lesson6_ws/install/opencv_tests:/opt/ros/jazzy DEBUGINFOD_URLS=https://debuginfod.ubuntu.com /usr/bin/cmake --build /home/ngan/Documents/test_github/lesson6_ws/build/darknet_ros_msgs -- -j4 -l4
[0.346s] DEBUG:colcon.colcon_core.event_handler.log_command:Invoking command in '/home/ngan/Documents/test_github/lesson6_ws/build/image_geometry': CMAKE_PREFIX_PATH=${CMAKE_PREFIX_PATH}:/home/ngan/Documents/test_github/lesson6_ws/install/opencv_tests:/opt/ros/jazzy DEBUGINFOD_URLS=https://debuginfod.ubuntu.com /usr/bin/cmake --build /home/ngan/Documents/test_github/lesson6_ws/build/image_geometry -- -j4 -l4
[0.357s] DEBUG:colcon.colcon_core.event_handler.log_command:Invoking command in '/home/ngan/Documents/test_github/lesson6_ws/build/Darknet': DEBUGINFOD_URLS=https://debuginfod.ubuntu.com /usr/bin/cmake --build /home/ngan/Documents/test_github/lesson6_ws/build/Darknet -- -j4 -l4
[1.021s] DEBUG:colcon.colcon_core.event_handler.log_command:Invoked command in '/home/ngan/Documents/test_github/lesson6_ws/build/Darknet' returned '0': DEBUGINFOD_URLS=https://debuginfod.ubuntu.com /usr/bin/cmake --build /home/ngan/Documents/test_github/lesson6_ws/build/Darknet -- -j4 -l4
[1.049s] DEBUG:colcon.colcon_core.event_handler.log_command:Invoking command in '/home/ngan/Documents/test_github/lesson6_ws/build/Darknet': DEBUGINFOD_URLS=https://debuginfod.ubuntu.com /usr/bin/cmake --install /home/ngan/Documents/test_github/lesson6_ws/build/Darknet
[1.144s] Level 1:colcon.colcon_core.environment:create_environment_scripts_only(Darknet)
[1.146s] DEBUG:colcon.colcon_core.event_handler.log_command:Invoked command in '/home/ngan/Documents/test_github/lesson6_ws/build/Darknet' returned '0': DEBUGINFOD_URLS=https://debuginfod.ubuntu.com /usr/bin/cmake --install /home/ngan/Documents/test_github/lesson6_ws/build/Darknet
[1.148s] Level 1:colcon.colcon_core.environment:checking '/home/ngan/Documents/test_github/lesson6_ws/install/Darknet' for CMake module files
[1.152s] Level 1:colcon.colcon_core.environment:checking '/home/ngan/Documents/test_github/lesson6_ws/install/Darknet' for CMake config files
[1.152s] Level 1:colcon.colcon_core.shell:create_environment_hook('Darknet', 'cmake_prefix_path')
[1.153s] INFO:colcon.colcon_core.shell:Creating environment descriptor '/home/ngan/Documents/test_github/lesson6_ws/install/Darknet/share/Darknet/hook/cmake_prefix_path.dsv'
[1.154s] INFO:colcon.colcon_core.shell:Creating environment hook '/home/ngan/Documents/test_github/lesson6_ws/install/Darknet/share/Darknet/hook/cmake_prefix_path.sh'
[1.158s] Level 1:colcon.colcon_core.environment:checking '/home/ngan/Documents/test_github/lesson6_ws/install/Darknet/bin'
[1.159s] Level 1:colcon.colcon_core.environment:checking '/home/ngan/Documents/test_github/lesson6_ws/install/Darknet/lib/pkgconfig/Darknet.pc'
[1.165s] Level 1:colcon.colcon_core.environment:checking '/home/ngan/Documents/test_github/lesson6_ws/install/Darknet/lib/python3.12/site-packages'
[1.166s] Level 1:colcon.colcon_core.environment:checking '/home/ngan/Documents/test_github/lesson6_ws/install/Darknet/bin'
[1.166s] INFO:colcon.colcon_core.shell:Creating package descriptor '/home/ngan/Documents/test_github/lesson6_ws/install/Darknet/share/Darknet/package.dsv'
[1.170s] INFO:colcon.colcon_core.shell:Creating package script '/home/ngan/Documents/test_github/lesson6_ws/install/Darknet/share/Darknet/package.sh'
[1.174s] INFO:colcon.colcon_core.shell:Creating package script '/home/ngan/Documents/test_github/lesson6_ws/install/Darknet/share/Darknet/package.bash'
[1.175s] INFO:colcon.colcon_core.shell:Creating package script '/home/ngan/Documents/test_github/lesson6_ws/install/Darknet/share/Darknet/package.zsh'
[1.176s] Level 1:colcon.colcon_core.environment:create_file_with_runtime_dependencies(/home/ngan/Documents/test_github/lesson6_ws/install/Darknet/share/colcon-core/packages/Darknet)
[1.189s] INFO:colcon.colcon_ros.task.ament_cmake.build:Building ROS package in '/home/ngan/Documents/test_github/lesson6_ws/src/rmitbot_bringup' with build type 'ament_cmake'
[1.190s] INFO:colcon.colcon_cmake.task.cmake.build:Building CMake package in '/home/ngan/Documents/test_github/lesson6_ws/src/rmitbot_bringup'
[1.191s] DEBUG:colcon.colcon_core.shell:Skip shell extension 'dsv' for command environment
[1.215s] DEBUG:colcon.colcon_core.event_handler.log_command:Invoking command in '/home/ngan/Documents/test_github/lesson6_ws/build/rmitbot_bringup': CMAKE_PREFIX_PATH=${CMAKE_PREFIX_PATH}:/home/ngan/Documents/test_github/lesson6_ws/install/opencv_tests:/opt/ros/jazzy DEBUGINFOD_URLS=https://debuginfod.ubuntu.com /usr/bin/cmake --build /home/ngan/Documents/test_github/lesson6_ws/build/rmitbot_bringup -- -j4 -l4
[1.365s] DEBUG:colcon.colcon_core.event_handler.log_command:Invoked command in '/home/ngan/Documents/test_github/lesson6_ws/build/rmitbot_bringup' returned '0': CMAKE_PREFIX_PATH=${CMAKE_PREFIX_PATH}:/home/ngan/Documents/test_github/lesson6_ws/install/opencv_tests:/opt/ros/jazzy DEBUGINFOD_URLS=https://debuginfod.ubuntu.com /usr/bin/cmake --build /home/ngan/Documents/test_github/lesson6_ws/build/rmitbot_bringup -- -j4 -l4
[1.366s] DEBUG:colcon.colcon_core.event_handler.log_command:Invoking command in '/home/ngan/Documents/test_github/lesson6_ws/build/rmitbot_bringup': CMAKE_PREFIX_PATH=${CMAKE_PREFIX_PATH}:/home/ngan/Documents/test_github/lesson6_ws/install/opencv_tests:/opt/ros/jazzy DEBUGINFOD_URLS=https://debuginfod.ubuntu.com /usr/bin/cmake --install /home/ngan/Documents/test_github/lesson6_ws/build/rmitbot_bringup
[1.459s] Level 1:colcon.colcon_core.environment:create_environment_scripts_only(rmitbot_bringup)
[1.459s] Level 1:colcon.colcon_core.environment:checking '/home/ngan/Documents/test_github/lesson6_ws/install/rmitbot_bringup' for CMake module files
[1.461s] Level 1:colcon.colcon_core.environment:checking '/home/ngan/Documents/test_github/lesson6_ws/install/rmitbot_bringup' for CMake config files
[1.461s] Level 1:colcon.colcon_core.shell:create_environment_hook('rmitbot_bringup', 'cmake_prefix_path')
[1.461s] INFO:colcon.colcon_core.shell:Creating environment descriptor '/home/ngan/Documents/test_github/lesson6_ws/install/rmitbot_bringup/share/rmitbot_bringup/hook/cmake_prefix_path.dsv'
[1.476s] DEBUG:colcon.colcon_core.event_handler.log_command:Invoked command in '/home/ngan/Documents/test_github/lesson6_ws/build/rmitbot_bringup' returned '0': CMAKE_PREFIX_PATH=${CMAKE_PREFIX_PATH}:/home/ngan/Documents/test_github/lesson6_ws/install/opencv_tests:/opt/ros/jazzy DEBUGINFOD_URLS=https://debuginfod.ubuntu.com /usr/bin/cmake --install /home/ngan/Documents/test_github/lesson6_ws/build/rmitbot_bringup
[1.477s] INFO:colcon.colcon_core.shell:Creating environment hook '/home/ngan/Documents/test_github/lesson6_ws/install/rmitbot_bringup/share/rmitbot_bringup/hook/cmake_prefix_path.sh'
[1.490s] Level 1:colcon.colcon_core.environment:checking '/home/ngan/Documents/test_github/lesson6_ws/install/rmitbot_bringup/bin'
[1.490s] Level 1:colcon.colcon_core.environment:checking '/home/ngan/Documents/test_github/lesson6_ws/install/rmitbot_bringup/lib/pkgconfig/rmitbot_bringup.pc'
[1.490s] Level 1:colcon.colcon_core.environment:checking '/home/ngan/Documents/test_github/lesson6_ws/install/rmitbot_bringup/lib/python3.12/site-packages'
[1.490s] Level 1:colcon.colcon_core.environment:checking '/home/ngan/Documents/test_github/lesson6_ws/install/rmitbot_bringup/bin'
[1.493s] INFO:colcon.colcon_core.shell:Creating package descriptor '/home/ngan/Documents/test_github/lesson6_ws/install/rmitbot_bringup/share/rmitbot_bringup/package.dsv'
[1.494s] INFO:colcon.colcon_core.shell:Creating package script '/home/ngan/Documents/test_github/lesson6_ws/install/rmitbot_bringup/share/rmitbot_bringup/package.sh'
[1.499s] INFO:colcon.colcon_core.shell:Creating package script '/home/ngan/Documents/test_github/lesson6_ws/install/rmitbot_bringup/share/rmitbot_bringup/package.bash'
[1.499s] INFO:colcon.colcon_core.shell:Creating package script '/home/ngan/Documents/test_github/lesson6_ws/install/rmitbot_bringup/share/rmitbot_bringup/package.zsh'
[1.503s] Level 1:colcon.colcon_core.environment:create_file_with_runtime_dependencies(/home/ngan/Documents/test_github/lesson6_ws/install/rmitbot_bringup/share/colcon-core/packages/rmitbot_bringup)
[1.504s] Level 1:colcon.colcon_core.environment:create_environment_scripts_only(rmitbot_bringup)
[1.505s] Level 1:colcon.colcon_core.environment:checking '/home/ngan/Documents/test_github/lesson6_ws/install/rmitbot_bringup' for CMake module files
[1.505s] Level 1:colcon.colcon_core.environment:checking '/home/ngan/Documents/test_github/lesson6_ws/install/rmitbot_bringup' for CMake config files
[1.506s] Level 1:colcon.colcon_core.shell:create_environment_hook('rmitbot_bringup', 'cmake_prefix_path')
[1.506s] INFO:colcon.colcon_core.shell:Creating environment descriptor '/home/ngan/Documents/test_github/lesson6_ws/install/rmitbot_bringup/share/rmitbot_bringup/hook/cmake_prefix_path.dsv'
[1.512s] INFO:colcon.colcon_core.shell:Creating environment hook '/home/ngan/Documents/test_github/lesson6_ws/install/rmitbot_bringup/share/rmitbot_bringup/hook/cmake_prefix_path.sh'
[1.522s] Level 1:colcon.colcon_core.environment:checking '/home/ngan/Documents/test_github/lesson6_ws/install/rmitbot_bringup/bin'
[1.525s] Level 1:colcon.colcon_core.environment:checking '/home/ngan/Documents/test_github/lesson6_ws/install/rmitbot_bringup/lib/pkgconfig/rmitbot_bringup.pc'
[1.527s] Level 1:colcon.colcon_core.environment:checking '/home/ngan/Documents/test_github/lesson6_ws/install/rmitbot_bringup/lib/python3.12/site-packages'
[1.528s] Level 1:colcon.colcon_core.environment:checking '/home/ngan/Documents/test_github/lesson6_ws/install/rmitbot_bringup/bin'
[1.528s] INFO:colcon.colcon_core.shell:Creating package descriptor '/home/ngan/Documents/test_github/lesson6_ws/install/rmitbot_bringup/share/rmitbot_bringup/package.dsv'
[1.533s] INFO:colcon.colcon_core.shell:Creating package script '/home/ngan/Documents/test_github/lesson6_ws/install/rmitbot_bringup/share/rmitbot_bringup/package.sh'
[1.535s] INFO:colcon.colcon_core.shell:Creating package script '/home/ngan/Documents/test_github/lesson6_ws/install/rmitbot_bringup/share/rmitbot_bringup/package.bash'
[1.540s] INFO:colcon.colcon_core.shell:Creating package script '/home/ngan/Documents/test_github/lesson6_ws/install/rmitbot_bringup/share/rmitbot_bringup/package.zsh'
[1.543s] Level 1:colcon.colcon_core.environment:create_file_with_runtime_dependencies(/home/ngan/Documents/test_github/lesson6_ws/install/rmitbot_bringup/share/colcon-core/packages/rmitbot_bringup)
[1.544s] INFO:colcon.colcon_ros.task.ament_cmake.build:Building ROS package in '/home/ngan/Documents/test_github/lesson6_ws/src/rmitbot_controller' with build type 'ament_cmake'
[1.544s] INFO:colcon.colcon_cmake.task.cmake.build:Building CMake package in '/home/ngan/Documents/test_github/lesson6_ws/src/rmitbot_controller'
[1.545s] DEBUG:colcon.colcon_core.shell:Skip shell extension 'dsv' for command environment
[1.595s] DEBUG:colcon.colcon_core.event_handler.log_command:Invoking command in '/home/ngan/Documents/test_github/lesson6_ws/build/rmitbot_controller': CMAKE_PREFIX_PATH=${CMAKE_PREFIX_PATH}:/home/ngan/Documents/test_github/lesson6_ws/install/opencv_tests:/opt/ros/jazzy DEBUGINFOD_URLS=https://debuginfod.ubuntu.com /usr/bin/cmake --build /home/ngan/Documents/test_github/lesson6_ws/build/rmitbot_controller -- -j4 -l4
[1.668s] DEBUG:colcon.colcon_core.event_handler.log_command:Invoked command in '/home/ngan/Documents/test_github/lesson6_ws/build/rmitbot_controller' returned '0': CMAKE_PREFIX_PATH=${CMAKE_PREFIX_PATH}:/home/ngan/Documents/test_github/lesson6_ws/install/opencv_tests:/opt/ros/jazzy DEBUGINFOD_URLS=https://debuginfod.ubuntu.com /usr/bin/cmake --build /home/ngan/Documents/test_github/lesson6_ws/build/rmitbot_controller -- -j4 -l4
[1.668s] DEBUG:colcon.colcon_core.event_handler.log_command:Invoking command in '/home/ngan/Documents/test_github/lesson6_ws/build/rmitbot_controller': CMAKE_PREFIX_PATH=${CMAKE_PREFIX_PATH}:/home/ngan/Documents/test_github/lesson6_ws/install/opencv_tests:/opt/ros/jazzy DEBUGINFOD_URLS=https://debuginfod.ubuntu.com /usr/bin/cmake --install /home/ngan/Documents/test_github/lesson6_ws/build/rmitbot_controller
[1.700s] Level 1:colcon.colcon_core.environment:create_environment_scripts_only(rmitbot_controller)
[1.700s] DEBUG:colcon.colcon_core.event_handler.log_command:Invoked command in '/home/ngan/Documents/test_github/lesson6_ws/build/rmitbot_controller' returned '0': CMAKE_PREFIX_PATH=${CMAKE_PREFIX_PATH}:/home/ngan/Documents/test_github/lesson6_ws/install/opencv_tests:/opt/ros/jazzy DEBUGINFOD_URLS=https://debuginfod.ubuntu.com /usr/bin/cmake --install /home/ngan/Documents/test_github/lesson6_ws/build/rmitbot_controller
[1.700s] Level 1:colcon.colcon_core.environment:checking '/home/ngan/Documents/test_github/lesson6_ws/install/rmitbot_controller' for CMake module files
[1.701s] Level 1:colcon.colcon_core.environment:checking '/home/ngan/Documents/test_github/lesson6_ws/install/rmitbot_controller' for CMake config files
[1.701s] Level 1:colcon.colcon_core.shell:create_environment_hook('rmitbot_controller', 'cmake_prefix_path')
[1.702s] INFO:colcon.colcon_core.shell:Creating environment descriptor '/home/ngan/Documents/test_github/lesson6_ws/install/rmitbot_controller/share/rmitbot_controller/hook/cmake_prefix_path.dsv'
[1.702s] INFO:colcon.colcon_core.shell:Creating environment hook '/home/ngan/Documents/test_github/lesson6_ws/install/rmitbot_controller/share/rmitbot_controller/hook/cmake_prefix_path.sh'
[1.703s] Level 1:colcon.colcon_core.environment:checking '/home/ngan/Documents/test_github/lesson6_ws/install/rmitbot_controller/bin'
[1.703s] Level 1:colcon.colcon_core.environment:checking '/home/ngan/Documents/test_github/lesson6_ws/install/rmitbot_controller/lib/pkgconfig/rmitbot_controller.pc'
[1.704s] Level 1:colcon.colcon_core.environment:checking '/home/ngan/Documents/test_github/lesson6_ws/install/rmitbot_controller/lib/python3.12/site-packages'
[1.704s] Level 1:colcon.colcon_core.environment:checking '/home/ngan/Documents/test_github/lesson6_ws/install/rmitbot_controller/bin'
[1.704s] INFO:colcon.colcon_core.shell:Creating package descriptor '/home/ngan/Documents/test_github/lesson6_ws/install/rmitbot_controller/share/rmitbot_controller/package.dsv'
[1.704s] INFO:colcon.colcon_core.shell:Creating package script '/home/ngan/Documents/test_github/lesson6_ws/install/rmitbot_controller/share/rmitbot_controller/package.sh'
[1.705s] INFO:colcon.colcon_core.shell:Creating package script '/home/ngan/Documents/test_github/lesson6_ws/install/rmitbot_controller/share/rmitbot_controller/package.bash'
[1.705s] INFO:colcon.colcon_core.shell:Creating package script '/home/ngan/Documents/test_github/lesson6_ws/install/rmitbot_controller/share/rmitbot_controller/package.zsh'
[1.706s] Level 1:colcon.colcon_core.environment:create_file_with_runtime_dependencies(/home/ngan/Documents/test_github/lesson6_ws/install/rmitbot_controller/share/colcon-core/packages/rmitbot_controller)
[1.707s] Level 1:colcon.colcon_core.environment:create_environment_scripts_only(rmitbot_controller)
[1.707s] Level 1:colcon.colcon_core.environment:checking '/home/ngan/Documents/test_github/lesson6_ws/install/rmitbot_controller' for CMake module files
[1.708s] Level 1:colcon.colcon_core.environment:checking '/home/ngan/Documents/test_github/lesson6_ws/install/rmitbot_controller' for CMake config files
[1.708s] Level 1:colcon.colcon_core.shell:create_environment_hook('rmitbot_controller', 'cmake_prefix_path')
[1.708s] INFO:colcon.colcon_core.shell:Creating environment descriptor '/home/ngan/Documents/test_github/lesson6_ws/install/rmitbot_controller/share/rmitbot_controller/hook/cmake_prefix_path.dsv'
[1.708s] INFO:colcon.colcon_core.shell:Creating environment hook '/home/ngan/Documents/test_github/lesson6_ws/install/rmitbot_controller/share/rmitbot_controller/hook/cmake_prefix_path.sh'
[1.709s] Level 1:colcon.colcon_core.environment:checking '/home/ngan/Documents/test_github/lesson6_ws/install/rmitbot_controller/bin'
[1.709s] Level 1:colcon.colcon_core.environment:checking '/home/ngan/Documents/test_github/lesson6_ws/install/rmitbot_controller/lib/pkgconfig/rmitbot_controller.pc'
[1.709s] Level 1:colcon.colcon_core.environment:checking '/home/ngan/Documents/test_github/lesson6_ws/install/rmitbot_controller/lib/python3.12/site-packages'
[1.710s] Level 1:colcon.colcon_core.environment:checking '/home/ngan/Documents/test_github/lesson6_ws/install/rmitbot_controller/bin'
[1.710s] INFO:colcon.colcon_core.shell:Creating package descriptor '/home/ngan/Documents/test_github/lesson6_ws/install/rmitbot_controller/share/rmitbot_controller/package.dsv'
[1.711s] INFO:colcon.colcon_core.shell:Creating package script '/home/ngan/Documents/test_github/lesson6_ws/install/rmitbot_controller/share/rmitbot_controller/package.sh'
[1.711s] INFO:colcon.colcon_core.shell:Creating package script '/home/ngan/Documents/test_github/lesson6_ws/install/rmitbot_controller/share/rmitbot_controller/package.bash'
[1.712s] INFO:colcon.colcon_core.shell:Creating package script '/home/ngan/Documents/test_github/lesson6_ws/install/rmitbot_controller/share/rmitbot_controller/package.zsh'
[1.712s] Level 1:colcon.colcon_core.environment:create_file_with_runtime_dependencies(/home/ngan/Documents/test_github/lesson6_ws/install/rmitbot_controller/share/colcon-core/packages/rmitbot_controller)
[1.714s] INFO:colcon.colcon_ros.task.ament_cmake.build:Building ROS package in '/home/ngan/Documents/test_github/lesson6_ws/src/rmitbot_description' with build type 'ament_cmake'
[1.715s] INFO:colcon.colcon_cmake.task.cmake.build:Building CMake package in '/home/ngan/Documents/test_github/lesson6_ws/src/rmitbot_description'
[1.715s] DEBUG:colcon.colcon_core.shell:Skip shell extension 'dsv' for command environment
[1.766s] DEBUG:colcon.colcon_core.event_handler.log_command:Invoking command in '/home/ngan/Documents/test_github/lesson6_ws/build/rmitbot_description': CMAKE_PREFIX_PATH=${CMAKE_PREFIX_PATH}:/home/ngan/Documents/test_github/lesson6_ws/install/opencv_tests:/opt/ros/jazzy DEBUGINFOD_URLS=https://debuginfod.ubuntu.com /usr/bin/cmake --build /home/ngan/Documents/test_github/lesson6_ws/build/rmitbot_description -- -j4 -l4
[1.817s] DEBUG:colcon.colcon_core.event_handler.log_command:Invoked command in '/home/ngan/Documents/test_github/lesson6_ws/build/darknet_ros_msgs' returned '0': CMAKE_PREFIX_PATH=${CMAKE_PREFIX_PATH}:/home/ngan/Documents/test_github/lesson6_ws/install/opencv_tests:/opt/ros/jazzy DEBUGINFOD_URLS=https://debuginfod.ubuntu.com /usr/bin/cmake --build /home/ngan/Documents/test_github/lesson6_ws/build/darknet_ros_msgs -- -j4 -l4
[1.820s] DEBUG:colcon.colcon_core.event_handler.log_command:Invoking command in '/home/ngan/Documents/test_github/lesson6_ws/build/darknet_ros_msgs': CMAKE_PREFIX_PATH=${CMAKE_PREFIX_PATH}:/home/ngan/Documents/test_github/lesson6_ws/install/opencv_tests:/opt/ros/jazzy DEBUGINFOD_URLS=https://debuginfod.ubuntu.com /usr/bin/cmake --install /home/ngan/Documents/test_github/lesson6_ws/build/darknet_ros_msgs
[1.833s] DEBUG:colcon.colcon_core.event_handler.log_command:Invoked command in '/home/ngan/Documents/test_github/lesson6_ws/build/rmitbot_description' returned '0': CMAKE_PREFIX_PATH=${CMAKE_PREFIX_PATH}:/home/ngan/Documents/test_github/lesson6_ws/install/opencv_tests:/opt/ros/jazzy DEBUGINFOD_URLS=https://debuginfod.ubuntu.com /usr/bin/cmake --build /home/ngan/Documents/test_github/lesson6_ws/build/rmitbot_description -- -j4 -l4
[1.834s] DEBUG:colcon.colcon_core.event_handler.log_command:Invoking command in '/home/ngan/Documents/test_github/lesson6_ws/build/rmitbot_description': CMAKE_PREFIX_PATH=${CMAKE_PREFIX_PATH}:/home/ngan/Documents/test_github/lesson6_ws/install/opencv_tests:/opt/ros/jazzy DEBUGINFOD_URLS=https://debuginfod.ubuntu.com /usr/bin/cmake --install /home/ngan/Documents/test_github/lesson6_ws/build/rmitbot_description
[1.878s] Level 1:colcon.colcon_core.environment:create_environment_scripts_only(rmitbot_description)
[1.879s] Level 1:colcon.colcon_core.environment:checking '/home/ngan/Documents/test_github/lesson6_ws/install/rmitbot_description' for CMake module files
[1.880s] Level 1:colcon.colcon_core.environment:checking '/home/ngan/Documents/test_github/lesson6_ws/install/rmitbot_description' for CMake config files
[1.880s] Level 1:colcon.colcon_core.shell:create_environment_hook('rmitbot_description', 'cmake_prefix_path')
[1.882s] INFO:colcon.colcon_core.shell:Creating environment descriptor '/home/ngan/Documents/test_github/lesson6_ws/install/rmitbot_description/share/rmitbot_description/hook/cmake_prefix_path.dsv'
[1.889s] INFO:colcon.colcon_core.shell:Creating environment hook '/home/ngan/Documents/test_github/lesson6_ws/install/rmitbot_description/share/rmitbot_description/hook/cmake_prefix_path.sh'
[1.890s] Level 1:colcon.colcon_core.environment:checking '/home/ngan/Documents/test_github/lesson6_ws/install/rmitbot_description/bin'
[1.890s] Level 1:colcon.colcon_core.environment:checking '/home/ngan/Documents/test_github/lesson6_ws/install/rmitbot_description/lib/pkgconfig/rmitbot_description.pc'
[1.891s] Level 1:colcon.colcon_core.environment:checking '/home/ngan/Documents/test_github/lesson6_ws/install/rmitbot_description/lib/python3.12/site-packages'
[1.891s] Level 1:colcon.colcon_core.environment:checking '/home/ngan/Documents/test_github/lesson6_ws/install/rmitbot_description/bin'
[1.894s] INFO:colcon.colcon_core.shell:Creating package descriptor '/home/ngan/Documents/test_github/lesson6_ws/install/rmitbot_description/share/rmitbot_description/package.dsv'
[1.894s] INFO:colcon.colcon_core.shell:Creating package script '/home/ngan/Documents/test_github/lesson6_ws/install/rmitbot_description/share/rmitbot_description/package.sh'
[1.898s] DEBUG:colcon.colcon_core.event_handler.log_command:Invoked command in '/home/ngan/Documents/test_github/lesson6_ws/build/rmitbot_description' returned '0': CMAKE_PREFIX_PATH=${CMAKE_PREFIX_PATH}:/home/ngan/Documents/test_github/lesson6_ws/install/opencv_tests:/opt/ros/jazzy DEBUGINFOD_URLS=https://debuginfod.ubuntu.com /usr/bin/cmake --install /home/ngan/Documents/test_github/lesson6_ws/build/rmitbot_description
[1.899s] INFO:colcon.colcon_core.shell:Creating package script '/home/ngan/Documents/test_github/lesson6_ws/install/rmitbot_description/share/rmitbot_description/package.bash'
[1.899s] INFO:colcon.colcon_core.shell:Creating package script '/home/ngan/Documents/test_github/lesson6_ws/install/rmitbot_description/share/rmitbot_description/package.zsh'
[1.902s] Level 1:colcon.colcon_core.environment:create_file_with_runtime_dependencies(/home/ngan/Documents/test_github/lesson6_ws/install/rmitbot_description/share/colcon-core/packages/rmitbot_description)
[1.904s] Level 1:colcon.colcon_core.environment:create_environment_scripts_only(rmitbot_description)
[1.904s] Level 1:colcon.colcon_core.environment:checking '/home/ngan/Documents/test_github/lesson6_ws/install/rmitbot_description' for CMake module files
[1.908s] Level 1:colcon.colcon_core.environment:checking '/home/ngan/Documents/test_github/lesson6_ws/install/rmitbot_description' for CMake config files
[1.908s] Level 1:colcon.colcon_core.shell:create_environment_hook('rmitbot_description', 'cmake_prefix_path')
[1.909s] INFO:colcon.colcon_core.shell:Creating environment descriptor '/home/ngan/Documents/test_github/lesson6_ws/install/rmitbot_description/share/rmitbot_description/hook/cmake_prefix_path.dsv'
[1.909s] INFO:colcon.colcon_core.shell:Creating environment hook '/home/ngan/Documents/test_github/lesson6_ws/install/rmitbot_description/share/rmitbot_description/hook/cmake_prefix_path.sh'
[1.910s] Level 1:colcon.colcon_core.environment:checking '/home/ngan/Documents/test_github/lesson6_ws/install/rmitbot_description/bin'
[1.910s] Level 1:colcon.colcon_core.environment:checking '/home/ngan/Documents/test_github/lesson6_ws/install/rmitbot_description/lib/pkgconfig/rmitbot_description.pc'
[1.910s] Level 1:colcon.colcon_core.environment:checking '/home/ngan/Documents/test_github/lesson6_ws/install/rmitbot_description/lib/python3.12/site-packages'
[1.913s] Level 1:colcon.colcon_core.environment:checking '/home/ngan/Documents/test_github/lesson6_ws/install/rmitbot_description/bin'
[1.915s] INFO:colcon.colcon_core.shell:Creating package descriptor '/home/ngan/Documents/test_github/lesson6_ws/install/rmitbot_description/share/rmitbot_description/package.dsv'
[1.916s] INFO:colcon.colcon_core.shell:Creating package script '/home/ngan/Documents/test_github/lesson6_ws/install/rmitbot_description/share/rmitbot_description/package.sh'
[1.916s] INFO:colcon.colcon_core.shell:Creating package script '/home/ngan/Documents/test_github/lesson6_ws/install/rmitbot_description/share/rmitbot_description/package.bash'
[1.917s] INFO:colcon.colcon_core.shell:Creating package script '/home/ngan/Documents/test_github/lesson6_ws/install/rmitbot_description/share/rmitbot_description/package.zsh'
[1.917s] Level 1:colcon.colcon_core.environment:create_file_with_runtime_dependencies(/home/ngan/Documents/test_github/lesson6_ws/install/rmitbot_description/share/colcon-core/packages/rmitbot_description)
[1.922s] INFO:colcon.colcon_ros.task.ament_cmake.build:Building ROS package in '/home/ngan/Documents/test_github/lesson6_ws/src/rmitbot_firmware' with build type 'ament_cmake'
[1.922s] INFO:colcon.colcon_cmake.task.cmake.build:Building CMake package in '/home/ngan/Documents/test_github/lesson6_ws/src/rmitbot_firmware'
[1.922s] DEBUG:colcon.colcon_core.shell:Skip shell extension 'dsv' for command environment
[1.934s] DEBUG:colcon.colcon_core.event_handler.log_command:Invoked command in '/home/ngan/Documents/test_github/lesson6_ws/build/image_geometry' returned '0': CMAKE_PREFIX_PATH=${CMAKE_PREFIX_PATH}:/home/ngan/Documents/test_github/lesson6_ws/install/opencv_tests:/opt/ros/jazzy DEBUGINFOD_URLS=https://debuginfod.ubuntu.com /usr/bin/cmake --build /home/ngan/Documents/test_github/lesson6_ws/build/image_geometry -- -j4 -l4
[1.935s] DEBUG:colcon.colcon_core.event_handler.log_command:Invoking command in '/home/ngan/Documents/test_github/lesson6_ws/build/image_geometry': CMAKE_PREFIX_PATH=${CMAKE_PREFIX_PATH}:/home/ngan/Documents/test_github/lesson6_ws/install/opencv_tests:/opt/ros/jazzy DEBUGINFOD_URLS=https://debuginfod.ubuntu.com /usr/bin/cmake --install /home/ngan/Documents/test_github/lesson6_ws/build/image_geometry
[1.956s] DEBUG:colcon.colcon_core.event_handler.log_command:Invoked command in '/home/ngan/Documents/test_github/lesson6_ws/build/cv_bridge' returned '0': CMAKE_PREFIX_PATH=${CMAKE_PREFIX_PATH}:/home/ngan/Documents/test_github/lesson6_ws/install/opencv_tests:/opt/ros/jazzy DEBUGINFOD_URLS=https://debuginfod.ubuntu.com /usr/bin/cmake --build /home/ngan/Documents/test_github/lesson6_ws/build/cv_bridge -- -j4 -l4
[1.959s] DEBUG:colcon.colcon_core.event_handler.log_command:Invoking command in '/home/ngan/Documents/test_github/lesson6_ws/build/cv_bridge': CMAKE_PREFIX_PATH=${CMAKE_PREFIX_PATH}:/home/ngan/Documents/test_github/lesson6_ws/install/opencv_tests:/opt/ros/jazzy DEBUGINFOD_URLS=https://debuginfod.ubuntu.com /usr/bin/cmake --install /home/ngan/Documents/test_github/lesson6_ws/build/cv_bridge
[1.978s] DEBUG:colcon.colcon_core.event_handler.log_command:Invoking command in '/home/ngan/Documents/test_github/lesson6_ws/build/rmitbot_firmware': CMAKE_PREFIX_PATH=${CMAKE_PREFIX_PATH}:/home/ngan/Documents/test_github/lesson6_ws/install/opencv_tests:/opt/ros/jazzy DEBUGINFOD_URLS=https://debuginfod.ubuntu.com /usr/bin/cmake --build /home/ngan/Documents/test_github/lesson6_ws/build/rmitbot_firmware -- -j4 -l4
[2.056s] Level 1:colcon.colcon_core.environment:create_environment_scripts_only(darknet_ros_msgs)
[2.057s] Level 1:colcon.colcon_core.environment:checking '/home/ngan/Documents/test_github/lesson6_ws/install/darknet_ros_msgs' for CMake module files
[2.058s] Level 1:colcon.colcon_core.environment:checking '/home/ngan/Documents/test_github/lesson6_ws/install/darknet_ros_msgs' for CMake config files
[2.062s] DEBUG:colcon.colcon_core.event_handler.log_command:Invoked command in '/home/ngan/Documents/test_github/lesson6_ws/build/darknet_ros_msgs' returned '0': CMAKE_PREFIX_PATH=${CMAKE_PREFIX_PATH}:/home/ngan/Documents/test_github/lesson6_ws/install/opencv_tests:/opt/ros/jazzy DEBUGINFOD_URLS=https://debuginfod.ubuntu.com /usr/bin/cmake --install /home/ngan/Documents/test_github/lesson6_ws/build/darknet_ros_msgs
[2.063s] Level 1:colcon.colcon_core.shell:create_environment_hook('darknet_ros_msgs', 'cmake_prefix_path')
[2.063s] INFO:colcon.colcon_core.shell:Creating environment descriptor '/home/ngan/Documents/test_github/lesson6_ws/install/darknet_ros_msgs/share/darknet_ros_msgs/hook/cmake_prefix_path.dsv'
[2.063s] INFO:colcon.colcon_core.shell:Creating environment hook '/home/ngan/Documents/test_github/lesson6_ws/install/darknet_ros_msgs/share/darknet_ros_msgs/hook/cmake_prefix_path.sh'
[2.067s] Level 1:colcon.colcon_core.environment:checking '/home/ngan/Documents/test_github/lesson6_ws/install/darknet_ros_msgs/lib'
[2.068s] Level 1:colcon.colcon_core.shell:create_environment_hook('darknet_ros_msgs', 'ld_library_path_lib')
[2.068s] INFO:colcon.colcon_core.shell:Creating environment descriptor '/home/ngan/Documents/test_github/lesson6_ws/install/darknet_ros_msgs/share/darknet_ros_msgs/hook/ld_library_path_lib.dsv'
[2.069s] INFO:colcon.colcon_core.shell:Creating environment hook '/home/ngan/Documents/test_github/lesson6_ws/install/darknet_ros_msgs/share/darknet_ros_msgs/hook/ld_library_path_lib.sh'
[2.069s] Level 1:colcon.colcon_core.environment:checking '/home/ngan/Documents/test_github/lesson6_ws/install/darknet_ros_msgs/bin'
[2.069s] Level 1:colcon.colcon_core.environment:checking '/home/ngan/Documents/test_github/lesson6_ws/install/darknet_ros_msgs/lib/pkgconfig/darknet_ros_msgs.pc'
[2.072s] Level 1:colcon.colcon_core.environment:checking '/home/ngan/Documents/test_github/lesson6_ws/install/darknet_ros_msgs/lib/python3.12/site-packages'
[2.072s] Level 1:colcon.colcon_core.shell:create_environment_hook('darknet_ros_msgs', 'pythonpath')
[2.072s] INFO:colcon.colcon_core.shell:Creating environment descriptor '/home/ngan/Documents/test_github/lesson6_ws/install/darknet_ros_msgs/share/darknet_ros_msgs/hook/pythonpath.dsv'
[2.074s] INFO:colcon.colcon_core.shell:Creating environment hook '/home/ngan/Documents/test_github/lesson6_ws/install/darknet_ros_msgs/share/darknet_ros_msgs/hook/pythonpath.sh'
[2.075s] Level 1:colcon.colcon_core.environment:checking '/home/ngan/Documents/test_github/lesson6_ws/install/darknet_ros_msgs/bin'
[2.075s] INFO:colcon.colcon_core.shell:Creating package descriptor '/home/ngan/Documents/test_github/lesson6_ws/install/darknet_ros_msgs/share/darknet_ros_msgs/package.dsv'
[2.075s] INFO:colcon.colcon_core.shell:Creating package script '/home/ngan/Documents/test_github/lesson6_ws/install/darknet_ros_msgs/share/darknet_ros_msgs/package.sh'
[2.078s] INFO:colcon.colcon_core.shell:Creating package script '/home/ngan/Documents/test_github/lesson6_ws/install/darknet_ros_msgs/share/darknet_ros_msgs/package.bash'
[2.078s] INFO:colcon.colcon_core.shell:Creating package script '/home/ngan/Documents/test_github/lesson6_ws/install/darknet_ros_msgs/share/darknet_ros_msgs/package.zsh'
[2.079s] Level 1:colcon.colcon_core.environment:create_file_with_runtime_dependencies(/home/ngan/Documents/test_github/lesson6_ws/install/darknet_ros_msgs/share/colcon-core/packages/darknet_ros_msgs)
[2.081s] Level 1:colcon.colcon_core.environment:create_environment_scripts_only(darknet_ros_msgs)
[2.081s] Level 1:colcon.colcon_core.environment:checking '/home/ngan/Documents/test_github/lesson6_ws/install/darknet_ros_msgs' for CMake module files
[2.088s] Level 1:colcon.colcon_core.environment:checking '/home/ngan/Documents/test_github/lesson6_ws/install/darknet_ros_msgs' for CMake config files
[2.092s] Level 1:colcon.colcon_core.shell:create_environment_hook('darknet_ros_msgs', 'cmake_prefix_path')
[2.092s] INFO:colcon.colcon_core.shell:Creating environment descriptor '/home/ngan/Documents/test_github/lesson6_ws/install/darknet_ros_msgs/share/darknet_ros_msgs/hook/cmake_prefix_path.dsv'
[2.093s] INFO:colcon.colcon_core.shell:Creating environment hook '/home/ngan/Documents/test_github/lesson6_ws/install/darknet_ros_msgs/share/darknet_ros_msgs/hook/cmake_prefix_path.sh'
[2.098s] Level 1:colcon.colcon_core.environment:checking '/home/ngan/Documents/test_github/lesson6_ws/install/darknet_ros_msgs/lib'
[2.099s] Level 1:colcon.colcon_core.shell:create_environment_hook('darknet_ros_msgs', 'ld_library_path_lib')
[2.099s] INFO:colcon.colcon_core.shell:Creating environment descriptor '/home/ngan/Documents/test_github/lesson6_ws/install/darknet_ros_msgs/share/darknet_ros_msgs/hook/ld_library_path_lib.dsv'
[2.099s] INFO:colcon.colcon_core.shell:Creating environment hook '/home/ngan/Documents/test_github/lesson6_ws/install/darknet_ros_msgs/share/darknet_ros_msgs/hook/ld_library_path_lib.sh'
[2.103s] Level 1:colcon.colcon_core.environment:checking '/home/ngan/Documents/test_github/lesson6_ws/install/darknet_ros_msgs/bin'
[2.103s] Level 1:colcon.colcon_core.environment:checking '/home/ngan/Documents/test_github/lesson6_ws/install/darknet_ros_msgs/lib/pkgconfig/darknet_ros_msgs.pc'
[2.104s] Level 1:colcon.colcon_core.environment:checking '/home/ngan/Documents/test_github/lesson6_ws/install/darknet_ros_msgs/lib/python3.12/site-packages'
[2.104s] Level 1:colcon.colcon_core.shell:create_environment_hook('darknet_ros_msgs', 'pythonpath')
[2.104s] INFO:colcon.colcon_core.shell:Creating environment descriptor '/home/ngan/Documents/test_github/lesson6_ws/install/darknet_ros_msgs/share/darknet_ros_msgs/hook/pythonpath.dsv'
[2.104s] INFO:colcon.colcon_core.shell:Creating environment hook '/home/ngan/Documents/test_github/lesson6_ws/install/darknet_ros_msgs/share/darknet_ros_msgs/hook/pythonpath.sh'
[2.105s] Level 1:colcon.colcon_core.environment:checking '/home/ngan/Documents/test_github/lesson6_ws/install/darknet_ros_msgs/bin'
[2.109s] INFO:colcon.colcon_core.shell:Creating package descriptor '/home/ngan/Documents/test_github/lesson6_ws/install/darknet_ros_msgs/share/darknet_ros_msgs/package.dsv'
[2.109s] INFO:colcon.colcon_core.shell:Creating package script '/home/ngan/Documents/test_github/lesson6_ws/install/darknet_ros_msgs/share/darknet_ros_msgs/package.sh'
[2.110s] INFO:colcon.colcon_core.shell:Creating package script '/home/ngan/Documents/test_github/lesson6_ws/install/darknet_ros_msgs/share/darknet_ros_msgs/package.bash'
[2.115s] INFO:colcon.colcon_core.shell:Creating package script '/home/ngan/Documents/test_github/lesson6_ws/install/darknet_ros_msgs/share/darknet_ros_msgs/package.zsh'
[2.115s] Level 1:colcon.colcon_core.environment:create_file_with_runtime_dependencies(/home/ngan/Documents/test_github/lesson6_ws/install/darknet_ros_msgs/share/colcon-core/packages/darknet_ros_msgs)
[2.117s] INFO:colcon.colcon_ros.task.ament_cmake.build:Building ROS package in '/home/ngan/Documents/test_github/lesson6_ws/src/rmitbot_localization' with build type 'ament_cmake'
[2.117s] INFO:colcon.colcon_cmake.task.cmake.build:Building CMake package in '/home/ngan/Documents/test_github/lesson6_ws/src/rmitbot_localization'
[2.118s] DEBUG:colcon.colcon_core.shell:Skip shell extension 'dsv' for command environment
[2.134s] Level 1:colcon.colcon_core.environment:create_environment_scripts_only(image_geometry)
[2.134s] Level 1:colcon.colcon_core.environment:checking '/home/ngan/Documents/test_github/lesson6_ws/install/image_geometry' for CMake module files
[2.135s] Level 1:colcon.colcon_core.environment:checking '/home/ngan/Documents/test_github/lesson6_ws/install/image_geometry' for CMake config files
[2.136s] Level 1:colcon.colcon_core.shell:create_environment_hook('image_geometry', 'cmake_prefix_path')
[2.136s] INFO:colcon.colcon_core.shell:Creating environment descriptor '/home/ngan/Documents/test_github/lesson6_ws/install/image_geometry/share/image_geometry/hook/cmake_prefix_path.dsv'
[2.136s] DEBUG:colcon.colcon_core.event_handler.log_command:Invoked command in '/home/ngan/Documents/test_github/lesson6_ws/build/image_geometry' returned '0': CMAKE_PREFIX_PATH=${CMAKE_PREFIX_PATH}:/home/ngan/Documents/test_github/lesson6_ws/install/opencv_tests:/opt/ros/jazzy DEBUGINFOD_URLS=https://debuginfod.ubuntu.com /usr/bin/cmake --install /home/ngan/Documents/test_github/lesson6_ws/build/image_geometry
[2.138s] INFO:colcon.colcon_core.shell:Creating environment hook '/home/ngan/Documents/test_github/lesson6_ws/install/image_geometry/share/image_geometry/hook/cmake_prefix_path.sh'
[2.139s] Level 1:colcon.colcon_core.environment:checking '/home/ngan/Documents/test_github/lesson6_ws/install/image_geometry/lib'
[2.139s] Level 1:colcon.colcon_core.shell:create_environment_hook('image_geometry', 'ld_library_path_lib')
[2.140s] INFO:colcon.colcon_core.shell:Creating environment descriptor '/home/ngan/Documents/test_github/lesson6_ws/install/image_geometry/share/image_geometry/hook/ld_library_path_lib.dsv'
[2.140s] INFO:colcon.colcon_core.shell:Creating environment hook '/home/ngan/Documents/test_github/lesson6_ws/install/image_geometry/share/image_geometry/hook/ld_library_path_lib.sh'
[2.148s] Level 1:colcon.colcon_core.environment:checking '/home/ngan/Documents/test_github/lesson6_ws/install/image_geometry/bin'
[2.148s] Level 1:colcon.colcon_core.environment:checking '/home/ngan/Documents/test_github/lesson6_ws/install/image_geometry/lib/pkgconfig/image_geometry.pc'
[2.148s] Level 1:colcon.colcon_core.environment:checking '/home/ngan/Documents/test_github/lesson6_ws/install/image_geometry/lib/python3.12/site-packages'
[2.148s] Level 1:colcon.colcon_core.shell:create_environment_hook('image_geometry', 'pythonpath')
[2.148s] INFO:colcon.colcon_core.shell:Creating environment descriptor '/home/ngan/Documents/test_github/lesson6_ws/install/image_geometry/share/image_geometry/hook/pythonpath.dsv'
[2.149s] INFO:colcon.colcon_core.shell:Creating environment hook '/home/ngan/Documents/test_github/lesson6_ws/install/image_geometry/share/image_geometry/hook/pythonpath.sh'
[2.150s] Level 1:colcon.colcon_core.environment:checking '/home/ngan/Documents/test_github/lesson6_ws/install/image_geometry/bin'
[2.150s] INFO:colcon.colcon_core.shell:Creating package descriptor '/home/ngan/Documents/test_github/lesson6_ws/install/image_geometry/share/image_geometry/package.dsv'
[2.151s] INFO:colcon.colcon_core.shell:Creating package script '/home/ngan/Documents/test_github/lesson6_ws/install/image_geometry/share/image_geometry/package.sh'
[2.151s] INFO:colcon.colcon_core.shell:Creating package script '/home/ngan/Documents/test_github/lesson6_ws/install/image_geometry/share/image_geometry/package.bash'
[2.152s] INFO:colcon.colcon_core.shell:Creating package script '/home/ngan/Documents/test_github/lesson6_ws/install/image_geometry/share/image_geometry/package.zsh'
[2.152s] Level 1:colcon.colcon_core.environment:create_file_with_runtime_dependencies(/home/ngan/Documents/test_github/lesson6_ws/install/image_geometry/share/colcon-core/packages/image_geometry)
[2.153s] Level 1:colcon.colcon_core.environment:create_environment_scripts_only(image_geometry)
[2.153s] Level 1:colcon.colcon_core.environment:checking '/home/ngan/Documents/test_github/lesson6_ws/install/image_geometry' for CMake module files
[2.153s] Level 1:colcon.colcon_core.environment:checking '/home/ngan/Documents/test_github/lesson6_ws/install/image_geometry' for CMake config files
[2.154s] Level 1:colcon.colcon_core.shell:create_environment_hook('image_geometry', 'cmake_prefix_path')
[2.154s] INFO:colcon.colcon_core.shell:Creating environment descriptor '/home/ngan/Documents/test_github/lesson6_ws/install/image_geometry/share/image_geometry/hook/cmake_prefix_path.dsv'
[2.154s] INFO:colcon.colcon_core.shell:Creating environment hook '/home/ngan/Documents/test_github/lesson6_ws/install/image_geometry/share/image_geometry/hook/cmake_prefix_path.sh'
[2.158s] Level 1:colcon.colcon_core.environment:checking '/home/ngan/Documents/test_github/lesson6_ws/install/image_geometry/lib'
[2.159s] Level 1:colcon.colcon_core.shell:create_environment_hook('image_geometry', 'ld_library_path_lib')
[2.159s] INFO:colcon.colcon_core.shell:Creating environment descriptor '/home/ngan/Documents/test_github/lesson6_ws/install/image_geometry/share/image_geometry/hook/ld_library_path_lib.dsv'
[2.161s] INFO:colcon.colcon_core.shell:Creating environment hook '/home/ngan/Documents/test_github/lesson6_ws/install/image_geometry/share/image_geometry/hook/ld_library_path_lib.sh'
[2.163s] Level 1:colcon.colcon_core.environment:checking '/home/ngan/Documents/test_github/lesson6_ws/install/image_geometry/bin'
[2.163s] Level 1:colcon.colcon_core.environment:checking '/home/ngan/Documents/test_github/lesson6_ws/install/image_geometry/lib/pkgconfig/image_geometry.pc'
[2.164s] Level 1:colcon.colcon_core.environment:checking '/home/ngan/Documents/test_github/lesson6_ws/install/image_geometry/lib/python3.12/site-packages'
[2.164s] Level 1:colcon.colcon_core.shell:create_environment_hook('image_geometry', 'pythonpath')
[2.164s] INFO:colcon.colcon_core.shell:Creating environment descriptor '/home/ngan/Documents/test_github/lesson6_ws/install/image_geometry/share/image_geometry/hook/pythonpath.dsv'
[2.164s] INFO:colcon.colcon_core.shell:Creating environment hook '/home/ngan/Documents/test_github/lesson6_ws/install/image_geometry/share/image_geometry/hook/pythonpath.sh'
[2.165s] Level 1:colcon.colcon_core.environment:checking '/home/ngan/Documents/test_github/lesson6_ws/install/image_geometry/bin'
[2.166s] INFO:colcon.colcon_core.shell:Creating package descriptor '/home/ngan/Documents/test_github/lesson6_ws/install/image_geometry/share/image_geometry/package.dsv'
[2.166s] INFO:colcon.colcon_core.shell:Creating package script '/home/ngan/Documents/test_github/lesson6_ws/install/image_geometry/share/image_geometry/package.sh'
[2.167s] INFO:colcon.colcon_core.shell:Creating package script '/home/ngan/Documents/test_github/lesson6_ws/install/image_geometry/share/image_geometry/package.bash'
[2.168s] INFO:colcon.colcon_core.shell:Creating package script '/home/ngan/Documents/test_github/lesson6_ws/install/image_geometry/share/image_geometry/package.zsh'
[2.169s] Level 1:colcon.colcon_core.environment:create_file_with_runtime_dependencies(/home/ngan/Documents/test_github/lesson6_ws/install/image_geometry/share/colcon-core/packages/image_geometry)
[2.170s] INFO:colcon.colcon_ros.task.ament_cmake.build:Building ROS package in '/home/ngan/Documents/test_github/lesson6_ws/src/rmitbot_mapping' with build type 'ament_cmake'
[2.170s] INFO:colcon.colcon_cmake.task.cmake.build:Building CMake package in '/home/ngan/Documents/test_github/lesson6_ws/src/rmitbot_mapping'
[2.170s] DEBUG:colcon.colcon_core.shell:Skip shell extension 'dsv' for command environment
[2.186s] DEBUG:colcon.colcon_core.event_handler.log_command:Invoking command in '/home/ngan/Documents/test_github/lesson6_ws/build/rmitbot_localization': CMAKE_PREFIX_PATH=${CMAKE_PREFIX_PATH}:/home/ngan/Documents/test_github/lesson6_ws/install/opencv_tests:/opt/ros/jazzy DEBUGINFOD_URLS=https://debuginfod.ubuntu.com /usr/bin/cmake --build /home/ngan/Documents/test_github/lesson6_ws/build/rmitbot_localization -- -j4 -l4
[2.191s] Level 1:colcon.colcon_core.environment:create_environment_scripts_only(cv_bridge)
[2.191s] Level 1:colcon.colcon_core.environment:checking '/home/ngan/Documents/test_github/lesson6_ws/install/cv_bridge' for CMake module files
[2.192s] DEBUG:colcon.colcon_core.event_handler.log_command:Invoked command in '/home/ngan/Documents/test_github/lesson6_ws/build/cv_bridge' returned '0': CMAKE_PREFIX_PATH=${CMAKE_PREFIX_PATH}:/home/ngan/Documents/test_github/lesson6_ws/install/opencv_tests:/opt/ros/jazzy DEBUGINFOD_URLS=https://debuginfod.ubuntu.com /usr/bin/cmake --install /home/ngan/Documents/test_github/lesson6_ws/build/cv_bridge
[2.193s] Level 1:colcon.colcon_core.environment:checking '/home/ngan/Documents/test_github/lesson6_ws/install/cv_bridge' for CMake config files
[2.201s] Level 1:colcon.colcon_core.shell:create_environment_hook('cv_bridge', 'cmake_prefix_path')
[2.201s] INFO:colcon.colcon_core.shell:Creating environment descriptor '/home/ngan/Documents/test_github/lesson6_ws/install/cv_bridge/share/cv_bridge/hook/cmake_prefix_path.dsv'
[2.202s] INFO:colcon.colcon_core.shell:Creating environment hook '/home/ngan/Documents/test_github/lesson6_ws/install/cv_bridge/share/cv_bridge/hook/cmake_prefix_path.sh'
[2.203s] Level 1:colcon.colcon_core.environment:checking '/home/ngan/Documents/test_github/lesson6_ws/install/cv_bridge/lib'
[2.203s] Level 1:colcon.colcon_core.shell:create_environment_hook('cv_bridge', 'ld_library_path_lib')
[2.203s] INFO:colcon.colcon_core.shell:Creating environment descriptor '/home/ngan/Documents/test_github/lesson6_ws/install/cv_bridge/share/cv_bridge/hook/ld_library_path_lib.dsv'
[2.204s] INFO:colcon.colcon_core.shell:Creating environment hook '/home/ngan/Documents/test_github/lesson6_ws/install/cv_bridge/share/cv_bridge/hook/ld_library_path_lib.sh'
[2.204s] Level 1:colcon.colcon_core.environment:checking '/home/ngan/Documents/test_github/lesson6_ws/install/cv_bridge/bin'
[2.205s] Level 1:colcon.colcon_core.environment:checking '/home/ngan/Documents/test_github/lesson6_ws/install/cv_bridge/lib/pkgconfig/cv_bridge.pc'
[2.205s] Level 1:colcon.colcon_core.environment:checking '/home/ngan/Documents/test_github/lesson6_ws/install/cv_bridge/lib/python3.12/site-packages'
[2.205s] Level 1:colcon.colcon_core.shell:create_environment_hook('cv_bridge', 'pythonpath')
[2.205s] INFO:colcon.colcon_core.shell:Creating environment descriptor '/home/ngan/Documents/test_github/lesson6_ws/install/cv_bridge/share/cv_bridge/hook/pythonpath.dsv'
[2.205s] INFO:colcon.colcon_core.shell:Creating environment hook '/home/ngan/Documents/test_github/lesson6_ws/install/cv_bridge/share/cv_bridge/hook/pythonpath.sh'
[2.206s] Level 1:colcon.colcon_core.environment:checking '/home/ngan/Documents/test_github/lesson6_ws/install/cv_bridge/bin'
[2.207s] INFO:colcon.colcon_core.shell:Creating package descriptor '/home/ngan/Documents/test_github/lesson6_ws/install/cv_bridge/share/cv_bridge/package.dsv'
[2.207s] INFO:colcon.colcon_core.shell:Creating package script '/home/ngan/Documents/test_github/lesson6_ws/install/cv_bridge/share/cv_bridge/package.sh'
[2.208s] INFO:colcon.colcon_core.shell:Creating package script '/home/ngan/Documents/test_github/lesson6_ws/install/cv_bridge/share/cv_bridge/package.bash'
[2.208s] INFO:colcon.colcon_core.shell:Creating package script '/home/ngan/Documents/test_github/lesson6_ws/install/cv_bridge/share/cv_bridge/package.zsh'
[2.209s] Level 1:colcon.colcon_core.environment:create_file_with_runtime_dependencies(/home/ngan/Documents/test_github/lesson6_ws/install/cv_bridge/share/colcon-core/packages/cv_bridge)
[2.210s] Level 1:colcon.colcon_core.environment:create_environment_scripts_only(cv_bridge)
[2.210s] Level 1:colcon.colcon_core.environment:checking '/home/ngan/Documents/test_github/lesson6_ws/install/cv_bridge' for CMake module files
[2.210s] Level 1:colcon.colcon_core.environment:checking '/home/ngan/Documents/test_github/lesson6_ws/install/cv_bridge' for CMake config files
[2.211s] Level 1:colcon.colcon_core.shell:create_environment_hook('cv_bridge', 'cmake_prefix_path')
[2.211s] INFO:colcon.colcon_core.shell:Creating environment descriptor '/home/ngan/Documents/test_github/lesson6_ws/install/cv_bridge/share/cv_bridge/hook/cmake_prefix_path.dsv'
[2.211s] INFO:colcon.colcon_core.shell:Creating environment hook '/home/ngan/Documents/test_github/lesson6_ws/install/cv_bridge/share/cv_bridge/hook/cmake_prefix_path.sh'
[2.212s] Level 1:colcon.colcon_core.environment:checking '/home/ngan/Documents/test_github/lesson6_ws/install/cv_bridge/lib'
[2.212s] Level 1:colcon.colcon_core.shell:create_environment_hook('cv_bridge', 'ld_library_path_lib')
[2.212s] INFO:colcon.colcon_core.shell:Creating environment descriptor '/home/ngan/Documents/test_github/lesson6_ws/install/cv_bridge/share/cv_bridge/hook/ld_library_path_lib.dsv'
[2.213s] INFO:colcon.colcon_core.shell:Creating environment hook '/home/ngan/Documents/test_github/lesson6_ws/install/cv_bridge/share/cv_bridge/hook/ld_library_path_lib.sh'
[2.213s] Level 1:colcon.colcon_core.environment:checking '/home/ngan/Documents/test_github/lesson6_ws/install/cv_bridge/bin'
[2.214s] Level 1:colcon.colcon_core.environment:checking '/home/ngan/Documents/test_github/lesson6_ws/install/cv_bridge/lib/pkgconfig/cv_bridge.pc'
[2.214s] Level 1:colcon.colcon_core.environment:checking '/home/ngan/Documents/test_github/lesson6_ws/install/cv_bridge/lib/python3.12/site-packages'
[2.214s] Level 1:colcon.colcon_core.shell:create_environment_hook('cv_bridge', 'pythonpath')
[2.214s] INFO:colcon.colcon_core.shell:Creating environment descriptor '/home/ngan/Documents/test_github/lesson6_ws/install/cv_bridge/share/cv_bridge/hook/pythonpath.dsv'
[2.214s] INFO:colcon.colcon_core.shell:Creating environment hook '/home/ngan/Documents/test_github/lesson6_ws/install/cv_bridge/share/cv_bridge/hook/pythonpath.sh'
[2.217s] Level 1:colcon.colcon_core.environment:checking '/home/ngan/Documents/test_github/lesson6_ws/install/cv_bridge/bin'
[2.218s] INFO:colcon.colcon_core.shell:Creating package descriptor '/home/ngan/Documents/test_github/lesson6_ws/install/cv_bridge/share/cv_bridge/package.dsv'
[2.220s] INFO:colcon.colcon_core.shell:Creating package script '/home/ngan/Documents/test_github/lesson6_ws/install/cv_bridge/share/cv_bridge/package.sh'
[2.222s] INFO:colcon.colcon_core.shell:Creating package script '/home/ngan/Documents/test_github/lesson6_ws/install/cv_bridge/share/cv_bridge/package.bash'
[2.223s] INFO:colcon.colcon_core.shell:Creating package script '/home/ngan/Documents/test_github/lesson6_ws/install/cv_bridge/share/cv_bridge/package.zsh'
[2.223s] Level 1:colcon.colcon_core.environment:create_file_with_runtime_dependencies(/home/ngan/Documents/test_github/lesson6_ws/install/cv_bridge/share/colcon-core/packages/cv_bridge)
[2.224s] INFO:colcon.colcon_ros.task.ament_cmake.build:Building ROS package in '/home/ngan/Documents/test_github/lesson6_ws/src/rmitbot_vision/darknet_ros/darknet_ros/darknet_ros' with build type 'ament_cmake'
[2.224s] INFO:colcon.colcon_cmake.task.cmake.build:Building CMake package in '/home/ngan/Documents/test_github/lesson6_ws/src/rmitbot_vision/darknet_ros/darknet_ros/darknet_ros'
[2.224s] DEBUG:colcon.colcon_core.shell:Skip shell extension 'dsv' for command environment
[2.241s] DEBUG:colcon.colcon_core.event_handler.log_command:Invoking command in '/home/ngan/Documents/test_github/lesson6_ws/build/rmitbot_mapping': CMAKE_PREFIX_PATH=${CMAKE_PREFIX_PATH}:/home/ngan/Documents/test_github/lesson6_ws/install/opencv_tests:/opt/ros/jazzy DEBUGINFOD_URLS=https://debuginfod.ubuntu.com /usr/bin/cmake --build /home/ngan/Documents/test_github/lesson6_ws/build/rmitbot_mapping -- -j4 -l4
[2.250s] DEBUG:colcon.colcon_core.event_handler.log_command:Invoked command in '/home/ngan/Documents/test_github/lesson6_ws/build/rmitbot_firmware' returned '0': CMAKE_PREFIX_PATH=${CMAKE_PREFIX_PATH}:/home/ngan/Documents/test_github/lesson6_ws/install/opencv_tests:/opt/ros/jazzy DEBUGINFOD_URLS=https://debuginfod.ubuntu.com /usr/bin/cmake --build /home/ngan/Documents/test_github/lesson6_ws/build/rmitbot_firmware -- -j4 -l4
[2.258s] DEBUG:colcon.colcon_core.event_handler.log_command:Invoking command in '/home/ngan/Documents/test_github/lesson6_ws/build/rmitbot_firmware': CMAKE_PREFIX_PATH=${CMAKE_PREFIX_PATH}:/home/ngan/Documents/test_github/lesson6_ws/install/opencv_tests:/opt/ros/jazzy DEBUGINFOD_URLS=https://debuginfod.ubuntu.com /usr/bin/cmake --install /home/ngan/Documents/test_github/lesson6_ws/build/rmitbot_firmware
[2.274s] DEBUG:colcon.colcon_core.event_handler.log_command:Invoking command in '/home/ngan/Documents/test_github/lesson6_ws/build/darknet_ros': CMAKE_PREFIX_PATH=/home/ngan/Documents/test_github/lesson6_ws/install/darknet_ros_msgs:/home/ngan/Documents/test_github/lesson6_ws/install/cv_bridge:/home/ngan/Documents/test_github/lesson6_ws/install/vision_opencv:/home/ngan/Documents/test_github/lesson6_ws/install/rmitbot_mapping:/home/ngan/Documents/test_github/lesson6_ws/install/rmitbot_localization:/home/ngan/Documents/test_github/lesson6_ws/install/rmitbot_firmware:/home/ngan/Documents/test_github/lesson6_ws/install/rmitbot_description:/home/ngan/Documents/test_github/lesson6_ws/install/rmitbot_controller:/home/ngan/Documents/test_github/lesson6_ws/install/rmitbot_bringup:/home/ngan/Documents/test_github/lesson6_ws/install/image_geometry:/home/ngan/Documents/test_github/lesson6_ws/install/darknet_ros:/home/ngan/Documents/test_github/lesson6_ws/install/Darknet:/opt/ros/jazzy/opt/gz_sim_vendor:/opt/ros/jazzy/opt/gz_sensors_vendor:/opt/ros/jazzy/opt/gz_physics_vendor:/opt/ros/jazzy/opt/sdformat_vendor:/opt/ros/jazzy/opt/gz_gui_vendor:/opt/ros/jazzy/opt/gz_transport_vendor:/opt/ros/jazzy/opt/gz_rendering_vendor:/opt/ros/jazzy/opt/gz_plugin_vendor:/opt/ros/jazzy/opt/gz_fuel_tools_vendor:/opt/ros/jazzy/opt/gz_msgs_vendor:/opt/ros/jazzy/opt/gz_common_vendor:/opt/ros/jazzy/opt/gz_math_vendor:/opt/ros/jazzy/opt/gz_utils_vendor:/opt/ros/jazzy/opt/gz_tools_vendor:/opt/ros/jazzy/opt/gz_ogre_next_vendor:/opt/ros/jazzy/opt/gz_dartsim_vendor:/opt/ros/jazzy/opt/gz_cmake_vendor:/home/ngan/Documents/test_github/lesson6_ws/install/opencv_tests:/opt/ros/jazzy DEBUGINFOD_URLS=https://debuginfod.ubuntu.com LD_LIBRARY_PATH=/home/ngan/Documents/test_github/lesson6_ws/install/darknet_ros_msgs/lib:/home/ngan/Documents/test_github/lesson6_ws/install/cv_bridge/lib:/home/ngan/Documents/test_github/lesson6_ws/install/rmitbot_firmware/lib:/home/ngan/Documents/test_github/lesson6_ws/install/image_geometry/lib:/home/ngan/Documents/test_github/lesson6_ws/install/darknet_ros/lib:/opt/ros/jazzy/opt/gz_sim_vendor/lib:/opt/ros/jazzy/opt/gz_sensors_vendor/lib:/opt/ros/jazzy/opt/gz_physics_vendor/lib:/opt/ros/jazzy/opt/sdformat_vendor/lib:/opt/ros/jazzy/opt/rviz_ogre_vendor/lib:/opt/ros/jazzy/lib/aarch64-linux-gnu:/opt/ros/jazzy/opt/gz_gui_vendor/lib:/opt/ros/jazzy/opt/gz_transport_vendor/lib:/opt/ros/jazzy/opt/gz_rendering_vendor/lib:/opt/ros/jazzy/opt/gz_plugin_vendor/lib:/opt/ros/jazzy/opt/gz_fuel_tools_vendor/lib:/opt/ros/jazzy/opt/gz_msgs_vendor/lib:/opt/ros/jazzy/opt/gz_common_vendor/lib:/opt/ros/jazzy/opt/gz_math_vendor/lib:/opt/ros/jazzy/opt/gz_utils_vendor/lib:/opt/ros/jazzy/opt/gz_tools_vendor/lib:/opt/ros/jazzy/opt/gz_ogre_next_vendor/lib:/opt/ros/jazzy/opt/gz_dartsim_vendor/lib:/opt/ros/jazzy/opt/gz_cmake_vendor/lib:/opt/ros/jazzy/lib PYTHONPATH=/home/ngan/Documents/test_github/lesson6_ws/install/darknet_ros_msgs/lib/python3.12/site-packages:/home/ngan/Documents/test_github/lesson6_ws/install/cv_bridge/lib/python3.12/site-packages:/home/ngan/Documents/test_github/lesson6_ws/install/opencv_tests/lib/python3.12/site-packages:/home/ngan/Documents/test_github/lesson6_ws/install/image_geometry/lib/python3.12/site-packages:/opt/ros/jazzy/lib/python3.12/site-packages /usr/bin/cmake --build /home/ngan/Documents/test_github/lesson6_ws/build/darknet_ros -- -j4 -l4
[2.279s] DEBUG:colcon.colcon_core.event_handler.log_command:Invoked command in '/home/ngan/Documents/test_github/lesson6_ws/build/rmitbot_localization' returned '0': CMAKE_PREFIX_PATH=${CMAKE_PREFIX_PATH}:/home/ngan/Documents/test_github/lesson6_ws/install/opencv_tests:/opt/ros/jazzy DEBUGINFOD_URLS=https://debuginfod.ubuntu.com /usr/bin/cmake --build /home/ngan/Documents/test_github/lesson6_ws/build/rmitbot_localization -- -j4 -l4
[2.281s] DEBUG:colcon.colcon_core.event_handler.log_command:Invoking command in '/home/ngan/Documents/test_github/lesson6_ws/build/rmitbot_localization': CMAKE_PREFIX_PATH=${CMAKE_PREFIX_PATH}:/home/ngan/Documents/test_github/lesson6_ws/install/opencv_tests:/opt/ros/jazzy DEBUGINFOD_URLS=https://debuginfod.ubuntu.com /usr/bin/cmake --install /home/ngan/Documents/test_github/lesson6_ws/build/rmitbot_localization
[2.294s] Level 1:colcon.colcon_core.environment:create_environment_scripts_only(rmitbot_firmware)
[2.295s] Level 1:colcon.colcon_core.environment:checking '/home/ngan/Documents/test_github/lesson6_ws/install/rmitbot_firmware' for CMake module files
[2.295s] Level 1:colcon.colcon_core.environment:checking '/home/ngan/Documents/test_github/lesson6_ws/install/rmitbot_firmware' for CMake config files
[2.296s] Level 1:colcon.colcon_core.shell:create_environment_hook('rmitbot_firmware', 'cmake_prefix_path')
[2.296s] INFO:colcon.colcon_core.shell:Creating environment descriptor '/home/ngan/Documents/test_github/lesson6_ws/install/rmitbot_firmware/share/rmitbot_firmware/hook/cmake_prefix_path.dsv'
[2.297s] INFO:colcon.colcon_core.shell:Creating environment hook '/home/ngan/Documents/test_github/lesson6_ws/install/rmitbot_firmware/share/rmitbot_firmware/hook/cmake_prefix_path.sh'
[2.298s] DEBUG:colcon.colcon_core.event_handler.log_command:Invoked command in '/home/ngan/Documents/test_github/lesson6_ws/build/rmitbot_firmware' returned '0': CMAKE_PREFIX_PATH=${CMAKE_PREFIX_PATH}:/home/ngan/Documents/test_github/lesson6_ws/install/opencv_tests:/opt/ros/jazzy DEBUGINFOD_URLS=https://debuginfod.ubuntu.com /usr/bin/cmake --install /home/ngan/Documents/test_github/lesson6_ws/build/rmitbot_firmware
[2.301s] Level 1:colcon.colcon_core.environment:checking '/home/ngan/Documents/test_github/lesson6_ws/install/rmitbot_firmware/lib'
[2.301s] Level 1:colcon.colcon_core.shell:create_environment_hook('rmitbot_firmware', 'ld_library_path_lib')
[2.301s] INFO:colcon.colcon_core.shell:Creating environment descriptor '/home/ngan/Documents/test_github/lesson6_ws/install/rmitbot_firmware/share/rmitbot_firmware/hook/ld_library_path_lib.dsv'
[2.302s] INFO:colcon.colcon_core.shell:Creating environment hook '/home/ngan/Documents/test_github/lesson6_ws/install/rmitbot_firmware/share/rmitbot_firmware/hook/ld_library_path_lib.sh'
[2.314s] Level 1:colcon.colcon_core.environment:checking '/home/ngan/Documents/test_github/lesson6_ws/install/rmitbot_firmware/bin'
[2.314s] Level 1:colcon.colcon_core.environment:checking '/home/ngan/Documents/test_github/lesson6_ws/install/rmitbot_firmware/lib/pkgconfig/rmitbot_firmware.pc'
[2.319s] Level 1:colcon.colcon_core.environment:checking '/home/ngan/Documents/test_github/lesson6_ws/install/rmitbot_firmware/lib/python3.12/site-packages'
[2.319s] Level 1:colcon.colcon_core.environment:checking '/home/ngan/Documents/test_github/lesson6_ws/install/rmitbot_firmware/bin'
[2.320s] INFO:colcon.colcon_core.shell:Creating package descriptor '/home/ngan/Documents/test_github/lesson6_ws/install/rmitbot_firmware/share/rmitbot_firmware/package.dsv'
[2.324s] INFO:colcon.colcon_core.shell:Creating package script '/home/ngan/Documents/test_github/lesson6_ws/install/rmitbot_firmware/share/rmitbot_firmware/package.sh'
[2.326s] INFO:colcon.colcon_core.shell:Creating package script '/home/ngan/Documents/test_github/lesson6_ws/install/rmitbot_firmware/share/rmitbot_firmware/package.bash'
[2.326s] INFO:colcon.colcon_core.shell:Creating package script '/home/ngan/Documents/test_github/lesson6_ws/install/rmitbot_firmware/share/rmitbot_firmware/package.zsh'
[2.327s] Level 1:colcon.colcon_core.environment:create_file_with_runtime_dependencies(/home/ngan/Documents/test_github/lesson6_ws/install/rmitbot_firmware/share/colcon-core/packages/rmitbot_firmware)
[2.328s] Level 1:colcon.colcon_core.environment:create_environment_scripts_only(rmitbot_firmware)
[2.328s] Level 1:colcon.colcon_core.environment:checking '/home/ngan/Documents/test_github/lesson6_ws/install/rmitbot_firmware' for CMake module files
[2.328s] Level 1:colcon.colcon_core.environment:checking '/home/ngan/Documents/test_github/lesson6_ws/install/rmitbot_firmware' for CMake config files
[2.328s] Level 1:colcon.colcon_core.shell:create_environment_hook('rmitbot_firmware', 'cmake_prefix_path')
[2.329s] INFO:colcon.colcon_core.shell:Creating environment descriptor '/home/ngan/Documents/test_github/lesson6_ws/install/rmitbot_firmware/share/rmitbot_firmware/hook/cmake_prefix_path.dsv'
[2.329s] INFO:colcon.colcon_core.shell:Creating environment hook '/home/ngan/Documents/test_github/lesson6_ws/install/rmitbot_firmware/share/rmitbot_firmware/hook/cmake_prefix_path.sh'
[2.330s] Level 1:colcon.colcon_core.environment:checking '/home/ngan/Documents/test_github/lesson6_ws/install/rmitbot_firmware/lib'
[2.330s] Level 1:colcon.colcon_core.shell:create_environment_hook('rmitbot_firmware', 'ld_library_path_lib')
[2.330s] INFO:colcon.colcon_core.shell:Creating environment descriptor '/home/ngan/Documents/test_github/lesson6_ws/install/rmitbot_firmware/share/rmitbot_firmware/hook/ld_library_path_lib.dsv'
[2.331s] INFO:colcon.colcon_core.shell:Creating environment hook '/home/ngan/Documents/test_github/lesson6_ws/install/rmitbot_firmware/share/rmitbot_firmware/hook/ld_library_path_lib.sh'
[2.331s] Level 1:colcon.colcon_core.environment:checking '/home/ngan/Documents/test_github/lesson6_ws/install/rmitbot_firmware/bin'
[2.332s] Level 1:colcon.colcon_core.environment:checking '/home/ngan/Documents/test_github/lesson6_ws/install/rmitbot_firmware/lib/pkgconfig/rmitbot_firmware.pc'
[2.332s] Level 1:colcon.colcon_core.environment:checking '/home/ngan/Documents/test_github/lesson6_ws/install/rmitbot_firmware/lib/python3.12/site-packages'
[2.332s] Level 1:colcon.colcon_core.environment:checking '/home/ngan/Documents/test_github/lesson6_ws/install/rmitbot_firmware/bin'
[2.332s] INFO:colcon.colcon_core.shell:Creating package descriptor '/home/ngan/Documents/test_github/lesson6_ws/install/rmitbot_firmware/share/rmitbot_firmware/package.dsv'
[2.333s] INFO:colcon.colcon_core.shell:Creating package script '/home/ngan/Documents/test_github/lesson6_ws/install/rmitbot_firmware/share/rmitbot_firmware/package.sh'
[2.333s] INFO:colcon.colcon_core.shell:Creating package script '/home/ngan/Documents/test_github/lesson6_ws/install/rmitbot_firmware/share/rmitbot_firmware/package.bash'
[2.334s] INFO:colcon.colcon_core.shell:Creating package script '/home/ngan/Documents/test_github/lesson6_ws/install/rmitbot_firmware/share/rmitbot_firmware/package.zsh'
[2.334s] Level 1:colcon.colcon_core.environment:create_file_with_runtime_dependencies(/home/ngan/Documents/test_github/lesson6_ws/install/rmitbot_firmware/share/colcon-core/packages/rmitbot_firmware)
[2.335s] INFO:colcon.colcon_ros.task.ament_python.build:Building ROS package in '/home/ngan/Documents/test_github/lesson6_ws/src/rmitbot_vision/vision_opencv/opencv_tests' with build type 'ament_python'
[2.335s] Level 1:colcon.colcon_core.shell:create_environment_hook('opencv_tests', 'ament_prefix_path')
[2.335s] INFO:colcon.colcon_core.shell:Creating environment descriptor '/home/ngan/Documents/test_github/lesson6_ws/install/opencv_tests/share/opencv_tests/hook/ament_prefix_path.dsv'
[2.336s] INFO:colcon.colcon_core.shell:Creating environment hook '/home/ngan/Documents/test_github/lesson6_ws/install/opencv_tests/share/opencv_tests/hook/ament_prefix_path.sh'
[2.336s] DEBUG:colcon.colcon_core.shell:Skip shell extension 'dsv' for command environment
[2.348s] DEBUG:colcon.colcon_core.event_handler.log_command:Invoked command in '/home/ngan/Documents/test_github/lesson6_ws/build/rmitbot_mapping' returned '0': CMAKE_PREFIX_PATH=${CMAKE_PREFIX_PATH}:/home/ngan/Documents/test_github/lesson6_ws/install/opencv_tests:/opt/ros/jazzy DEBUGINFOD_URLS=https://debuginfod.ubuntu.com /usr/bin/cmake --build /home/ngan/Documents/test_github/lesson6_ws/build/rmitbot_mapping -- -j4 -l4
[2.349s] DEBUG:colcon.colcon_core.event_handler.log_command:Invoking command in '/home/ngan/Documents/test_github/lesson6_ws/build/rmitbot_mapping': CMAKE_PREFIX_PATH=${CMAKE_PREFIX_PATH}:/home/ngan/Documents/test_github/lesson6_ws/install/opencv_tests:/opt/ros/jazzy DEBUGINFOD_URLS=https://debuginfod.ubuntu.com /usr/bin/cmake --install /home/ngan/Documents/test_github/lesson6_ws/build/rmitbot_mapping
[2.359s] Level 1:colcon.colcon_core.environment:create_environment_scripts_only(rmitbot_localization)
[2.359s] Level 1:colcon.colcon_core.environment:checking '/home/ngan/Documents/test_github/lesson6_ws/install/rmitbot_localization' for CMake module files
[2.359s] DEBUG:colcon.colcon_core.event_handler.log_command:Invoked command in '/home/ngan/Documents/test_github/lesson6_ws/build/rmitbot_localization' returned '0': CMAKE_PREFIX_PATH=${CMAKE_PREFIX_PATH}:/home/ngan/Documents/test_github/lesson6_ws/install/opencv_tests:/opt/ros/jazzy DEBUGINFOD_URLS=https://debuginfod.ubuntu.com /usr/bin/cmake --install /home/ngan/Documents/test_github/lesson6_ws/build/rmitbot_localization
[2.360s] Level 1:colcon.colcon_core.environment:checking '/home/ngan/Documents/test_github/lesson6_ws/install/rmitbot_localization' for CMake config files
[2.363s] Level 1:colcon.colcon_core.shell:create_environment_hook('rmitbot_localization', 'cmake_prefix_path')
[2.364s] INFO:colcon.colcon_core.shell:Creating environment descriptor '/home/ngan/Documents/test_github/lesson6_ws/install/rmitbot_localization/share/rmitbot_localization/hook/cmake_prefix_path.dsv'
[2.365s] INFO:colcon.colcon_core.shell:Creating environment hook '/home/ngan/Documents/test_github/lesson6_ws/install/rmitbot_localization/share/rmitbot_localization/hook/cmake_prefix_path.sh'
[2.368s] Level 1:colcon.colcon_core.environment:checking '/home/ngan/Documents/test_github/lesson6_ws/install/rmitbot_localization/bin'
[2.368s] Level 1:colcon.colcon_core.environment:checking '/home/ngan/Documents/test_github/lesson6_ws/install/rmitbot_localization/lib/pkgconfig/rmitbot_localization.pc'
[2.369s] Level 1:colcon.colcon_core.environment:checking '/home/ngan/Documents/test_github/lesson6_ws/install/rmitbot_localization/lib/python3.12/site-packages'
[2.369s] Level 1:colcon.colcon_core.environment:checking '/home/ngan/Documents/test_github/lesson6_ws/install/rmitbot_localization/bin'
[2.369s] INFO:colcon.colcon_core.shell:Creating package descriptor '/home/ngan/Documents/test_github/lesson6_ws/install/rmitbot_localization/share/rmitbot_localization/package.dsv'
[2.373s] INFO:colcon.colcon_core.shell:Creating package script '/home/ngan/Documents/test_github/lesson6_ws/install/rmitbot_localization/share/rmitbot_localization/package.sh'
[2.381s] INFO:colcon.colcon_core.shell:Creating package script '/home/ngan/Documents/test_github/lesson6_ws/install/rmitbot_localization/share/rmitbot_localization/package.bash'
[2.386s] INFO:colcon.colcon_core.shell:Creating package script '/home/ngan/Documents/test_github/lesson6_ws/install/rmitbot_localization/share/rmitbot_localization/package.zsh'
[2.387s] Level 1:colcon.colcon_core.environment:create_file_with_runtime_dependencies(/home/ngan/Documents/test_github/lesson6_ws/install/rmitbot_localization/share/colcon-core/packages/rmitbot_localization)
[2.391s] Level 1:colcon.colcon_core.environment:create_environment_scripts_only(rmitbot_localization)
[2.392s] Level 1:colcon.colcon_core.environment:checking '/home/ngan/Documents/test_github/lesson6_ws/install/rmitbot_localization' for CMake module files
[2.393s] Level 1:colcon.colcon_core.environment:checking '/home/ngan/Documents/test_github/lesson6_ws/install/rmitbot_localization' for CMake config files
[2.393s] Level 1:colcon.colcon_core.shell:create_environment_hook('rmitbot_localization', 'cmake_prefix_path')
[2.394s] INFO:colcon.colcon_core.shell:Creating environment descriptor '/home/ngan/Documents/test_github/lesson6_ws/install/rmitbot_localization/share/rmitbot_localization/hook/cmake_prefix_path.dsv'
[2.394s] INFO:colcon.colcon_core.shell:Creating environment hook '/home/ngan/Documents/test_github/lesson6_ws/install/rmitbot_localization/share/rmitbot_localization/hook/cmake_prefix_path.sh'
[2.396s] Level 1:colcon.colcon_core.environment:checking '/home/ngan/Documents/test_github/lesson6_ws/install/rmitbot_localization/bin'
[2.396s] Level 1:colcon.colcon_core.environment:checking '/home/ngan/Documents/test_github/lesson6_ws/install/rmitbot_localization/lib/pkgconfig/rmitbot_localization.pc'
[2.397s] Level 1:colcon.colcon_core.environment:checking '/home/ngan/Documents/test_github/lesson6_ws/install/rmitbot_localization/lib/python3.12/site-packages'
[2.397s] Level 1:colcon.colcon_core.environment:checking '/home/ngan/Documents/test_github/lesson6_ws/install/rmitbot_localization/bin'
[2.397s] INFO:colcon.colcon_core.shell:Creating package descriptor '/home/ngan/Documents/test_github/lesson6_ws/install/rmitbot_localization/share/rmitbot_localization/package.dsv'
[2.398s] INFO:colcon.colcon_core.shell:Creating package script '/home/ngan/Documents/test_github/lesson6_ws/install/rmitbot_localization/share/rmitbot_localization/package.sh'
[2.399s] INFO:colcon.colcon_core.shell:Creating package script '/home/ngan/Documents/test_github/lesson6_ws/install/rmitbot_localization/share/rmitbot_localization/package.bash'
[2.400s] INFO:colcon.colcon_core.shell:Creating package script '/home/ngan/Documents/test_github/lesson6_ws/install/rmitbot_localization/share/rmitbot_localization/package.zsh'
[2.401s] Level 1:colcon.colcon_core.environment:create_file_with_runtime_dependencies(/home/ngan/Documents/test_github/lesson6_ws/install/rmitbot_localization/share/colcon-core/packages/rmitbot_localization)
[2.412s] INFO:colcon.colcon_ros.task.ament_python.build:Building ROS package in '/home/ngan/Documents/test_github/lesson6_ws/src/rmitbot_vision/stop_sign_control' with build type 'ament_python'
[2.414s] Level 1:colcon.colcon_core.shell:create_environment_hook('stop_sign_control', 'ament_prefix_path')
[2.417s] INFO:colcon.colcon_core.shell:Creating environment descriptor '/home/ngan/Documents/test_github/lesson6_ws/install/stop_sign_control/share/stop_sign_control/hook/ament_prefix_path.dsv'
[2.418s] INFO:colcon.colcon_core.shell:Creating environment hook '/home/ngan/Documents/test_github/lesson6_ws/install/stop_sign_control/share/stop_sign_control/hook/ament_prefix_path.sh'
[2.421s] DEBUG:colcon.colcon_core.shell:Skip shell extension 'dsv' for command environment
[2.793s] INFO:colcon.colcon_core.task.python.build:Building Python package in '/home/ngan/Documents/test_github/lesson6_ws/src/rmitbot_vision/vision_opencv/opencv_tests'
[2.794s] DEBUG:colcon.colcon_core.shell:Skip shell extension 'dsv' for command environment
[2.819s] Level 1:colcon.colcon_core.environment:create_environment_scripts_only(rmitbot_mapping)
[2.819s] Level 1:colcon.colcon_core.environment:checking '/home/ngan/Documents/test_github/lesson6_ws/install/rmitbot_mapping' for CMake module files
[2.820s] Level 1:colcon.colcon_core.environment:checking '/home/ngan/Documents/test_github/lesson6_ws/install/rmitbot_mapping' for CMake config files
[2.821s] DEBUG:colcon.colcon_core.event_handler.log_command:Invoked command in '/home/ngan/Documents/test_github/lesson6_ws/build/rmitbot_mapping' returned '0': CMAKE_PREFIX_PATH=${CMAKE_PREFIX_PATH}:/home/ngan/Documents/test_github/lesson6_ws/install/opencv_tests:/opt/ros/jazzy DEBUGINFOD_URLS=https://debuginfod.ubuntu.com /usr/bin/cmake --install /home/ngan/Documents/test_github/lesson6_ws/build/rmitbot_mapping
[2.823s] Level 1:colcon.colcon_core.shell:create_environment_hook('rmitbot_mapping', 'cmake_prefix_path')
[2.824s] INFO:colcon.colcon_core.shell:Creating environment descriptor '/home/ngan/Documents/test_github/lesson6_ws/install/rmitbot_mapping/share/rmitbot_mapping/hook/cmake_prefix_path.dsv'
[2.826s] INFO:colcon.colcon_core.shell:Creating environment hook '/home/ngan/Documents/test_github/lesson6_ws/install/rmitbot_mapping/share/rmitbot_mapping/hook/cmake_prefix_path.sh'
[2.829s] Level 1:colcon.colcon_core.environment:checking '/home/ngan/Documents/test_github/lesson6_ws/install/rmitbot_mapping/bin'
[2.830s] Level 1:colcon.colcon_core.environment:checking '/home/ngan/Documents/test_github/lesson6_ws/install/rmitbot_mapping/lib/pkgconfig/rmitbot_mapping.pc'
[2.831s] Level 1:colcon.colcon_core.environment:checking '/home/ngan/Documents/test_github/lesson6_ws/install/rmitbot_mapping/lib/python3.12/site-packages'
[2.831s] Level 1:colcon.colcon_core.environment:checking '/home/ngan/Documents/test_github/lesson6_ws/install/rmitbot_mapping/bin'
[2.834s] INFO:colcon.colcon_core.shell:Creating package descriptor '/home/ngan/Documents/test_github/lesson6_ws/install/rmitbot_mapping/share/rmitbot_mapping/package.dsv'
[2.838s] INFO:colcon.colcon_core.shell:Creating package script '/home/ngan/Documents/test_github/lesson6_ws/install/rmitbot_mapping/share/rmitbot_mapping/package.sh'
[2.843s] INFO:colcon.colcon_core.shell:Creating package script '/home/ngan/Documents/test_github/lesson6_ws/install/rmitbot_mapping/share/rmitbot_mapping/package.bash'
[2.847s] INFO:colcon.colcon_core.shell:Creating package script '/home/ngan/Documents/test_github/lesson6_ws/install/rmitbot_mapping/share/rmitbot_mapping/package.zsh'
[2.854s] Level 1:colcon.colcon_core.environment:create_file_with_runtime_dependencies(/home/ngan/Documents/test_github/lesson6_ws/install/rmitbot_mapping/share/colcon-core/packages/rmitbot_mapping)
[2.861s] Level 1:colcon.colcon_core.environment:create_environment_scripts_only(rmitbot_mapping)
[2.862s] Level 1:colcon.colcon_core.environment:checking '/home/ngan/Documents/test_github/lesson6_ws/install/rmitbot_mapping' for CMake module files
[2.867s] Level 1:colcon.colcon_core.environment:checking '/home/ngan/Documents/test_github/lesson6_ws/install/rmitbot_mapping' for CMake config files
[2.868s] Level 1:colcon.colcon_core.shell:create_environment_hook('rmitbot_mapping', 'cmake_prefix_path')
[2.868s] INFO:colcon.colcon_core.shell:Creating environment descriptor '/home/ngan/Documents/test_github/lesson6_ws/install/rmitbot_mapping/share/rmitbot_mapping/hook/cmake_prefix_path.dsv'
[2.872s] INFO:colcon.colcon_core.shell:Creating environment hook '/home/ngan/Documents/test_github/lesson6_ws/install/rmitbot_mapping/share/rmitbot_mapping/hook/cmake_prefix_path.sh'
[2.873s] Level 1:colcon.colcon_core.environment:checking '/home/ngan/Documents/test_github/lesson6_ws/install/rmitbot_mapping/bin'
[2.874s] Level 1:colcon.colcon_core.environment:checking '/home/ngan/Documents/test_github/lesson6_ws/install/rmitbot_mapping/lib/pkgconfig/rmitbot_mapping.pc'
[2.874s] Level 1:colcon.colcon_core.environment:checking '/home/ngan/Documents/test_github/lesson6_ws/install/rmitbot_mapping/lib/python3.12/site-packages'
[2.874s] Level 1:colcon.colcon_core.environment:checking '/home/ngan/Documents/test_github/lesson6_ws/install/rmitbot_mapping/bin'
[2.876s] INFO:colcon.colcon_core.shell:Creating package descriptor '/home/ngan/Documents/test_github/lesson6_ws/install/rmitbot_mapping/share/rmitbot_mapping/package.dsv'
[2.880s] INFO:colcon.colcon_core.shell:Creating package script '/home/ngan/Documents/test_github/lesson6_ws/install/rmitbot_mapping/share/rmitbot_mapping/package.sh'
[2.881s] INFO:colcon.colcon_core.shell:Creating package script '/home/ngan/Documents/test_github/lesson6_ws/install/rmitbot_mapping/share/rmitbot_mapping/package.bash'
[2.882s] INFO:colcon.colcon_core.shell:Creating package script '/home/ngan/Documents/test_github/lesson6_ws/install/rmitbot_mapping/share/rmitbot_mapping/package.zsh'
[2.884s] Level 1:colcon.colcon_core.environment:create_file_with_runtime_dependencies(/home/ngan/Documents/test_github/lesson6_ws/install/rmitbot_mapping/share/colcon-core/packages/rmitbot_mapping)
[2.891s] INFO:colcon.colcon_ros.task.ament_cmake.build:Building ROS package in '/home/ngan/Documents/test_github/lesson6_ws/src/rmitbot_vision/vision_opencv/vision_opencv' with build type 'ament_cmake'
[2.892s] INFO:colcon.colcon_cmake.task.cmake.build:Building CMake package in '/home/ngan/Documents/test_github/lesson6_ws/src/rmitbot_vision/vision_opencv/vision_opencv'
[2.892s] DEBUG:colcon.colcon_core.shell:Skip shell extension 'dsv' for command environment
[2.909s] WARNING:colcon.colcon_ros.task.ament_python.build:Package 'stop_sign_control' doesn't explicitly install a marker in the package index (colcon-ros currently does it implicitly but that fallback will be removed in the future)
[2.909s] WARNING:colcon.colcon_ros.task.ament_python.build:Package 'stop_sign_control' doesn't explicitly install the 'package.xml' file (colcon-ros currently does it implicitly but that fallback will be removed in the future)
[2.910s] INFO:colcon.colcon_core.task.python.build:Building Python package in '/home/ngan/Documents/test_github/lesson6_ws/src/rmitbot_vision/stop_sign_control'
[2.910s] DEBUG:colcon.colcon_core.shell:Skip shell extension 'dsv' for command environment
[2.920s] DEBUG:colcon.colcon_core.event_handler.log_command:Invoked command in '/home/ngan/Documents/test_github/lesson6_ws/build/darknet_ros' returned '0': CMAKE_PREFIX_PATH=/home/ngan/Documents/test_github/lesson6_ws/install/darknet_ros_msgs:/home/ngan/Documents/test_github/lesson6_ws/install/cv_bridge:/home/ngan/Documents/test_github/lesson6_ws/install/vision_opencv:/home/ngan/Documents/test_github/lesson6_ws/install/rmitbot_mapping:/home/ngan/Documents/test_github/lesson6_ws/install/rmitbot_localization:/home/ngan/Documents/test_github/lesson6_ws/install/rmitbot_firmware:/home/ngan/Documents/test_github/lesson6_ws/install/rmitbot_description:/home/ngan/Documents/test_github/lesson6_ws/install/rmitbot_controller:/home/ngan/Documents/test_github/lesson6_ws/install/rmitbot_bringup:/home/ngan/Documents/test_github/lesson6_ws/install/image_geometry:/home/ngan/Documents/test_github/lesson6_ws/install/darknet_ros:/home/ngan/Documents/test_github/lesson6_ws/install/Darknet:/opt/ros/jazzy/opt/gz_sim_vendor:/opt/ros/jazzy/opt/gz_sensors_vendor:/opt/ros/jazzy/opt/gz_physics_vendor:/opt/ros/jazzy/opt/sdformat_vendor:/opt/ros/jazzy/opt/gz_gui_vendor:/opt/ros/jazzy/opt/gz_transport_vendor:/opt/ros/jazzy/opt/gz_rendering_vendor:/opt/ros/jazzy/opt/gz_plugin_vendor:/opt/ros/jazzy/opt/gz_fuel_tools_vendor:/opt/ros/jazzy/opt/gz_msgs_vendor:/opt/ros/jazzy/opt/gz_common_vendor:/opt/ros/jazzy/opt/gz_math_vendor:/opt/ros/jazzy/opt/gz_utils_vendor:/opt/ros/jazzy/opt/gz_tools_vendor:/opt/ros/jazzy/opt/gz_ogre_next_vendor:/opt/ros/jazzy/opt/gz_dartsim_vendor:/opt/ros/jazzy/opt/gz_cmake_vendor:/home/ngan/Documents/test_github/lesson6_ws/install/opencv_tests:/opt/ros/jazzy DEBUGINFOD_URLS=https://debuginfod.ubuntu.com LD_LIBRARY_PATH=/home/ngan/Documents/test_github/lesson6_ws/install/darknet_ros_msgs/lib:/home/ngan/Documents/test_github/lesson6_ws/install/cv_bridge/lib:/home/ngan/Documents/test_github/lesson6_ws/install/rmitbot_firmware/lib:/home/ngan/Documents/test_github/lesson6_ws/install/image_geometry/lib:/home/ngan/Documents/test_github/lesson6_ws/install/darknet_ros/lib:/opt/ros/jazzy/opt/gz_sim_vendor/lib:/opt/ros/jazzy/opt/gz_sensors_vendor/lib:/opt/ros/jazzy/opt/gz_physics_vendor/lib:/opt/ros/jazzy/opt/sdformat_vendor/lib:/opt/ros/jazzy/opt/rviz_ogre_vendor/lib:/opt/ros/jazzy/lib/aarch64-linux-gnu:/opt/ros/jazzy/opt/gz_gui_vendor/lib:/opt/ros/jazzy/opt/gz_transport_vendor/lib:/opt/ros/jazzy/opt/gz_rendering_vendor/lib:/opt/ros/jazzy/opt/gz_plugin_vendor/lib:/opt/ros/jazzy/opt/gz_fuel_tools_vendor/lib:/opt/ros/jazzy/opt/gz_msgs_vendor/lib:/opt/ros/jazzy/opt/gz_common_vendor/lib:/opt/ros/jazzy/opt/gz_math_vendor/lib:/opt/ros/jazzy/opt/gz_utils_vendor/lib:/opt/ros/jazzy/opt/gz_tools_vendor/lib:/opt/ros/jazzy/opt/gz_ogre_next_vendor/lib:/opt/ros/jazzy/opt/gz_dartsim_vendor/lib:/opt/ros/jazzy/opt/gz_cmake_vendor/lib:/opt/ros/jazzy/lib PYTHONPATH=/home/ngan/Documents/test_github/lesson6_ws/install/darknet_ros_msgs/lib/python3.12/site-packages:/home/ngan/Documents/test_github/lesson6_ws/install/cv_bridge/lib/python3.12/site-packages:/home/ngan/Documents/test_github/lesson6_ws/install/opencv_tests/lib/python3.12/site-packages:/home/ngan/Documents/test_github/lesson6_ws/install/image_geometry/lib/python3.12/site-packages:/opt/ros/jazzy/lib/python3.12/site-packages /usr/bin/cmake --build /home/ngan/Documents/test_github/lesson6_ws/build/darknet_ros -- -j4 -l4
[2.923s] DEBUG:colcon.colcon_core.event_handler.log_command:Invoking command in '/home/ngan/Documents/test_github/lesson6_ws/build/darknet_ros': CMAKE_PREFIX_PATH=/home/ngan/Documents/test_github/lesson6_ws/install/darknet_ros_msgs:/home/ngan/Documents/test_github/lesson6_ws/install/cv_bridge:/home/ngan/Documents/test_github/lesson6_ws/install/vision_opencv:/home/ngan/Documents/test_github/lesson6_ws/install/rmitbot_mapping:/home/ngan/Documents/test_github/lesson6_ws/install/rmitbot_localization:/home/ngan/Documents/test_github/lesson6_ws/install/rmitbot_firmware:/home/ngan/Documents/test_github/lesson6_ws/install/rmitbot_description:/home/ngan/Documents/test_github/lesson6_ws/install/rmitbot_controller:/home/ngan/Documents/test_github/lesson6_ws/install/rmitbot_bringup:/home/ngan/Documents/test_github/lesson6_ws/install/image_geometry:/home/ngan/Documents/test_github/lesson6_ws/install/darknet_ros:/home/ngan/Documents/test_github/lesson6_ws/install/Darknet:/opt/ros/jazzy/opt/gz_sim_vendor:/opt/ros/jazzy/opt/gz_sensors_vendor:/opt/ros/jazzy/opt/gz_physics_vendor:/opt/ros/jazzy/opt/sdformat_vendor:/opt/ros/jazzy/opt/gz_gui_vendor:/opt/ros/jazzy/opt/gz_transport_vendor:/opt/ros/jazzy/opt/gz_rendering_vendor:/opt/ros/jazzy/opt/gz_plugin_vendor:/opt/ros/jazzy/opt/gz_fuel_tools_vendor:/opt/ros/jazzy/opt/gz_msgs_vendor:/opt/ros/jazzy/opt/gz_common_vendor:/opt/ros/jazzy/opt/gz_math_vendor:/opt/ros/jazzy/opt/gz_utils_vendor:/opt/ros/jazzy/opt/gz_tools_vendor:/opt/ros/jazzy/opt/gz_ogre_next_vendor:/opt/ros/jazzy/opt/gz_dartsim_vendor:/opt/ros/jazzy/opt/gz_cmake_vendor:/home/ngan/Documents/test_github/lesson6_ws/install/opencv_tests:/opt/ros/jazzy DEBUGINFOD_URLS=https://debuginfod.ubuntu.com LD_LIBRARY_PATH=/home/ngan/Documents/test_github/lesson6_ws/install/darknet_ros_msgs/lib:/home/ngan/Documents/test_github/lesson6_ws/install/cv_bridge/lib:/home/ngan/Documents/test_github/lesson6_ws/install/rmitbot_firmware/lib:/home/ngan/Documents/test_github/lesson6_ws/install/image_geometry/lib:/home/ngan/Documents/test_github/lesson6_ws/install/darknet_ros/lib:/opt/ros/jazzy/opt/gz_sim_vendor/lib:/opt/ros/jazzy/opt/gz_sensors_vendor/lib:/opt/ros/jazzy/opt/gz_physics_vendor/lib:/opt/ros/jazzy/opt/sdformat_vendor/lib:/opt/ros/jazzy/opt/rviz_ogre_vendor/lib:/opt/ros/jazzy/lib/aarch64-linux-gnu:/opt/ros/jazzy/opt/gz_gui_vendor/lib:/opt/ros/jazzy/opt/gz_transport_vendor/lib:/opt/ros/jazzy/opt/gz_rendering_vendor/lib:/opt/ros/jazzy/opt/gz_plugin_vendor/lib:/opt/ros/jazzy/opt/gz_fuel_tools_vendor/lib:/opt/ros/jazzy/opt/gz_msgs_vendor/lib:/opt/ros/jazzy/opt/gz_common_vendor/lib:/opt/ros/jazzy/opt/gz_math_vendor/lib:/opt/ros/jazzy/opt/gz_utils_vendor/lib:/opt/ros/jazzy/opt/gz_tools_vendor/lib:/opt/ros/jazzy/opt/gz_ogre_next_vendor/lib:/opt/ros/jazzy/opt/gz_dartsim_vendor/lib:/opt/ros/jazzy/opt/gz_cmake_vendor/lib:/opt/ros/jazzy/lib PYTHONPATH=/home/ngan/Documents/test_github/lesson6_ws/install/darknet_ros_msgs/lib/python3.12/site-packages:/home/ngan/Documents/test_github/lesson6_ws/install/cv_bridge/lib/python3.12/site-packages:/home/ngan/Documents/test_github/lesson6_ws/install/opencv_tests/lib/python3.12/site-packages:/home/ngan/Documents/test_github/lesson6_ws/install/image_geometry/lib/python3.12/site-packages:/opt/ros/jazzy/lib/python3.12/site-packages /usr/bin/cmake --install /home/ngan/Documents/test_github/lesson6_ws/build/darknet_ros
[2.956s] DEBUG:colcon.colcon_core.event_handler.log_command:Invoking command in '/home/ngan/Documents/test_github/lesson6_ws/build/vision_opencv': CMAKE_PREFIX_PATH=/home/ngan/Documents/test_github/lesson6_ws/install/image_geometry:/home/ngan/Documents/test_github/lesson6_ws/install/cv_bridge:/home/ngan/Documents/test_github/lesson6_ws/install/vision_opencv:/home/ngan/Documents/test_github/lesson6_ws/install/rmitbot_mapping:/home/ngan/Documents/test_github/lesson6_ws/install/rmitbot_localization:/home/ngan/Documents/test_github/lesson6_ws/install/rmitbot_firmware:/home/ngan/Documents/test_github/lesson6_ws/install/rmitbot_description:/home/ngan/Documents/test_github/lesson6_ws/install/rmitbot_controller:/home/ngan/Documents/test_github/lesson6_ws/install/rmitbot_bringup:/home/ngan/Documents/test_github/lesson6_ws/install/darknet_ros:/home/ngan/Documents/test_github/lesson6_ws/install/darknet_ros_msgs:/home/ngan/Documents/test_github/lesson6_ws/install/Darknet:/opt/ros/jazzy/opt/gz_sim_vendor:/opt/ros/jazzy/opt/gz_sensors_vendor:/opt/ros/jazzy/opt/gz_physics_vendor:/opt/ros/jazzy/opt/sdformat_vendor:/opt/ros/jazzy/opt/gz_gui_vendor:/opt/ros/jazzy/opt/gz_transport_vendor:/opt/ros/jazzy/opt/gz_rendering_vendor:/opt/ros/jazzy/opt/gz_plugin_vendor:/opt/ros/jazzy/opt/gz_fuel_tools_vendor:/opt/ros/jazzy/opt/gz_msgs_vendor:/opt/ros/jazzy/opt/gz_common_vendor:/opt/ros/jazzy/opt/gz_math_vendor:/opt/ros/jazzy/opt/gz_utils_vendor:/opt/ros/jazzy/opt/gz_tools_vendor:/opt/ros/jazzy/opt/gz_ogre_next_vendor:/opt/ros/jazzy/opt/gz_dartsim_vendor:/opt/ros/jazzy/opt/gz_cmake_vendor:/home/ngan/Documents/test_github/lesson6_ws/install/opencv_tests:/opt/ros/jazzy DEBUGINFOD_URLS=https://debuginfod.ubuntu.com LD_LIBRARY_PATH=/home/ngan/Documents/test_github/lesson6_ws/install/image_geometry/lib:/home/ngan/Documents/test_github/lesson6_ws/install/cv_bridge/lib:/home/ngan/Documents/test_github/lesson6_ws/install/rmitbot_firmware/lib:/home/ngan/Documents/test_github/lesson6_ws/install/darknet_ros/lib:/home/ngan/Documents/test_github/lesson6_ws/install/darknet_ros_msgs/lib:/opt/ros/jazzy/opt/gz_sim_vendor/lib:/opt/ros/jazzy/opt/gz_sensors_vendor/lib:/opt/ros/jazzy/opt/gz_physics_vendor/lib:/opt/ros/jazzy/opt/sdformat_vendor/lib:/opt/ros/jazzy/opt/rviz_ogre_vendor/lib:/opt/ros/jazzy/lib/aarch64-linux-gnu:/opt/ros/jazzy/opt/gz_gui_vendor/lib:/opt/ros/jazzy/opt/gz_transport_vendor/lib:/opt/ros/jazzy/opt/gz_rendering_vendor/lib:/opt/ros/jazzy/opt/gz_plugin_vendor/lib:/opt/ros/jazzy/opt/gz_fuel_tools_vendor/lib:/opt/ros/jazzy/opt/gz_msgs_vendor/lib:/opt/ros/jazzy/opt/gz_common_vendor/lib:/opt/ros/jazzy/opt/gz_math_vendor/lib:/opt/ros/jazzy/opt/gz_utils_vendor/lib:/opt/ros/jazzy/opt/gz_tools_vendor/lib:/opt/ros/jazzy/opt/gz_ogre_next_vendor/lib:/opt/ros/jazzy/opt/gz_dartsim_vendor/lib:/opt/ros/jazzy/opt/gz_cmake_vendor/lib:/opt/ros/jazzy/lib PYTHONPATH=/home/ngan/Documents/test_github/lesson6_ws/install/image_geometry/lib/python3.12/site-packages:/home/ngan/Documents/test_github/lesson6_ws/install/cv_bridge/lib/python3.12/site-packages:/home/ngan/Documents/test_github/lesson6_ws/install/opencv_tests/lib/python3.12/site-packages:/home/ngan/Documents/test_github/lesson6_ws/install/darknet_ros_msgs/lib/python3.12/site-packages:/opt/ros/jazzy/lib/python3.12/site-packages /usr/bin/cmake --build /home/ngan/Documents/test_github/lesson6_ws/build/vision_opencv -- -j4 -l4
[3.024s] Level 1:colcon.colcon_core.environment:create_environment_scripts_only(darknet_ros)
[3.024s] Level 1:colcon.colcon_core.environment:checking '/home/ngan/Documents/test_github/lesson6_ws/install/darknet_ros' for CMake module files
[3.025s] Level 1:colcon.colcon_core.environment:checking '/home/ngan/Documents/test_github/lesson6_ws/install/darknet_ros' for CMake config files
[3.025s] Level 1:colcon.colcon_core.shell:create_environment_hook('darknet_ros', 'cmake_prefix_path')
[3.026s] INFO:colcon.colcon_core.shell:Creating environment descriptor '/home/ngan/Documents/test_github/lesson6_ws/install/darknet_ros/share/darknet_ros/hook/cmake_prefix_path.dsv'
[3.026s] INFO:colcon.colcon_core.shell:Creating environment hook '/home/ngan/Documents/test_github/lesson6_ws/install/darknet_ros/share/darknet_ros/hook/cmake_prefix_path.sh'
[3.039s] DEBUG:colcon.colcon_core.event_handler.log_command:Invoked command in '/home/ngan/Documents/test_github/lesson6_ws/build/darknet_ros' returned '0': CMAKE_PREFIX_PATH=/home/ngan/Documents/test_github/lesson6_ws/install/darknet_ros_msgs:/home/ngan/Documents/test_github/lesson6_ws/install/cv_bridge:/home/ngan/Documents/test_github/lesson6_ws/install/vision_opencv:/home/ngan/Documents/test_github/lesson6_ws/install/rmitbot_mapping:/home/ngan/Documents/test_github/lesson6_ws/install/rmitbot_localization:/home/ngan/Documents/test_github/lesson6_ws/install/rmitbot_firmware:/home/ngan/Documents/test_github/lesson6_ws/install/rmitbot_description:/home/ngan/Documents/test_github/lesson6_ws/install/rmitbot_controller:/home/ngan/Documents/test_github/lesson6_ws/install/rmitbot_bringup:/home/ngan/Documents/test_github/lesson6_ws/install/image_geometry:/home/ngan/Documents/test_github/lesson6_ws/install/darknet_ros:/home/ngan/Documents/test_github/lesson6_ws/install/Darknet:/opt/ros/jazzy/opt/gz_sim_vendor:/opt/ros/jazzy/opt/gz_sensors_vendor:/opt/ros/jazzy/opt/gz_physics_vendor:/opt/ros/jazzy/opt/sdformat_vendor:/opt/ros/jazzy/opt/gz_gui_vendor:/opt/ros/jazzy/opt/gz_transport_vendor:/opt/ros/jazzy/opt/gz_rendering_vendor:/opt/ros/jazzy/opt/gz_plugin_vendor:/opt/ros/jazzy/opt/gz_fuel_tools_vendor:/opt/ros/jazzy/opt/gz_msgs_vendor:/opt/ros/jazzy/opt/gz_common_vendor:/opt/ros/jazzy/opt/gz_math_vendor:/opt/ros/jazzy/opt/gz_utils_vendor:/opt/ros/jazzy/opt/gz_tools_vendor:/opt/ros/jazzy/opt/gz_ogre_next_vendor:/opt/ros/jazzy/opt/gz_dartsim_vendor:/opt/ros/jazzy/opt/gz_cmake_vendor:/home/ngan/Documents/test_github/lesson6_ws/install/opencv_tests:/opt/ros/jazzy DEBUGINFOD_URLS=https://debuginfod.ubuntu.com LD_LIBRARY_PATH=/home/ngan/Documents/test_github/lesson6_ws/install/darknet_ros_msgs/lib:/home/ngan/Documents/test_github/lesson6_ws/install/cv_bridge/lib:/home/ngan/Documents/test_github/lesson6_ws/install/rmitbot_firmware/lib:/home/ngan/Documents/test_github/lesson6_ws/install/image_geometry/lib:/home/ngan/Documents/test_github/lesson6_ws/install/darknet_ros/lib:/opt/ros/jazzy/opt/gz_sim_vendor/lib:/opt/ros/jazzy/opt/gz_sensors_vendor/lib:/opt/ros/jazzy/opt/gz_physics_vendor/lib:/opt/ros/jazzy/opt/sdformat_vendor/lib:/opt/ros/jazzy/opt/rviz_ogre_vendor/lib:/opt/ros/jazzy/lib/aarch64-linux-gnu:/opt/ros/jazzy/opt/gz_gui_vendor/lib:/opt/ros/jazzy/opt/gz_transport_vendor/lib:/opt/ros/jazzy/opt/gz_rendering_vendor/lib:/opt/ros/jazzy/opt/gz_plugin_vendor/lib:/opt/ros/jazzy/opt/gz_fuel_tools_vendor/lib:/opt/ros/jazzy/opt/gz_msgs_vendor/lib:/opt/ros/jazzy/opt/gz_common_vendor/lib:/opt/ros/jazzy/opt/gz_math_vendor/lib:/opt/ros/jazzy/opt/gz_utils_vendor/lib:/opt/ros/jazzy/opt/gz_tools_vendor/lib:/opt/ros/jazzy/opt/gz_ogre_next_vendor/lib:/opt/ros/jazzy/opt/gz_dartsim_vendor/lib:/opt/ros/jazzy/opt/gz_cmake_vendor/lib:/opt/ros/jazzy/lib PYTHONPATH=/home/ngan/Documents/test_github/lesson6_ws/install/darknet_ros_msgs/lib/python3.12/site-packages:/home/ngan/Documents/test_github/lesson6_ws/install/cv_bridge/lib/python3.12/site-packages:/home/ngan/Documents/test_github/lesson6_ws/install/opencv_tests/lib/python3.12/site-packages:/home/ngan/Documents/test_github/lesson6_ws/install/image_geometry/lib/python3.12/site-packages:/opt/ros/jazzy/lib/python3.12/site-packages /usr/bin/cmake --install /home/ngan/Documents/test_github/lesson6_ws/build/darknet_ros
[3.040s] Level 1:colcon.colcon_core.environment:checking '/home/ngan/Documents/test_github/lesson6_ws/install/darknet_ros/lib'
[3.040s] Level 1:colcon.colcon_core.environment:checking '/home/ngan/Documents/test_github/lesson6_ws/install/darknet_ros/bin'
[3.040s] Level 1:colcon.colcon_core.environment:checking '/home/ngan/Documents/test_github/lesson6_ws/install/darknet_ros/lib/pkgconfig/darknet_ros.pc'
[3.041s] Level 1:colcon.colcon_core.environment:checking '/home/ngan/Documents/test_github/lesson6_ws/install/darknet_ros/lib/python3.12/site-packages'
[3.041s] Level 1:colcon.colcon_core.environment:checking '/home/ngan/Documents/test_github/lesson6_ws/install/darknet_ros/bin'
[3.041s] INFO:colcon.colcon_core.shell:Creating package descriptor '/home/ngan/Documents/test_github/lesson6_ws/install/darknet_ros/share/darknet_ros/package.dsv'
[3.048s] INFO:colcon.colcon_core.shell:Creating package script '/home/ngan/Documents/test_github/lesson6_ws/install/darknet_ros/share/darknet_ros/package.sh'
[3.049s] INFO:colcon.colcon_core.shell:Creating package script '/home/ngan/Documents/test_github/lesson6_ws/install/darknet_ros/share/darknet_ros/package.bash'
[3.050s] INFO:colcon.colcon_core.shell:Creating package script '/home/ngan/Documents/test_github/lesson6_ws/install/darknet_ros/share/darknet_ros/package.zsh'
[3.050s] Level 1:colcon.colcon_core.environment:create_file_with_runtime_dependencies(/home/ngan/Documents/test_github/lesson6_ws/install/darknet_ros/share/colcon-core/packages/darknet_ros)
[3.061s] Level 1:colcon.colcon_core.environment:create_environment_scripts_only(darknet_ros)
[3.061s] Level 1:colcon.colcon_core.environment:checking '/home/ngan/Documents/test_github/lesson6_ws/install/darknet_ros' for CMake module files
[3.075s] Level 1:colcon.colcon_core.environment:checking '/home/ngan/Documents/test_github/lesson6_ws/install/darknet_ros' for CMake config files
[3.086s] Level 1:colcon.colcon_core.shell:create_environment_hook('darknet_ros', 'cmake_prefix_path')
[3.087s] INFO:colcon.colcon_core.shell:Creating environment descriptor '/home/ngan/Documents/test_github/lesson6_ws/install/darknet_ros/share/darknet_ros/hook/cmake_prefix_path.dsv'
[3.096s] INFO:colcon.colcon_core.shell:Creating environment hook '/home/ngan/Documents/test_github/lesson6_ws/install/darknet_ros/share/darknet_ros/hook/cmake_prefix_path.sh'
[3.098s] Level 1:colcon.colcon_core.environment:checking '/home/ngan/Documents/test_github/lesson6_ws/install/darknet_ros/lib'
[3.098s] Level 1:colcon.colcon_core.environment:checking '/home/ngan/Documents/test_github/lesson6_ws/install/darknet_ros/bin'
[3.098s] Level 1:colcon.colcon_core.environment:checking '/home/ngan/Documents/test_github/lesson6_ws/install/darknet_ros/lib/pkgconfig/darknet_ros.pc'
[3.099s] Level 1:colcon.colcon_core.environment:checking '/home/ngan/Documents/test_github/lesson6_ws/install/darknet_ros/lib/python3.12/site-packages'
[3.100s] Level 1:colcon.colcon_core.environment:checking '/home/ngan/Documents/test_github/lesson6_ws/install/darknet_ros/bin'
[3.100s] INFO:colcon.colcon_core.shell:Creating package descriptor '/home/ngan/Documents/test_github/lesson6_ws/install/darknet_ros/share/darknet_ros/package.dsv'
[3.102s] INFO:colcon.colcon_core.shell:Creating package script '/home/ngan/Documents/test_github/lesson6_ws/install/darknet_ros/share/darknet_ros/package.sh'
[3.104s] INFO:colcon.colcon_core.shell:Creating package script '/home/ngan/Documents/test_github/lesson6_ws/install/darknet_ros/share/darknet_ros/package.bash'
[3.106s] INFO:colcon.colcon_core.shell:Creating package script '/home/ngan/Documents/test_github/lesson6_ws/install/darknet_ros/share/darknet_ros/package.zsh'
[3.107s] Level 1:colcon.colcon_core.environment:create_file_with_runtime_dependencies(/home/ngan/Documents/test_github/lesson6_ws/install/darknet_ros/share/colcon-core/packages/darknet_ros)
[5.317s] DEBUG:colcon.colcon_parallel_executor.executor.parallel:closing loop
[5.318s] DEBUG:colcon.colcon_parallel_executor.executor.parallel:loop closed
[5.319s] DEBUG:colcon.colcon_parallel_executor.executor.parallel:run_until_complete finished with 'Expected ['/usr/bin/python3', '-W', 'ignore:setup.py install is deprecated', '-W', 'ignore:easy_install command is deprecated', 'setup.py', '--help-commands'] to pass: /usr/bin/python3: can't open file '/home/ngan/Documents/test_github/lesson6_ws/src/rmitbot_vision/stop_sign_control/setup.py': [Errno 2] No such file or directory
'
[5.320s] DEBUG:colcon.colcon_core.event_reactor:joining thread
[5.399s] INFO:colcon.colcon_core.plugin_system:Skipping extension 'colcon_notification.desktop_notification.terminal_notifier': Not used on non-Darwin systems
[5.400s] INFO:colcon.colcon_core.plugin_system:Skipping extension 'colcon_notification.desktop_notification.win32': Not used on non-Windows systems
[5.400s] INFO:colcon.colcon_notification.desktop_notification:Sending desktop notification using 'notify2'
[5.584s] DEBUG:colcon.colcon_core.event_reactor:joined thread
[5.585s] INFO:colcon.colcon_core.shell:Creating prefix script '/home/ngan/Documents/test_github/lesson6_ws/install/local_setup.sh'
[5.592s] INFO:colcon.colcon_core.shell:Creating prefix util module '/home/ngan/Documents/test_github/lesson6_ws/install/_local_setup_util_sh.py'
[5.601s] INFO:colcon.colcon_core.shell:Creating prefix chain script '/home/ngan/Documents/test_github/lesson6_ws/install/setup.sh'
[5.605s] INFO:colcon.colcon_core.shell:Creating prefix script '/home/ngan/Documents/test_github/lesson6_ws/install/local_setup.bash'
[5.606s] INFO:colcon.colcon_core.shell:Creating prefix chain script '/home/ngan/Documents/test_github/lesson6_ws/install/setup.bash'
[5.608s] INFO:colcon.colcon_core.shell:Creating prefix script '/home/ngan/Documents/test_github/lesson6_ws/install/local_setup.zsh'
[5.609s] INFO:colcon.colcon_core.shell:Creating prefix chain script '/home/ngan/Documents/test_github/lesson6_ws/install/setup.zsh'
