[0.126s] DEBUG:colcon:Command line arguments: ['/usr/bin/colcon', 'build']
[0.126s] DEBUG:colcon:Parsed command line arguments: Namespace(log_base=None, log_level=None, verb_name='build', build_base='build', install_base='install', merge_install=False, symlink_install=False, test_result_base=None, continue_on_error=False, executor='parallel', parallel_workers=4, event_handlers=None, ignore_user_meta=False, metas=['./colcon.meta'], base_paths=['.'], packages_ignore=None, packages_ignore_regex=None, paths=None, packages_up_to=None, packages_up_to_regex=None, packages_above=None, packages_above_and_dependencies=None, packages_above_depth=None, packages_select_by_dep=None, packages_skip_by_dep=None, packages_skip_up_to=None, packages_select_build_failed=False, packages_skip_build_finished=False, packages_select_test_failures=False, packages_skip_test_passed=False, packages_select=None, packages_skip=None, packages_select_regex=None, packages_skip_regex=None, packages_start=None, packages_end=None, cmake_args=None, cmake_target=None, cmake_target_skip_unavailable=False, cmake_clean_cache=False, cmake_clean_first=False, cmake_force_configure=False, ament_cmake_args=None, catkin_cmake_args=None, catkin_skip_building_tests=False, verb_parser=<colcon_defaults.argument_parser.defaults.DefaultArgumentsDecorator object at 0xe1bc92a66060>, verb_extension=<colcon_core.verb.build.BuildVerb object at 0xe1bc92c7aa50>, main=<bound method BuildVerb.main of <colcon_core.verb.build.BuildVerb object at 0xe1bc92c7aa50>>)
[0.189s] Level 1:colcon.colcon_core.package_discovery:discover_packages(colcon_meta) check parameters
[0.189s] Level 1:colcon.colcon_core.package_discovery:discover_packages(recursive) check parameters
[0.189s] Level 1:colcon.colcon_core.package_discovery:discover_packages(ignore) check parameters
[0.189s] Level 1:colcon.colcon_core.package_discovery:discover_packages(path) check parameters
[0.189s] Level 1:colcon.colcon_core.package_discovery:discover_packages(colcon_meta) discover
[0.189s] Level 1:colcon.colcon_core.package_discovery:discover_packages(recursive) discover
[0.189s] INFO:colcon.colcon_core.package_discovery:Crawling recursively for packages in '/home/ngan/Documents/test_github/lesson6_ws'
[0.189s] Level 1:colcon.colcon_core.package_identification:_identify(.) by extensions ['ignore', 'ignore_ament_install']
[0.189s] Level 1:colcon.colcon_core.package_identification:_identify(.) by extension 'ignore'
[0.189s] Level 1:colcon.colcon_core.package_identification:_identify(.) by extension 'ignore_ament_install'
[0.189s] Level 1:colcon.colcon_core.package_identification:_identify(.) by extensions ['colcon_pkg']
[0.189s] Level 1:colcon.colcon_core.package_identification:_identify(.) by extension 'colcon_pkg'
[0.190s] Level 1:colcon.colcon_core.package_identification:_identify(.) by extensions ['colcon_meta']
[0.190s] Level 1:colcon.colcon_core.package_identification:_identify(.) by extension 'colcon_meta'
[0.190s] Level 1:colcon.colcon_core.package_identification:_identify(.) by extensions ['ros']
[0.190s] Level 1:colcon.colcon_core.package_identification:_identify(.) by extension 'ros'
[0.238s] Level 1:colcon.colcon_core.package_identification:_identify(.) by extensions ['cmake', 'python']
[0.238s] Level 1:colcon.colcon_core.package_identification:_identify(.) by extension 'cmake'
[0.238s] Level 1:colcon.colcon_core.package_identification:_identify(.) by extension 'python'
[0.238s] Level 1:colcon.colcon_core.package_identification:_identify(.) by extensions ['python_setup_py']
[0.238s] Level 1:colcon.colcon_core.package_identification:_identify(.) by extension 'python_setup_py'
[0.238s] Level 1:colcon.colcon_core.package_identification:_identify(build) by extensions ['ignore', 'ignore_ament_install']
[0.239s] Level 1:colcon.colcon_core.package_identification:_identify(build) by extension 'ignore'
[0.239s] Level 1:colcon.colcon_core.package_identification:_identify(build) ignored
[0.239s] Level 1:colcon.colcon_core.package_identification:_identify(install) by extensions ['ignore', 'ignore_ament_install']
[0.239s] Level 1:colcon.colcon_core.package_identification:_identify(install) by extension 'ignore'
[0.239s] Level 1:colcon.colcon_core.package_identification:_identify(install) ignored
[0.240s] Level 1:colcon.colcon_core.package_identification:_identify(log) by extensions ['ignore', 'ignore_ament_install']
[0.240s] Level 1:colcon.colcon_core.package_identification:_identify(log) by extension 'ignore'
[0.240s] Level 1:colcon.colcon_core.package_identification:_identify(log) ignored
[0.240s] Level 1:colcon.colcon_core.package_identification:_identify(src) by extensions ['ignore', 'ignore_ament_install']
[0.240s] Level 1:colcon.colcon_core.package_identification:_identify(src) by extension 'ignore'
[0.240s] Level 1:colcon.colcon_core.package_identification:_identify(src) by extension 'ignore_ament_install'
[0.240s] Level 1:colcon.colcon_core.package_identification:_identify(src) by extensions ['colcon_pkg']
[0.240s] Level 1:colcon.colcon_core.package_identification:_identify(src) by extension 'colcon_pkg'
[0.240s] Level 1:colcon.colcon_core.package_identification:_identify(src) by extensions ['colcon_meta']
[0.240s] Level 1:colcon.colcon_core.package_identification:_identify(src) by extension 'colcon_meta'
[0.240s] Level 1:colcon.colcon_core.package_identification:_identify(src) by extensions ['ros']
[0.240s] Level 1:colcon.colcon_core.package_identification:_identify(src) by extension 'ros'
[0.241s] Level 1:colcon.colcon_core.package_identification:_identify(src) by extensions ['cmake', 'python']
[0.241s] Level 1:colcon.colcon_core.package_identification:_identify(src) by extension 'cmake'
[0.241s] Level 1:colcon.colcon_core.package_identification:_identify(src) by extension 'python'
[0.241s] Level 1:colcon.colcon_core.package_identification:_identify(src) by extensions ['python_setup_py']
[0.241s] Level 1:colcon.colcon_core.package_identification:_identify(src) by extension 'python_setup_py'
[0.241s] Level 1:colcon.colcon_core.package_identification:_identify(src/rmitbot_bringup) by extensions ['ignore', 'ignore_ament_install']
[0.241s] Level 1:colcon.colcon_core.package_identification:_identify(src/rmitbot_bringup) by extension 'ignore'
[0.241s] Level 1:colcon.colcon_core.package_identification:_identify(src/rmitbot_bringup) by extension 'ignore_ament_install'
[0.241s] Level 1:colcon.colcon_core.package_identification:_identify(src/rmitbot_bringup) by extensions ['colcon_pkg']
[0.241s] Level 1:colcon.colcon_core.package_identification:_identify(src/rmitbot_bringup) by extension 'colcon_pkg'
[0.241s] Level 1:colcon.colcon_core.package_identification:_identify(src/rmitbot_bringup) by extensions ['colcon_meta']
[0.241s] Level 1:colcon.colcon_core.package_identification:_identify(src/rmitbot_bringup) by extension 'colcon_meta'
[0.241s] Level 1:colcon.colcon_core.package_identification:_identify(src/rmitbot_bringup) by extensions ['ros']
[0.241s] Level 1:colcon.colcon_core.package_identification:_identify(src/rmitbot_bringup) by extension 'ros'
[0.247s] DEBUG:colcon.colcon_core.package_identification:Package 'src/rmitbot_bringup' with type 'ros.ament_cmake' and name 'rmitbot_bringup'
[0.247s] Level 1:colcon.colcon_core.package_identification:_identify(src/rmitbot_controller) by extensions ['ignore', 'ignore_ament_install']
[0.247s] Level 1:colcon.colcon_core.package_identification:_identify(src/rmitbot_controller) by extension 'ignore'
[0.248s] Level 1:colcon.colcon_core.package_identification:_identify(src/rmitbot_controller) by extension 'ignore_ament_install'
[0.248s] Level 1:colcon.colcon_core.package_identification:_identify(src/rmitbot_controller) by extensions ['colcon_pkg']
[0.248s] Level 1:colcon.colcon_core.package_identification:_identify(src/rmitbot_controller) by extension 'colcon_pkg'
[0.248s] Level 1:colcon.colcon_core.package_identification:_identify(src/rmitbot_controller) by extensions ['colcon_meta']
[0.248s] Level 1:colcon.colcon_core.package_identification:_identify(src/rmitbot_controller) by extension 'colcon_meta'
[0.248s] Level 1:colcon.colcon_core.package_identification:_identify(src/rmitbot_controller) by extensions ['ros']
[0.248s] Level 1:colcon.colcon_core.package_identification:_identify(src/rmitbot_controller) by extension 'ros'
[0.249s] DEBUG:colcon.colcon_core.package_identification:Package 'src/rmitbot_controller' with type 'ros.ament_cmake' and name 'rmitbot_controller'
[0.249s] Level 1:colcon.colcon_core.package_identification:_identify(src/rmitbot_description) by extensions ['ignore', 'ignore_ament_install']
[0.249s] Level 1:colcon.colcon_core.package_identification:_identify(src/rmitbot_description) by extension 'ignore'
[0.249s] Level 1:colcon.colcon_core.package_identification:_identify(src/rmitbot_description) by extension 'ignore_ament_install'
[0.249s] Level 1:colcon.colcon_core.package_identification:_identify(src/rmitbot_description) by extensions ['colcon_pkg']
[0.249s] Level 1:colcon.colcon_core.package_identification:_identify(src/rmitbot_description) by extension 'colcon_pkg'
[0.249s] Level 1:colcon.colcon_core.package_identification:_identify(src/rmitbot_description) by extensions ['colcon_meta']
[0.249s] Level 1:colcon.colcon_core.package_identification:_identify(src/rmitbot_description) by extension 'colcon_meta'
[0.249s] Level 1:colcon.colcon_core.package_identification:_identify(src/rmitbot_description) by extensions ['ros']
[0.249s] Level 1:colcon.colcon_core.package_identification:_identify(src/rmitbot_description) by extension 'ros'
[0.250s] DEBUG:colcon.colcon_core.package_identification:Package 'src/rmitbot_description' with type 'ros.ament_cmake' and name 'rmitbot_description'
[0.250s] Level 1:colcon.colcon_core.package_identification:_identify(src/rmitbot_firmware) by extensions ['ignore', 'ignore_ament_install']
[0.251s] Level 1:colcon.colcon_core.package_identification:_identify(src/rmitbot_firmware) by extension 'ignore'
[0.251s] Level 1:colcon.colcon_core.package_identification:_identify(src/rmitbot_firmware) by extension 'ignore_ament_install'
[0.251s] Level 1:colcon.colcon_core.package_identification:_identify(src/rmitbot_firmware) by extensions ['colcon_pkg']
[0.251s] Level 1:colcon.colcon_core.package_identification:_identify(src/rmitbot_firmware) by extension 'colcon_pkg'
[0.251s] Level 1:colcon.colcon_core.package_identification:_identify(src/rmitbot_firmware) by extensions ['colcon_meta']
[0.251s] Level 1:colcon.colcon_core.package_identification:_identify(src/rmitbot_firmware) by extension 'colcon_meta'
[0.251s] Level 1:colcon.colcon_core.package_identification:_identify(src/rmitbot_firmware) by extensions ['ros']
[0.251s] Level 1:colcon.colcon_core.package_identification:_identify(src/rmitbot_firmware) by extension 'ros'
[0.252s] DEBUG:colcon.colcon_core.package_identification:Package 'src/rmitbot_firmware' with type 'ros.ament_cmake' and name 'rmitbot_firmware'
[0.253s] Level 1:colcon.colcon_core.package_identification:_identify(src/rmitbot_localization) by extensions ['ignore', 'ignore_ament_install']
[0.253s] Level 1:colcon.colcon_core.package_identification:_identify(src/rmitbot_localization) by extension 'ignore'
[0.253s] Level 1:colcon.colcon_core.package_identification:_identify(src/rmitbot_localization) by extension 'ignore_ament_install'
[0.253s] Level 1:colcon.colcon_core.package_identification:_identify(src/rmitbot_localization) by extensions ['colcon_pkg']
[0.253s] Level 1:colcon.colcon_core.package_identification:_identify(src/rmitbot_localization) by extension 'colcon_pkg'
[0.253s] Level 1:colcon.colcon_core.package_identification:_identify(src/rmitbot_localization) by extensions ['colcon_meta']
[0.253s] Level 1:colcon.colcon_core.package_identification:_identify(src/rmitbot_localization) by extension 'colcon_meta'
[0.253s] Level 1:colcon.colcon_core.package_identification:_identify(src/rmitbot_localization) by extensions ['ros']
[0.253s] Level 1:colcon.colcon_core.package_identification:_identify(src/rmitbot_localization) by extension 'ros'
[0.254s] DEBUG:colcon.colcon_core.package_identification:Package 'src/rmitbot_localization' with type 'ros.ament_cmake' and name 'rmitbot_localization'
[0.254s] Level 1:colcon.colcon_core.package_identification:_identify(src/rmitbot_mapping) by extensions ['ignore', 'ignore_ament_install']
[0.254s] Level 1:colcon.colcon_core.package_identification:_identify(src/rmitbot_mapping) by extension 'ignore'
[0.254s] Level 1:colcon.colcon_core.package_identification:_identify(src/rmitbot_mapping) by extension 'ignore_ament_install'
[0.255s] Level 1:colcon.colcon_core.package_identification:_identify(src/rmitbot_mapping) by extensions ['colcon_pkg']
[0.255s] Level 1:colcon.colcon_core.package_identification:_identify(src/rmitbot_mapping) by extension 'colcon_pkg'
[0.255s] Level 1:colcon.colcon_core.package_identification:_identify(src/rmitbot_mapping) by extensions ['colcon_meta']
[0.255s] Level 1:colcon.colcon_core.package_identification:_identify(src/rmitbot_mapping) by extension 'colcon_meta'
[0.255s] Level 1:colcon.colcon_core.package_identification:_identify(src/rmitbot_mapping) by extensions ['ros']
[0.255s] Level 1:colcon.colcon_core.package_identification:_identify(src/rmitbot_mapping) by extension 'ros'
[0.255s] DEBUG:colcon.colcon_core.package_identification:Package 'src/rmitbot_mapping' with type 'ros.ament_cmake' and name 'rmitbot_mapping'
[0.256s] Level 1:colcon.colcon_core.package_identification:_identify(src/rmitbot_vision) by extensions ['ignore', 'ignore_ament_install']
[0.256s] Level 1:colcon.colcon_core.package_identification:_identify(src/rmitbot_vision) by extension 'ignore'
[0.256s] Level 1:colcon.colcon_core.package_identification:_identify(src/rmitbot_vision) by extension 'ignore_ament_install'
[0.256s] Level 1:colcon.colcon_core.package_identification:_identify(src/rmitbot_vision) by extensions ['colcon_pkg']
[0.256s] Level 1:colcon.colcon_core.package_identification:_identify(src/rmitbot_vision) by extension 'colcon_pkg'
[0.256s] Level 1:colcon.colcon_core.package_identification:_identify(src/rmitbot_vision) by extensions ['colcon_meta']
[0.256s] Level 1:colcon.colcon_core.package_identification:_identify(src/rmitbot_vision) by extension 'colcon_meta'
[0.256s] Level 1:colcon.colcon_core.package_identification:_identify(src/rmitbot_vision) by extensions ['ros']
[0.256s] Level 1:colcon.colcon_core.package_identification:_identify(src/rmitbot_vision) by extension 'ros'
[0.256s] Level 1:colcon.colcon_core.package_identification:_identify(src/rmitbot_vision) by extensions ['cmake', 'python']
[0.256s] Level 1:colcon.colcon_core.package_identification:_identify(src/rmitbot_vision) by extension 'cmake'
[0.257s] Level 1:colcon.colcon_core.package_identification:_identify(src/rmitbot_vision) by extension 'python'
[0.257s] Level 1:colcon.colcon_core.package_identification:_identify(src/rmitbot_vision) by extensions ['python_setup_py']
[0.257s] Level 1:colcon.colcon_core.package_identification:_identify(src/rmitbot_vision) by extension 'python_setup_py'
[0.257s] Level 1:colcon.colcon_core.package_identification:_identify(src/rmitbot_vision/darknet_ros) by extensions ['ignore', 'ignore_ament_install']
[0.257s] Level 1:colcon.colcon_core.package_identification:_identify(src/rmitbot_vision/darknet_ros) by extension 'ignore'
[0.257s] Level 1:colcon.colcon_core.package_identification:_identify(src/rmitbot_vision/darknet_ros) by extension 'ignore_ament_install'
[0.257s] Level 1:colcon.colcon_core.package_identification:_identify(src/rmitbot_vision/darknet_ros) by extensions ['colcon_pkg']
[0.257s] Level 1:colcon.colcon_core.package_identification:_identify(src/rmitbot_vision/darknet_ros) by extension 'colcon_pkg'
[0.257s] Level 1:colcon.colcon_core.package_identification:_identify(src/rmitbot_vision/darknet_ros) by extensions ['colcon_meta']
[0.257s] Level 1:colcon.colcon_core.package_identification:_identify(src/rmitbot_vision/darknet_ros) by extension 'colcon_meta'
[0.257s] Level 1:colcon.colcon_core.package_identification:_identify(src/rmitbot_vision/darknet_ros) by extensions ['ros']
[0.257s] Level 1:colcon.colcon_core.package_identification:_identify(src/rmitbot_vision/darknet_ros) by extension 'ros'
[0.257s] Level 1:colcon.colcon_core.package_identification:_identify(src/rmitbot_vision/darknet_ros) by extensions ['cmake', 'python']
[0.257s] Level 1:colcon.colcon_core.package_identification:_identify(src/rmitbot_vision/darknet_ros) by extension 'cmake'
[0.257s] Level 1:colcon.colcon_core.package_identification:_identify(src/rmitbot_vision/darknet_ros) by extension 'python'
[0.257s] Level 1:colcon.colcon_core.package_identification:_identify(src/rmitbot_vision/darknet_ros) by extensions ['python_setup_py']
[0.257s] Level 1:colcon.colcon_core.package_identification:_identify(src/rmitbot_vision/darknet_ros) by extension 'python_setup_py'
[0.258s] Level 1:colcon.colcon_core.package_identification:_identify(src/rmitbot_vision/darknet_ros/darknet_ros) by extensions ['ignore', 'ignore_ament_install']
[0.258s] Level 1:colcon.colcon_core.package_identification:_identify(src/rmitbot_vision/darknet_ros/darknet_ros) by extension 'ignore'
[0.258s] Level 1:colcon.colcon_core.package_identification:_identify(src/rmitbot_vision/darknet_ros/darknet_ros) by extension 'ignore_ament_install'
[0.258s] Level 1:colcon.colcon_core.package_identification:_identify(src/rmitbot_vision/darknet_ros/darknet_ros) by extensions ['colcon_pkg']
[0.258s] Level 1:colcon.colcon_core.package_identification:_identify(src/rmitbot_vision/darknet_ros/darknet_ros) by extension 'colcon_pkg'
[0.258s] Level 1:colcon.colcon_core.package_identification:_identify(src/rmitbot_vision/darknet_ros/darknet_ros) by extensions ['colcon_meta']
[0.258s] Level 1:colcon.colcon_core.package_identification:_identify(src/rmitbot_vision/darknet_ros/darknet_ros) by extension 'colcon_meta'
[0.258s] Level 1:colcon.colcon_core.package_identification:_identify(src/rmitbot_vision/darknet_ros/darknet_ros) by extensions ['ros']
[0.258s] Level 1:colcon.colcon_core.package_identification:_identify(src/rmitbot_vision/darknet_ros/darknet_ros) by extension 'ros'
[0.258s] Level 1:colcon.colcon_core.package_identification:_identify(src/rmitbot_vision/darknet_ros/darknet_ros) by extensions ['cmake', 'python']
[0.258s] Level 1:colcon.colcon_core.package_identification:_identify(src/rmitbot_vision/darknet_ros/darknet_ros) by extension 'cmake'
[0.258s] Level 1:colcon.colcon_core.package_identification:_identify(src/rmitbot_vision/darknet_ros/darknet_ros) by extension 'python'
[0.258s] Level 1:colcon.colcon_core.package_identification:_identify(src/rmitbot_vision/darknet_ros/darknet_ros) by extensions ['python_setup_py']
[0.258s] Level 1:colcon.colcon_core.package_identification:_identify(src/rmitbot_vision/darknet_ros/darknet_ros) by extension 'python_setup_py'
[0.258s] Level 1:colcon.colcon_core.package_identification:_identify(src/rmitbot_vision/darknet_ros/darknet_ros/darknet) by extensions ['ignore', 'ignore_ament_install']
[0.259s] Level 1:colcon.colcon_core.package_identification:_identify(src/rmitbot_vision/darknet_ros/darknet_ros/darknet) by extension 'ignore'
[0.259s] Level 1:colcon.colcon_core.package_identification:_identify(src/rmitbot_vision/darknet_ros/darknet_ros/darknet) by extension 'ignore_ament_install'
[0.259s] Level 1:colcon.colcon_core.package_identification:_identify(src/rmitbot_vision/darknet_ros/darknet_ros/darknet) by extensions ['colcon_pkg']
[0.259s] Level 1:colcon.colcon_core.package_identification:_identify(src/rmitbot_vision/darknet_ros/darknet_ros/darknet) by extension 'colcon_pkg'
[0.259s] Level 1:colcon.colcon_core.package_identification:_identify(src/rmitbot_vision/darknet_ros/darknet_ros/darknet) by extensions ['colcon_meta']
[0.259s] Level 1:colcon.colcon_core.package_identification:_identify(src/rmitbot_vision/darknet_ros/darknet_ros/darknet) by extension 'colcon_meta'
[0.259s] Level 1:colcon.colcon_core.package_identification:_identify(src/rmitbot_vision/darknet_ros/darknet_ros/darknet) by extensions ['ros']
[0.259s] Level 1:colcon.colcon_core.package_identification:_identify(src/rmitbot_vision/darknet_ros/darknet_ros/darknet) by extension 'ros'
[0.259s] Level 1:colcon.colcon_core.package_identification:_identify(src/rmitbot_vision/darknet_ros/darknet_ros/darknet) by extensions ['cmake', 'python']
[0.259s] Level 1:colcon.colcon_core.package_identification:_identify(src/rmitbot_vision/darknet_ros/darknet_ros/darknet) by extension 'cmake'
[0.273s] Level 1:colcon.colcon_core.package_identification:_identify(src/rmitbot_vision/darknet_ros/darknet_ros/darknet) by extension 'python'
[0.273s] DEBUG:colcon.colcon_core.package_identification:Package 'src/rmitbot_vision/darknet_ros/darknet_ros/darknet' with type 'cmake' and name 'Darknet'
[0.273s] Level 1:colcon.colcon_core.package_identification:_identify(src/rmitbot_vision/darknet_ros/darknet_ros/darknet_ros) by extensions ['ignore', 'ignore_ament_install']
[0.274s] Level 1:colcon.colcon_core.package_identification:_identify(src/rmitbot_vision/darknet_ros/darknet_ros/darknet_ros) by extension 'ignore'
[0.274s] Level 1:colcon.colcon_core.package_identification:_identify(src/rmitbot_vision/darknet_ros/darknet_ros/darknet_ros) by extension 'ignore_ament_install'
[0.274s] Level 1:colcon.colcon_core.package_identification:_identify(src/rmitbot_vision/darknet_ros/darknet_ros/darknet_ros) by extensions ['colcon_pkg']
[0.274s] Level 1:colcon.colcon_core.package_identification:_identify(src/rmitbot_vision/darknet_ros/darknet_ros/darknet_ros) by extension 'colcon_pkg'
[0.274s] Level 1:colcon.colcon_core.package_identification:_identify(src/rmitbot_vision/darknet_ros/darknet_ros/darknet_ros) by extensions ['colcon_meta']
[0.274s] Level 1:colcon.colcon_core.package_identification:_identify(src/rmitbot_vision/darknet_ros/darknet_ros/darknet_ros) by extension 'colcon_meta'
[0.274s] Level 1:colcon.colcon_core.package_identification:_identify(src/rmitbot_vision/darknet_ros/darknet_ros/darknet_ros) by extensions ['ros']
[0.274s] Level 1:colcon.colcon_core.package_identification:_identify(src/rmitbot_vision/darknet_ros/darknet_ros/darknet_ros) by extension 'ros'
[0.275s] DEBUG:colcon.colcon_core.package_identification:Package 'src/rmitbot_vision/darknet_ros/darknet_ros/darknet_ros' with type 'ros.ament_cmake' and name 'darknet_ros'
[0.275s] Level 1:colcon.colcon_core.package_identification:_identify(src/rmitbot_vision/darknet_ros/darknet_ros/darknet_ros_msgs) by extensions ['ignore', 'ignore_ament_install']
[0.276s] Level 1:colcon.colcon_core.package_identification:_identify(src/rmitbot_vision/darknet_ros/darknet_ros/darknet_ros_msgs) by extension 'ignore'
[0.276s] Level 1:colcon.colcon_core.package_identification:_identify(src/rmitbot_vision/darknet_ros/darknet_ros/darknet_ros_msgs) by extension 'ignore_ament_install'
[0.276s] Level 1:colcon.colcon_core.package_identification:_identify(src/rmitbot_vision/darknet_ros/darknet_ros/darknet_ros_msgs) by extensions ['colcon_pkg']
[0.276s] Level 1:colcon.colcon_core.package_identification:_identify(src/rmitbot_vision/darknet_ros/darknet_ros/darknet_ros_msgs) by extension 'colcon_pkg'
[0.276s] Level 1:colcon.colcon_core.package_identification:_identify(src/rmitbot_vision/darknet_ros/darknet_ros/darknet_ros_msgs) by extensions ['colcon_meta']
[0.276s] Level 1:colcon.colcon_core.package_identification:_identify(src/rmitbot_vision/darknet_ros/darknet_ros/darknet_ros_msgs) by extension 'colcon_meta'
[0.276s] Level 1:colcon.colcon_core.package_identification:_identify(src/rmitbot_vision/darknet_ros/darknet_ros/darknet_ros_msgs) by extensions ['ros']
[0.276s] Level 1:colcon.colcon_core.package_identification:_identify(src/rmitbot_vision/darknet_ros/darknet_ros/darknet_ros_msgs) by extension 'ros'
[0.277s] DEBUG:colcon.colcon_core.package_identification:Package 'src/rmitbot_vision/darknet_ros/darknet_ros/darknet_ros_msgs' with type 'ros.ament_cmake' and name 'darknet_ros_msgs'
[0.278s] Level 1:colcon.colcon_core.package_identification:_identify(src/rmitbot_vision/stop_sign_control) by extensions ['ignore', 'ignore_ament_install']
[0.278s] Level 1:colcon.colcon_core.package_identification:_identify(src/rmitbot_vision/stop_sign_control) by extension 'ignore'
[0.278s] Level 1:colcon.colcon_core.package_identification:_identify(src/rmitbot_vision/stop_sign_control) by extension 'ignore_ament_install'
[0.278s] Level 1:colcon.colcon_core.package_identification:_identify(src/rmitbot_vision/stop_sign_control) by extensions ['colcon_pkg']
[0.278s] Level 1:colcon.colcon_core.package_identification:_identify(src/rmitbot_vision/stop_sign_control) by extension 'colcon_pkg'
[0.278s] Level 1:colcon.colcon_core.package_identification:_identify(src/rmitbot_vision/stop_sign_control) by extensions ['colcon_meta']
[0.278s] Level 1:colcon.colcon_core.package_identification:_identify(src/rmitbot_vision/stop_sign_control) by extension 'colcon_meta'
[0.278s] Level 1:colcon.colcon_core.package_identification:_identify(src/rmitbot_vision/stop_sign_control) by extensions ['ros']
[0.278s] Level 1:colcon.colcon_core.package_identification:_identify(src/rmitbot_vision/stop_sign_control) by extension 'ros'
[0.279s] DEBUG:colcon.colcon_core.package_identification:Package 'src/rmitbot_vision/stop_sign_control' with type 'ros.ament_python' and name 'stop_sign_control'
[0.279s] Level 1:colcon.colcon_core.package_identification:_identify(src/rmitbot_vision/vision_opencv) by extensions ['ignore', 'ignore_ament_install']
[0.279s] Level 1:colcon.colcon_core.package_identification:_identify(src/rmitbot_vision/vision_opencv) by extension 'ignore'
[0.280s] Level 1:colcon.colcon_core.package_identification:_identify(src/rmitbot_vision/vision_opencv) by extension 'ignore_ament_install'
[0.280s] Level 1:colcon.colcon_core.package_identification:_identify(src/rmitbot_vision/vision_opencv) by extensions ['colcon_pkg']
[0.280s] Level 1:colcon.colcon_core.package_identification:_identify(src/rmitbot_vision/vision_opencv) by extension 'colcon_pkg'
[0.280s] Level 1:colcon.colcon_core.package_identification:_identify(src/rmitbot_vision/vision_opencv) by extensions ['colcon_meta']
[0.280s] Level 1:colcon.colcon_core.package_identification:_identify(src/rmitbot_vision/vision_opencv) by extension 'colcon_meta'
[0.280s] Level 1:colcon.colcon_core.package_identification:_identify(src/rmitbot_vision/vision_opencv) by extensions ['ros']
[0.280s] Level 1:colcon.colcon_core.package_identification:_identify(src/rmitbot_vision/vision_opencv) by extension 'ros'
[0.280s] Level 1:colcon.colcon_core.package_identification:_identify(src/rmitbot_vision/vision_opencv) by extensions ['cmake', 'python']
[0.280s] Level 1:colcon.colcon_core.package_identification:_identify(src/rmitbot_vision/vision_opencv) by extension 'cmake'
[0.280s] Level 1:colcon.colcon_core.package_identification:_identify(src/rmitbot_vision/vision_opencv) by extension 'python'
[0.280s] Level 1:colcon.colcon_core.package_identification:_identify(src/rmitbot_vision/vision_opencv) by extensions ['python_setup_py']
[0.280s] Level 1:colcon.colcon_core.package_identification:_identify(src/rmitbot_vision/vision_opencv) by extension 'python_setup_py'
[0.280s] Level 1:colcon.colcon_core.package_identification:_identify(src/rmitbot_vision/vision_opencv/cv_bridge) by extensions ['ignore', 'ignore_ament_install']
[0.280s] Level 1:colcon.colcon_core.package_identification:_identify(src/rmitbot_vision/vision_opencv/cv_bridge) by extension 'ignore'
[0.280s] Level 1:colcon.colcon_core.package_identification:_identify(src/rmitbot_vision/vision_opencv/cv_bridge) by extension 'ignore_ament_install'
[0.281s] Level 1:colcon.colcon_core.package_identification:_identify(src/rmitbot_vision/vision_opencv/cv_bridge) by extensions ['colcon_pkg']
[0.281s] Level 1:colcon.colcon_core.package_identification:_identify(src/rmitbot_vision/vision_opencv/cv_bridge) by extension 'colcon_pkg'
[0.281s] Level 1:colcon.colcon_core.package_identification:_identify(src/rmitbot_vision/vision_opencv/cv_bridge) by extensions ['colcon_meta']
[0.281s] Level 1:colcon.colcon_core.package_identification:_identify(src/rmitbot_vision/vision_opencv/cv_bridge) by extension 'colcon_meta'
[0.281s] Level 1:colcon.colcon_core.package_identification:_identify(src/rmitbot_vision/vision_opencv/cv_bridge) by extensions ['ros']
[0.281s] Level 1:colcon.colcon_core.package_identification:_identify(src/rmitbot_vision/vision_opencv/cv_bridge) by extension 'ros'
[0.282s] DEBUG:colcon.colcon_core.package_identification:Package 'src/rmitbot_vision/vision_opencv/cv_bridge' with type 'ros.ament_cmake' and name 'cv_bridge'
[0.282s] Level 1:colcon.colcon_core.package_identification:_identify(src/rmitbot_vision/vision_opencv/image_geometry) by extensions ['ignore', 'ignore_ament_install']
[0.282s] Level 1:colcon.colcon_core.package_identification:_identify(src/rmitbot_vision/vision_opencv/image_geometry) by extension 'ignore'
[0.282s] Level 1:colcon.colcon_core.package_identification:_identify(src/rmitbot_vision/vision_opencv/image_geometry) by extension 'ignore_ament_install'
[0.282s] Level 1:colcon.colcon_core.package_identification:_identify(src/rmitbot_vision/vision_opencv/image_geometry) by extensions ['colcon_pkg']
[0.282s] Level 1:colcon.colcon_core.package_identification:_identify(src/rmitbot_vision/vision_opencv/image_geometry) by extension 'colcon_pkg'
[0.282s] Level 1:colcon.colcon_core.package_identification:_identify(src/rmitbot_vision/vision_opencv/image_geometry) by extensions ['colcon_meta']
[0.282s] Level 1:colcon.colcon_core.package_identification:_identify(src/rmitbot_vision/vision_opencv/image_geometry) by extension 'colcon_meta'
[0.282s] Level 1:colcon.colcon_core.package_identification:_identify(src/rmitbot_vision/vision_opencv/image_geometry) by extensions ['ros']
[0.282s] Level 1:colcon.colcon_core.package_identification:_identify(src/rmitbot_vision/vision_opencv/image_geometry) by extension 'ros'
[0.283s] DEBUG:colcon.colcon_core.package_identification:Package 'src/rmitbot_vision/vision_opencv/image_geometry' with type 'ros.ament_cmake' and name 'image_geometry'
[0.283s] Level 1:colcon.colcon_core.package_identification:_identify(src/rmitbot_vision/vision_opencv/opencv_tests) by extensions ['ignore', 'ignore_ament_install']
[0.284s] Level 1:colcon.colcon_core.package_identification:_identify(src/rmitbot_vision/vision_opencv/opencv_tests) by extension 'ignore'
[0.284s] Level 1:colcon.colcon_core.package_identification:_identify(src/rmitbot_vision/vision_opencv/opencv_tests) by extension 'ignore_ament_install'
[0.284s] Level 1:colcon.colcon_core.package_identification:_identify(src/rmitbot_vision/vision_opencv/opencv_tests) by extensions ['colcon_pkg']
[0.284s] Level 1:colcon.colcon_core.package_identification:_identify(src/rmitbot_vision/vision_opencv/opencv_tests) by extension 'colcon_pkg'
[0.284s] Level 1:colcon.colcon_core.package_identification:_identify(src/rmitbot_vision/vision_opencv/opencv_tests) by extensions ['colcon_meta']
[0.284s] Level 1:colcon.colcon_core.package_identification:_identify(src/rmitbot_vision/vision_opencv/opencv_tests) by extension 'colcon_meta'
[0.284s] Level 1:colcon.colcon_core.package_identification:_identify(src/rmitbot_vision/vision_opencv/opencv_tests) by extensions ['ros']
[0.284s] Level 1:colcon.colcon_core.package_identification:_identify(src/rmitbot_vision/vision_opencv/opencv_tests) by extension 'ros'
[0.285s] DEBUG:colcon.colcon_core.package_identification:Package 'src/rmitbot_vision/vision_opencv/opencv_tests' with type 'ros.ament_python' and name 'opencv_tests'
[0.285s] Level 1:colcon.colcon_core.package_identification:_identify(src/rmitbot_vision/vision_opencv/vision_opencv) by extensions ['ignore', 'ignore_ament_install']
[0.285s] Level 1:colcon.colcon_core.package_identification:_identify(src/rmitbot_vision/vision_opencv/vision_opencv) by extension 'ignore'
[0.285s] Level 1:colcon.colcon_core.package_identification:_identify(src/rmitbot_vision/vision_opencv/vision_opencv) by extension 'ignore_ament_install'
[0.285s] Level 1:colcon.colcon_core.package_identification:_identify(src/rmitbot_vision/vision_opencv/vision_opencv) by extensions ['colcon_pkg']
[0.285s] Level 1:colcon.colcon_core.package_identification:_identify(src/rmitbot_vision/vision_opencv/vision_opencv) by extension 'colcon_pkg'
[0.285s] Level 1:colcon.colcon_core.package_identification:_identify(src/rmitbot_vision/vision_opencv/vision_opencv) by extensions ['colcon_meta']
[0.285s] Level 1:colcon.colcon_core.package_identification:_identify(src/rmitbot_vision/vision_opencv/vision_opencv) by extension 'colcon_meta'
[0.285s] Level 1:colcon.colcon_core.package_identification:_identify(src/rmitbot_vision/vision_opencv/vision_opencv) by extensions ['ros']
[0.285s] Level 1:colcon.colcon_core.package_identification:_identify(src/rmitbot_vision/vision_opencv/vision_opencv) by extension 'ros'
[0.286s] DEBUG:colcon.colcon_core.package_identification:Package 'src/rmitbot_vision/vision_opencv/vision_opencv' with type 'ros.ament_cmake' and name 'vision_opencv'
[0.286s] Level 1:colcon.colcon_core.package_discovery:discover_packages(recursive) using defaults
[0.286s] Level 1:colcon.colcon_core.package_discovery:discover_packages(ignore) discover
[0.286s] Level 1:colcon.colcon_core.package_discovery:discover_packages(ignore) using defaults
[0.286s] Level 1:colcon.colcon_core.package_discovery:discover_packages(path) discover
[0.286s] Level 1:colcon.colcon_core.package_discovery:discover_packages(path) using defaults
[0.318s] Level 5:colcon.colcon_core.verb:set package 'Darknet' build argument 'cmake_args' from command line to 'None'
[0.318s] Level 5:colcon.colcon_core.verb:set package 'Darknet' build argument 'cmake_target' from command line to 'None'
[0.318s] Level 5:colcon.colcon_core.verb:set package 'Darknet' build argument 'cmake_target_skip_unavailable' from command line to 'False'
[0.318s] Level 5:colcon.colcon_core.verb:set package 'Darknet' build argument 'cmake_clean_cache' from command line to 'False'
[0.318s] Level 5:colcon.colcon_core.verb:set package 'Darknet' build argument 'cmake_clean_first' from command line to 'False'
[0.318s] Level 5:colcon.colcon_core.verb:set package 'Darknet' build argument 'cmake_force_configure' from command line to 'False'
[0.318s] Level 5:colcon.colcon_core.verb:set package 'Darknet' build argument 'ament_cmake_args' from command line to 'None'
[0.318s] Level 5:colcon.colcon_core.verb:set package 'Darknet' build argument 'catkin_cmake_args' from command line to 'None'
[0.318s] Level 5:colcon.colcon_core.verb:set package 'Darknet' build argument 'catkin_skip_building_tests' from command line to 'False'
[0.318s] DEBUG:colcon.colcon_core.verb:Building package 'Darknet' with the following arguments: {'ament_cmake_args': None, 'build_base': '/home/ngan/Documents/test_github/lesson6_ws/build/Darknet', 'catkin_cmake_args': None, 'catkin_skip_building_tests': False, 'cmake_args': None, 'cmake_clean_cache': False, 'cmake_clean_first': False, 'cmake_force_configure': False, 'cmake_target': None, 'cmake_target_skip_unavailable': False, 'install_base': '/home/ngan/Documents/test_github/lesson6_ws/install/Darknet', 'merge_install': False, 'path': '/home/ngan/Documents/test_github/lesson6_ws/src/rmitbot_vision/darknet_ros/darknet_ros/darknet', 'symlink_install': False, 'test_result_base': None}
[0.319s] Level 5:colcon.colcon_core.verb:set package 'cv_bridge' build argument 'cmake_args' from command line to 'None'
[0.319s] Level 5:colcon.colcon_core.verb:set package 'cv_bridge' build argument 'cmake_target' from command line to 'None'
[0.319s] Level 5:colcon.colcon_core.verb:set package 'cv_bridge' build argument 'cmake_target_skip_unavailable' from command line to 'False'
[0.319s] Level 5:colcon.colcon_core.verb:set package 'cv_bridge' build argument 'cmake_clean_cache' from command line to 'False'
[0.319s] Level 5:colcon.colcon_core.verb:set package 'cv_bridge' build argument 'cmake_clean_first' from command line to 'False'
[0.319s] Level 5:colcon.colcon_core.verb:set package 'cv_bridge' build argument 'cmake_force_configure' from command line to 'False'
[0.319s] Level 5:colcon.colcon_core.verb:set package 'cv_bridge' build argument 'ament_cmake_args' from command line to 'None'
[0.319s] Level 5:colcon.colcon_core.verb:set package 'cv_bridge' build argument 'catkin_cmake_args' from command line to 'None'
[0.319s] Level 5:colcon.colcon_core.verb:set package 'cv_bridge' build argument 'catkin_skip_building_tests' from command line to 'False'
[0.319s] DEBUG:colcon.colcon_core.verb:Building package 'cv_bridge' with the following arguments: {'ament_cmake_args': None, 'build_base': '/home/ngan/Documents/test_github/lesson6_ws/build/cv_bridge', 'catkin_cmake_args': None, 'catkin_skip_building_tests': False, 'cmake_args': None, 'cmake_clean_cache': False, 'cmake_clean_first': False, 'cmake_force_configure': False, 'cmake_target': None, 'cmake_target_skip_unavailable': False, 'install_base': '/home/ngan/Documents/test_github/lesson6_ws/install/cv_bridge', 'merge_install': False, 'path': '/home/ngan/Documents/test_github/lesson6_ws/src/rmitbot_vision/vision_opencv/cv_bridge', 'symlink_install': False, 'test_result_base': None}
[0.320s] Level 5:colcon.colcon_core.verb:set package 'darknet_ros_msgs' build argument 'cmake_args' from command line to 'None'
[0.320s] Level 5:colcon.colcon_core.verb:set package 'darknet_ros_msgs' build argument 'cmake_target' from command line to 'None'
[0.320s] Level 5:colcon.colcon_core.verb:set package 'darknet_ros_msgs' build argument 'cmake_target_skip_unavailable' from command line to 'False'
[0.320s] Level 5:colcon.colcon_core.verb:set package 'darknet_ros_msgs' build argument 'cmake_clean_cache' from command line to 'False'
[0.320s] Level 5:colcon.colcon_core.verb:set package 'darknet_ros_msgs' build argument 'cmake_clean_first' from command line to 'False'
[0.320s] Level 5:colcon.colcon_core.verb:set package 'darknet_ros_msgs' build argument 'cmake_force_configure' from command line to 'False'
[0.320s] Level 5:colcon.colcon_core.verb:set package 'darknet_ros_msgs' build argument 'ament_cmake_args' from command line to 'None'
[0.320s] Level 5:colcon.colcon_core.verb:set package 'darknet_ros_msgs' build argument 'catkin_cmake_args' from command line to 'None'
[0.320s] Level 5:colcon.colcon_core.verb:set package 'darknet_ros_msgs' build argument 'catkin_skip_building_tests' from command line to 'False'
[0.320s] DEBUG:colcon.colcon_core.verb:Building package 'darknet_ros_msgs' with the following arguments: {'ament_cmake_args': None, 'build_base': '/home/ngan/Documents/test_github/lesson6_ws/build/darknet_ros_msgs', 'catkin_cmake_args': None, 'catkin_skip_building_tests': False, 'cmake_args': None, 'cmake_clean_cache': False, 'cmake_clean_first': False, 'cmake_force_configure': False, 'cmake_target': None, 'cmake_target_skip_unavailable': False, 'install_base': '/home/ngan/Documents/test_github/lesson6_ws/install/darknet_ros_msgs', 'merge_install': False, 'path': '/home/ngan/Documents/test_github/lesson6_ws/src/rmitbot_vision/darknet_ros/darknet_ros/darknet_ros_msgs', 'symlink_install': False, 'test_result_base': None}
[0.320s] Level 5:colcon.colcon_core.verb:set package 'image_geometry' build argument 'cmake_args' from command line to 'None'
[0.321s] Level 5:colcon.colcon_core.verb:set package 'image_geometry' build argument 'cmake_target' from command line to 'None'
[0.321s] Level 5:colcon.colcon_core.verb:set package 'image_geometry' build argument 'cmake_target_skip_unavailable' from command line to 'False'
[0.321s] Level 5:colcon.colcon_core.verb:set package 'image_geometry' build argument 'cmake_clean_cache' from command line to 'False'
[0.321s] Level 5:colcon.colcon_core.verb:set package 'image_geometry' build argument 'cmake_clean_first' from command line to 'False'
[0.321s] Level 5:colcon.colcon_core.verb:set package 'image_geometry' build argument 'cmake_force_configure' from command line to 'False'
[0.321s] Level 5:colcon.colcon_core.verb:set package 'image_geometry' build argument 'ament_cmake_args' from command line to 'None'
[0.321s] Level 5:colcon.colcon_core.verb:set package 'image_geometry' build argument 'catkin_cmake_args' from command line to 'None'
[0.321s] Level 5:colcon.colcon_core.verb:set package 'image_geometry' build argument 'catkin_skip_building_tests' from command line to 'False'
[0.321s] DEBUG:colcon.colcon_core.verb:Building package 'image_geometry' with the following arguments: {'ament_cmake_args': None, 'build_base': '/home/ngan/Documents/test_github/lesson6_ws/build/image_geometry', 'catkin_cmake_args': None, 'catkin_skip_building_tests': False, 'cmake_args': None, 'cmake_clean_cache': False, 'cmake_clean_first': False, 'cmake_force_configure': False, 'cmake_target': None, 'cmake_target_skip_unavailable': False, 'install_base': '/home/ngan/Documents/test_github/lesson6_ws/install/image_geometry', 'merge_install': False, 'path': '/home/ngan/Documents/test_github/lesson6_ws/src/rmitbot_vision/vision_opencv/image_geometry', 'symlink_install': False, 'test_result_base': None}
[0.322s] Level 5:colcon.colcon_core.verb:set package 'rmitbot_bringup' build argument 'cmake_args' from command line to 'None'
[0.322s] Level 5:colcon.colcon_core.verb:set package 'rmitbot_bringup' build argument 'cmake_target' from command line to 'None'
[0.322s] Level 5:colcon.colcon_core.verb:set package 'rmitbot_bringup' build argument 'cmake_target_skip_unavailable' from command line to 'False'
[0.322s] Level 5:colcon.colcon_core.verb:set package 'rmitbot_bringup' build argument 'cmake_clean_cache' from command line to 'False'
[0.322s] Level 5:colcon.colcon_core.verb:set package 'rmitbot_bringup' build argument 'cmake_clean_first' from command line to 'False'
[0.322s] Level 5:colcon.colcon_core.verb:set package 'rmitbot_bringup' build argument 'cmake_force_configure' from command line to 'False'
[0.322s] Level 5:colcon.colcon_core.verb:set package 'rmitbot_bringup' build argument 'ament_cmake_args' from command line to 'None'
[0.322s] Level 5:colcon.colcon_core.verb:set package 'rmitbot_bringup' build argument 'catkin_cmake_args' from command line to 'None'
[0.322s] Level 5:colcon.colcon_core.verb:set package 'rmitbot_bringup' build argument 'catkin_skip_building_tests' from command line to 'False'
[0.322s] DEBUG:colcon.colcon_core.verb:Building package 'rmitbot_bringup' with the following arguments: {'ament_cmake_args': None, 'build_base': '/home/ngan/Documents/test_github/lesson6_ws/build/rmitbot_bringup', 'catkin_cmake_args': None, 'catkin_skip_building_tests': False, 'cmake_args': None, 'cmake_clean_cache': False, 'cmake_clean_first': False, 'cmake_force_configure': False, 'cmake_target': None, 'cmake_target_skip_unavailable': False, 'install_base': '/home/ngan/Documents/test_github/lesson6_ws/install/rmitbot_bringup', 'merge_install': False, 'path': '/home/ngan/Documents/test_github/lesson6_ws/src/rmitbot_bringup', 'symlink_install': False, 'test_result_base': None}
[0.323s] Level 5:colcon.colcon_core.verb:set package 'rmitbot_controller' build argument 'cmake_args' from command line to 'None'
[0.323s] Level 5:colcon.colcon_core.verb:set package 'rmitbot_controller' build argument 'cmake_target' from command line to 'None'
[0.323s] Level 5:colcon.colcon_core.verb:set package 'rmitbot_controller' build argument 'cmake_target_skip_unavailable' from command line to 'False'
[0.323s] Level 5:colcon.colcon_core.verb:set package 'rmitbot_controller' build argument 'cmake_clean_cache' from command line to 'False'
[0.323s] Level 5:colcon.colcon_core.verb:set package 'rmitbot_controller' build argument 'cmake_clean_first' from command line to 'False'
[0.323s] Level 5:colcon.colcon_core.verb:set package 'rmitbot_controller' build argument 'cmake_force_configure' from command line to 'False'
[0.323s] Level 5:colcon.colcon_core.verb:set package 'rmitbot_controller' build argument 'ament_cmake_args' from command line to 'None'
[0.324s] Level 5:colcon.colcon_core.verb:set package 'rmitbot_controller' build argument 'catkin_cmake_args' from command line to 'None'
[0.324s] Level 5:colcon.colcon_core.verb:set package 'rmitbot_controller' build argument 'catkin_skip_building_tests' from command line to 'False'
[0.324s] DEBUG:colcon.colcon_core.verb:Building package 'rmitbot_controller' with the following arguments: {'ament_cmake_args': None, 'build_base': '/home/ngan/Documents/test_github/lesson6_ws/build/rmitbot_controller', 'catkin_cmake_args': None, 'catkin_skip_building_tests': False, 'cmake_args': None, 'cmake_clean_cache': False, 'cmake_clean_first': False, 'cmake_force_configure': False, 'cmake_target': None, 'cmake_target_skip_unavailable': False, 'install_base': '/home/ngan/Documents/test_github/lesson6_ws/install/rmitbot_controller', 'merge_install': False, 'path': '/home/ngan/Documents/test_github/lesson6_ws/src/rmitbot_controller', 'symlink_install': False, 'test_result_base': None}
[0.325s] Level 5:colcon.colcon_core.verb:set package 'rmitbot_description' build argument 'cmake_args' from command line to 'None'
[0.325s] Level 5:colcon.colcon_core.verb:set package 'rmitbot_description' build argument 'cmake_target' from command line to 'None'
[0.325s] Level 5:colcon.colcon_core.verb:set package 'rmitbot_description' build argument 'cmake_target_skip_unavailable' from command line to 'False'
[0.325s] Level 5:colcon.colcon_core.verb:set package 'rmitbot_description' build argument 'cmake_clean_cache' from command line to 'False'
[0.325s] Level 5:colcon.colcon_core.verb:set package 'rmitbot_description' build argument 'cmake_clean_first' from command line to 'False'
[0.325s] Level 5:colcon.colcon_core.verb:set package 'rmitbot_description' build argument 'cmake_force_configure' from command line to 'False'
[0.325s] Level 5:colcon.colcon_core.verb:set package 'rmitbot_description' build argument 'ament_cmake_args' from command line to 'None'
[0.325s] Level 5:colcon.colcon_core.verb:set package 'rmitbot_description' build argument 'catkin_cmake_args' from command line to 'None'
[0.325s] Level 5:colcon.colcon_core.verb:set package 'rmitbot_description' build argument 'catkin_skip_building_tests' from command line to 'False'
[0.325s] DEBUG:colcon.colcon_core.verb:Building package 'rmitbot_description' with the following arguments: {'ament_cmake_args': None, 'build_base': '/home/ngan/Documents/test_github/lesson6_ws/build/rmitbot_description', 'catkin_cmake_args': None, 'catkin_skip_building_tests': False, 'cmake_args': None, 'cmake_clean_cache': False, 'cmake_clean_first': False, 'cmake_force_configure': False, 'cmake_target': None, 'cmake_target_skip_unavailable': False, 'install_base': '/home/ngan/Documents/test_github/lesson6_ws/install/rmitbot_description', 'merge_install': False, 'path': '/home/ngan/Documents/test_github/lesson6_ws/src/rmitbot_description', 'symlink_install': False, 'test_result_base': None}
[0.326s] Level 5:colcon.colcon_core.verb:set package 'rmitbot_firmware' build argument 'cmake_args' from command line to 'None'
[0.326s] Level 5:colcon.colcon_core.verb:set package 'rmitbot_firmware' build argument 'cmake_target' from command line to 'None'
[0.326s] Level 5:colcon.colcon_core.verb:set package 'rmitbot_firmware' build argument 'cmake_target_skip_unavailable' from command line to 'False'
[0.326s] Level 5:colcon.colcon_core.verb:set package 'rmitbot_firmware' build argument 'cmake_clean_cache' from command line to 'False'
[0.326s] Level 5:colcon.colcon_core.verb:set package 'rmitbot_firmware' build argument 'cmake_clean_first' from command line to 'False'
[0.326s] Level 5:colcon.colcon_core.verb:set package 'rmitbot_firmware' build argument 'cmake_force_configure' from command line to 'False'
[0.327s] Level 5:colcon.colcon_core.verb:set package 'rmitbot_firmware' build argument 'ament_cmake_args' from command line to 'None'
[0.327s] Level 5:colcon.colcon_core.verb:set package 'rmitbot_firmware' build argument 'catkin_cmake_args' from command line to 'None'
[0.327s] Level 5:colcon.colcon_core.verb:set package 'rmitbot_firmware' build argument 'catkin_skip_building_tests' from command line to 'False'
[0.327s] DEBUG:colcon.colcon_core.verb:Building package 'rmitbot_firmware' with the following arguments: {'ament_cmake_args': None, 'build_base': '/home/ngan/Documents/test_github/lesson6_ws/build/rmitbot_firmware', 'catkin_cmake_args': None, 'catkin_skip_building_tests': False, 'cmake_args': None, 'cmake_clean_cache': False, 'cmake_clean_first': False, 'cmake_force_configure': False, 'cmake_target': None, 'cmake_target_skip_unavailable': False, 'install_base': '/home/ngan/Documents/test_github/lesson6_ws/install/rmitbot_firmware', 'merge_install': False, 'path': '/home/ngan/Documents/test_github/lesson6_ws/src/rmitbot_firmware', 'symlink_install': False, 'test_result_base': None}
[0.328s] Level 5:colcon.colcon_core.verb:set package 'rmitbot_localization' build argument 'cmake_args' from command line to 'None'
[0.328s] Level 5:colcon.colcon_core.verb:set package 'rmitbot_localization' build argument 'cmake_target' from command line to 'None'
[0.328s] Level 5:colcon.colcon_core.verb:set package 'rmitbot_localization' build argument 'cmake_target_skip_unavailable' from command line to 'False'
[0.328s] Level 5:colcon.colcon_core.verb:set package 'rmitbot_localization' build argument 'cmake_clean_cache' from command line to 'False'
[0.328s] Level 5:colcon.colcon_core.verb:set package 'rmitbot_localization' build argument 'cmake_clean_first' from command line to 'False'
[0.328s] Level 5:colcon.colcon_core.verb:set package 'rmitbot_localization' build argument 'cmake_force_configure' from command line to 'False'
[0.328s] Level 5:colcon.colcon_core.verb:set package 'rmitbot_localization' build argument 'ament_cmake_args' from command line to 'None'
[0.328s] Level 5:colcon.colcon_core.verb:set package 'rmitbot_localization' build argument 'catkin_cmake_args' from command line to 'None'
[0.328s] Level 5:colcon.colcon_core.verb:set package 'rmitbot_localization' build argument 'catkin_skip_building_tests' from command line to 'False'
[0.328s] DEBUG:colcon.colcon_core.verb:Building package 'rmitbot_localization' with the following arguments: {'ament_cmake_args': None, 'build_base': '/home/ngan/Documents/test_github/lesson6_ws/build/rmitbot_localization', 'catkin_cmake_args': None, 'catkin_skip_building_tests': False, 'cmake_args': None, 'cmake_clean_cache': False, 'cmake_clean_first': False, 'cmake_force_configure': False, 'cmake_target': None, 'cmake_target_skip_unavailable': False, 'install_base': '/home/ngan/Documents/test_github/lesson6_ws/install/rmitbot_localization', 'merge_install': False, 'path': '/home/ngan/Documents/test_github/lesson6_ws/src/rmitbot_localization', 'symlink_install': False, 'test_result_base': None}
[0.329s] Level 5:colcon.colcon_core.verb:set package 'rmitbot_mapping' build argument 'cmake_args' from command line to 'None'
[0.329s] Level 5:colcon.colcon_core.verb:set package 'rmitbot_mapping' build argument 'cmake_target' from command line to 'None'
[0.329s] Level 5:colcon.colcon_core.verb:set package 'rmitbot_mapping' build argument 'cmake_target_skip_unavailable' from command line to 'False'
[0.329s] Level 5:colcon.colcon_core.verb:set package 'rmitbot_mapping' build argument 'cmake_clean_cache' from command line to 'False'
[0.329s] Level 5:colcon.colcon_core.verb:set package 'rmitbot_mapping' build argument 'cmake_clean_first' from command line to 'False'
[0.329s] Level 5:colcon.colcon_core.verb:set package 'rmitbot_mapping' build argument 'cmake_force_configure' from command line to 'False'
[0.329s] Level 5:colcon.colcon_core.verb:set package 'rmitbot_mapping' build argument 'ament_cmake_args' from command line to 'None'
[0.329s] Level 5:colcon.colcon_core.verb:set package 'rmitbot_mapping' build argument 'catkin_cmake_args' from command line to 'None'
[0.329s] Level 5:colcon.colcon_core.verb:set package 'rmitbot_mapping' build argument 'catkin_skip_building_tests' from command line to 'False'
[0.329s] DEBUG:colcon.colcon_core.verb:Building package 'rmitbot_mapping' with the following arguments: {'ament_cmake_args': None, 'build_base': '/home/ngan/Documents/test_github/lesson6_ws/build/rmitbot_mapping', 'catkin_cmake_args': None, 'catkin_skip_building_tests': False, 'cmake_args': None, 'cmake_clean_cache': False, 'cmake_clean_first': False, 'cmake_force_configure': False, 'cmake_target': None, 'cmake_target_skip_unavailable': False, 'install_base': '/home/ngan/Documents/test_github/lesson6_ws/install/rmitbot_mapping', 'merge_install': False, 'path': '/home/ngan/Documents/test_github/lesson6_ws/src/rmitbot_mapping', 'symlink_install': False, 'test_result_base': None}
[0.330s] Level 5:colcon.colcon_core.verb:set package 'darknet_ros' build argument 'cmake_args' from command line to 'None'
[0.330s] Level 5:colcon.colcon_core.verb:set package 'darknet_ros' build argument 'cmake_target' from command line to 'None'
[0.330s] Level 5:colcon.colcon_core.verb:set package 'darknet_ros' build argument 'cmake_target_skip_unavailable' from command line to 'False'
[0.330s] Level 5:colcon.colcon_core.verb:set package 'darknet_ros' build argument 'cmake_clean_cache' from command line to 'False'
[0.330s] Level 5:colcon.colcon_core.verb:set package 'darknet_ros' build argument 'cmake_clean_first' from command line to 'False'
[0.330s] Level 5:colcon.colcon_core.verb:set package 'darknet_ros' build argument 'cmake_force_configure' from command line to 'False'
[0.330s] Level 5:colcon.colcon_core.verb:set package 'darknet_ros' build argument 'ament_cmake_args' from command line to 'None'
[0.331s] Level 5:colcon.colcon_core.verb:set package 'darknet_ros' build argument 'catkin_cmake_args' from command line to 'None'
[0.331s] Level 5:colcon.colcon_core.verb:set package 'darknet_ros' build argument 'catkin_skip_building_tests' from command line to 'False'
[0.331s] DEBUG:colcon.colcon_core.verb:Building package 'darknet_ros' with the following arguments: {'ament_cmake_args': None, 'build_base': '/home/ngan/Documents/test_github/lesson6_ws/build/darknet_ros', 'catkin_cmake_args': None, 'catkin_skip_building_tests': False, 'cmake_args': None, 'cmake_clean_cache': False, 'cmake_clean_first': False, 'cmake_force_configure': False, 'cmake_target': None, 'cmake_target_skip_unavailable': False, 'install_base': '/home/ngan/Documents/test_github/lesson6_ws/install/darknet_ros', 'merge_install': False, 'path': '/home/ngan/Documents/test_github/lesson6_ws/src/rmitbot_vision/darknet_ros/darknet_ros/darknet_ros', 'symlink_install': False, 'test_result_base': None}
[0.331s] Level 5:colcon.colcon_core.verb:set package 'opencv_tests' build argument 'cmake_args' from command line to 'None'
[0.331s] Level 5:colcon.colcon_core.verb:set package 'opencv_tests' build argument 'cmake_target' from command line to 'None'
[0.331s] Level 5:colcon.colcon_core.verb:set package 'opencv_tests' build argument 'cmake_target_skip_unavailable' from command line to 'False'
[0.331s] Level 5:colcon.colcon_core.verb:set package 'opencv_tests' build argument 'cmake_clean_cache' from command line to 'False'
[0.331s] Level 5:colcon.colcon_core.verb:set package 'opencv_tests' build argument 'cmake_clean_first' from command line to 'False'
[0.331s] Level 5:colcon.colcon_core.verb:set package 'opencv_tests' build argument 'cmake_force_configure' from command line to 'False'
[0.331s] Level 5:colcon.colcon_core.verb:set package 'opencv_tests' build argument 'ament_cmake_args' from command line to 'None'
[0.331s] Level 5:colcon.colcon_core.verb:set package 'opencv_tests' build argument 'catkin_cmake_args' from command line to 'None'
[0.331s] Level 5:colcon.colcon_core.verb:set package 'opencv_tests' build argument 'catkin_skip_building_tests' from command line to 'False'
[0.331s] DEBUG:colcon.colcon_core.verb:Building package 'opencv_tests' with the following arguments: {'ament_cmake_args': None, 'build_base': '/home/ngan/Documents/test_github/lesson6_ws/build/opencv_tests', 'catkin_cmake_args': None, 'catkin_skip_building_tests': False, 'cmake_args': None, 'cmake_clean_cache': False, 'cmake_clean_first': False, 'cmake_force_configure': False, 'cmake_target': None, 'cmake_target_skip_unavailable': False, 'install_base': '/home/ngan/Documents/test_github/lesson6_ws/install/opencv_tests', 'merge_install': False, 'path': '/home/ngan/Documents/test_github/lesson6_ws/src/rmitbot_vision/vision_opencv/opencv_tests', 'symlink_install': False, 'test_result_base': None}
[0.332s] Level 5:colcon.colcon_core.verb:set package 'stop_sign_control' build argument 'cmake_args' from command line to 'None'
[0.332s] Level 5:colcon.colcon_core.verb:set package 'stop_sign_control' build argument 'cmake_target' from command line to 'None'
[0.332s] Level 5:colcon.colcon_core.verb:set package 'stop_sign_control' build argument 'cmake_target_skip_unavailable' from command line to 'False'
[0.332s] Level 5:colcon.colcon_core.verb:set package 'stop_sign_control' build argument 'cmake_clean_cache' from command line to 'False'
[0.332s] Level 5:colcon.colcon_core.verb:set package 'stop_sign_control' build argument 'cmake_clean_first' from command line to 'False'
[0.332s] Level 5:colcon.colcon_core.verb:set package 'stop_sign_control' build argument 'cmake_force_configure' from command line to 'False'
[0.332s] Level 5:colcon.colcon_core.verb:set package 'stop_sign_control' build argument 'ament_cmake_args' from command line to 'None'
[0.332s] Level 5:colcon.colcon_core.verb:set package 'stop_sign_control' build argument 'catkin_cmake_args' from command line to 'None'
[0.332s] Level 5:colcon.colcon_core.verb:set package 'stop_sign_control' build argument 'catkin_skip_building_tests' from command line to 'False'
[0.332s] DEBUG:colcon.colcon_core.verb:Building package 'stop_sign_control' with the following arguments: {'ament_cmake_args': None, 'build_base': '/home/ngan/Documents/test_github/lesson6_ws/build/stop_sign_control', 'catkin_cmake_args': None, 'catkin_skip_building_tests': False, 'cmake_args': None, 'cmake_clean_cache': False, 'cmake_clean_first': False, 'cmake_force_configure': False, 'cmake_target': None, 'cmake_target_skip_unavailable': False, 'install_base': '/home/ngan/Documents/test_github/lesson6_ws/install/stop_sign_control', 'merge_install': False, 'path': '/home/ngan/Documents/test_github/lesson6_ws/src/rmitbot_vision/stop_sign_control', 'symlink_install': False, 'test_result_base': None}
[0.332s] Level 5:colcon.colcon_core.verb:set package 'vision_opencv' build argument 'cmake_args' from command line to 'None'
[0.332s] Level 5:colcon.colcon_core.verb:set package 'vision_opencv' build argument 'cmake_target' from command line to 'None'
[0.333s] Level 5:colcon.colcon_core.verb:set package 'vision_opencv' build argument 'cmake_target_skip_unavailable' from command line to 'False'
[0.333s] Level 5:colcon.colcon_core.verb:set package 'vision_opencv' build argument 'cmake_clean_cache' from command line to 'False'
[0.333s] Level 5:colcon.colcon_core.verb:set package 'vision_opencv' build argument 'cmake_clean_first' from command line to 'False'
[0.333s] Level 5:colcon.colcon_core.verb:set package 'vision_opencv' build argument 'cmake_force_configure' from command line to 'False'
[0.333s] Level 5:colcon.colcon_core.verb:set package 'vision_opencv' build argument 'ament_cmake_args' from command line to 'None'
[0.333s] Level 5:colcon.colcon_core.verb:set package 'vision_opencv' build argument 'catkin_cmake_args' from command line to 'None'
[0.333s] Level 5:colcon.colcon_core.verb:set package 'vision_opencv' build argument 'catkin_skip_building_tests' from command line to 'False'
[0.333s] DEBUG:colcon.colcon_core.verb:Building package 'vision_opencv' with the following arguments: {'ament_cmake_args': None, 'build_base': '/home/ngan/Documents/test_github/lesson6_ws/build/vision_opencv', 'catkin_cmake_args': None, 'catkin_skip_building_tests': False, 'cmake_args': None, 'cmake_clean_cache': False, 'cmake_clean_first': False, 'cmake_force_configure': False, 'cmake_target': None, 'cmake_target_skip_unavailable': False, 'install_base': '/home/ngan/Documents/test_github/lesson6_ws/install/vision_opencv', 'merge_install': False, 'path': '/home/ngan/Documents/test_github/lesson6_ws/src/rmitbot_vision/vision_opencv/vision_opencv', 'symlink_install': False, 'test_result_base': None}
[0.333s] INFO:colcon.colcon_core.executor:Executing jobs using 'parallel' executor
[0.335s] DEBUG:colcon.colcon_parallel_executor.executor.parallel:run_until_complete
[0.335s] INFO:colcon.colcon_ros.task.ament_cmake.build:Building ROS package in '/home/ngan/Documents/test_github/lesson6_ws/src/rmitbot_vision/vision_opencv/cv_bridge' with build type 'ament_cmake'
[0.335s] INFO:colcon.colcon_cmake.task.cmake.build:Building CMake package in '/home/ngan/Documents/test_github/lesson6_ws/src/rmitbot_vision/vision_opencv/cv_bridge'
[0.339s] INFO:colcon.colcon_core.plugin_system:Skipping extension 'colcon_core.shell.bat': Not used on non-Windows systems
[0.340s] DEBUG:colcon.colcon_core.shell:Skip shell extension 'dsv' for command environment
[0.352s] INFO:colcon.colcon_ros.task.ament_cmake.build:Building ROS package in '/home/ngan/Documents/test_github/lesson6_ws/src/rmitbot_vision/darknet_ros/darknet_ros/darknet_ros_msgs' with build type 'ament_cmake'
[0.352s] INFO:colcon.colcon_cmake.task.cmake.build:Building CMake package in '/home/ngan/Documents/test_github/lesson6_ws/src/rmitbot_vision/darknet_ros/darknet_ros/darknet_ros_msgs'
[0.352s] DEBUG:colcon.colcon_core.shell:Skip shell extension 'dsv' for command environment
[0.363s] INFO:colcon.colcon_ros.task.ament_cmake.build:Building ROS package in '/home/ngan/Documents/test_github/lesson6_ws/src/rmitbot_vision/vision_opencv/image_geometry' with build type 'ament_cmake'
[0.363s] INFO:colcon.colcon_cmake.task.cmake.build:Building CMake package in '/home/ngan/Documents/test_github/lesson6_ws/src/rmitbot_vision/vision_opencv/image_geometry'
[0.364s] DEBUG:colcon.colcon_core.shell:Skip shell extension 'dsv' for command environment
[0.376s] INFO:colcon.colcon_cmake.task.cmake.build:Building CMake package in '/home/ngan/Documents/test_github/lesson6_ws/src/rmitbot_vision/darknet_ros/darknet_ros/darknet'
[0.378s] DEBUG:colcon.colcon_core.shell:Skip shell extension 'dsv' for command environment
[0.424s] DEBUG:colcon.colcon_core.event_handler.log_command:Invoking command in '/home/ngan/Documents/test_github/lesson6_ws/build/cv_bridge': CMAKE_PREFIX_PATH=${CMAKE_PREFIX_PATH}:/home/ngan/Documents/test_github/lesson6_ws/install/stop_sign_control:/home/ngan/Documents/test_github/lesson6_ws/install/opencv_tests:/opt/ros/jazzy DEBUGINFOD_URLS=https://debuginfod.ubuntu.com /usr/bin/cmake --build /home/ngan/Documents/test_github/lesson6_ws/build/cv_bridge -- -j4 -l4
[0.432s] DEBUG:colcon.colcon_core.event_handler.log_command:Invoking command in '/home/ngan/Documents/test_github/lesson6_ws/build/darknet_ros_msgs': CMAKE_PREFIX_PATH=${CMAKE_PREFIX_PATH}:/home/ngan/Documents/test_github/lesson6_ws/install/stop_sign_control:/home/ngan/Documents/test_github/lesson6_ws/install/opencv_tests:/opt/ros/jazzy DEBUGINFOD_URLS=https://debuginfod.ubuntu.com /usr/bin/cmake --build /home/ngan/Documents/test_github/lesson6_ws/build/darknet_ros_msgs -- -j4 -l4
[0.440s] DEBUG:colcon.colcon_core.event_handler.log_command:Invoking command in '/home/ngan/Documents/test_github/lesson6_ws/build/image_geometry': CMAKE_PREFIX_PATH=${CMAKE_PREFIX_PATH}:/home/ngan/Documents/test_github/lesson6_ws/install/stop_sign_control:/home/ngan/Documents/test_github/lesson6_ws/install/opencv_tests:/opt/ros/jazzy DEBUGINFOD_URLS=https://debuginfod.ubuntu.com /usr/bin/cmake --build /home/ngan/Documents/test_github/lesson6_ws/build/image_geometry -- -j4 -l4
[0.448s] DEBUG:colcon.colcon_core.event_handler.log_command:Invoking command in '/home/ngan/Documents/test_github/lesson6_ws/build/Darknet': DEBUGINFOD_URLS=https://debuginfod.ubuntu.com /usr/bin/cmake --build /home/ngan/Documents/test_github/lesson6_ws/build/Darknet -- -j4 -l4
[1.036s] DEBUG:colcon.colcon_core.event_handler.log_command:Invoked command in '/home/ngan/Documents/test_github/lesson6_ws/build/Darknet' returned '0': DEBUGINFOD_URLS=https://debuginfod.ubuntu.com /usr/bin/cmake --build /home/ngan/Documents/test_github/lesson6_ws/build/Darknet -- -j4 -l4
[1.081s] DEBUG:colcon.colcon_core.event_handler.log_command:Invoking command in '/home/ngan/Documents/test_github/lesson6_ws/build/Darknet': DEBUGINFOD_URLS=https://debuginfod.ubuntu.com /usr/bin/cmake --install /home/ngan/Documents/test_github/lesson6_ws/build/Darknet
[1.138s] Level 1:colcon.colcon_core.environment:create_environment_scripts_only(Darknet)
[1.138s] DEBUG:colcon.colcon_core.event_handler.log_command:Invoked command in '/home/ngan/Documents/test_github/lesson6_ws/build/Darknet' returned '0': DEBUGINFOD_URLS=https://debuginfod.ubuntu.com /usr/bin/cmake --install /home/ngan/Documents/test_github/lesson6_ws/build/Darknet
[1.145s] Level 1:colcon.colcon_core.environment:checking '/home/ngan/Documents/test_github/lesson6_ws/install/Darknet' for CMake module files
[1.146s] Level 1:colcon.colcon_core.environment:checking '/home/ngan/Documents/test_github/lesson6_ws/install/Darknet' for CMake config files
[1.149s] Level 1:colcon.colcon_core.shell:create_environment_hook('Darknet', 'cmake_prefix_path')
[1.149s] INFO:colcon.colcon_core.shell:Creating environment descriptor '/home/ngan/Documents/test_github/lesson6_ws/install/Darknet/share/Darknet/hook/cmake_prefix_path.dsv'
[1.150s] INFO:colcon.colcon_core.shell:Creating environment hook '/home/ngan/Documents/test_github/lesson6_ws/install/Darknet/share/Darknet/hook/cmake_prefix_path.sh'
[1.154s] Level 1:colcon.colcon_core.environment:checking '/home/ngan/Documents/test_github/lesson6_ws/install/Darknet/bin'
[1.160s] Level 1:colcon.colcon_core.environment:checking '/home/ngan/Documents/test_github/lesson6_ws/install/Darknet/lib/pkgconfig/Darknet.pc'
[1.168s] Level 1:colcon.colcon_core.environment:checking '/home/ngan/Documents/test_github/lesson6_ws/install/Darknet/lib/python3.12/site-packages'
[1.168s] Level 1:colcon.colcon_core.environment:checking '/home/ngan/Documents/test_github/lesson6_ws/install/Darknet/bin'
[1.171s] INFO:colcon.colcon_core.shell:Creating package descriptor '/home/ngan/Documents/test_github/lesson6_ws/install/Darknet/share/Darknet/package.dsv'
[1.172s] INFO:colcon.colcon_core.shell:Creating package script '/home/ngan/Documents/test_github/lesson6_ws/install/Darknet/share/Darknet/package.sh'
[1.173s] INFO:colcon.colcon_core.shell:Creating package script '/home/ngan/Documents/test_github/lesson6_ws/install/Darknet/share/Darknet/package.bash'
[1.176s] INFO:colcon.colcon_core.shell:Creating package script '/home/ngan/Documents/test_github/lesson6_ws/install/Darknet/share/Darknet/package.zsh'
[1.179s] Level 1:colcon.colcon_core.environment:create_file_with_runtime_dependencies(/home/ngan/Documents/test_github/lesson6_ws/install/Darknet/share/colcon-core/packages/Darknet)
[1.183s] INFO:colcon.colcon_ros.task.ament_cmake.build:Building ROS package in '/home/ngan/Documents/test_github/lesson6_ws/src/rmitbot_bringup' with build type 'ament_cmake'
[1.183s] INFO:colcon.colcon_cmake.task.cmake.build:Building CMake package in '/home/ngan/Documents/test_github/lesson6_ws/src/rmitbot_bringup'
[1.184s] DEBUG:colcon.colcon_core.shell:Skip shell extension 'dsv' for command environment
[1.248s] DEBUG:colcon.colcon_core.event_handler.log_command:Invoking command in '/home/ngan/Documents/test_github/lesson6_ws/build/rmitbot_bringup': CMAKE_PREFIX_PATH=${CMAKE_PREFIX_PATH}:/home/ngan/Documents/test_github/lesson6_ws/install/stop_sign_control:/home/ngan/Documents/test_github/lesson6_ws/install/opencv_tests:/opt/ros/jazzy DEBUGINFOD_URLS=https://debuginfod.ubuntu.com /usr/bin/cmake --build /home/ngan/Documents/test_github/lesson6_ws/build/rmitbot_bringup -- -j4 -l4
[1.446s] DEBUG:colcon.colcon_core.event_handler.log_command:Invoked command in '/home/ngan/Documents/test_github/lesson6_ws/build/rmitbot_bringup' returned '0': CMAKE_PREFIX_PATH=${CMAKE_PREFIX_PATH}:/home/ngan/Documents/test_github/lesson6_ws/install/stop_sign_control:/home/ngan/Documents/test_github/lesson6_ws/install/opencv_tests:/opt/ros/jazzy DEBUGINFOD_URLS=https://debuginfod.ubuntu.com /usr/bin/cmake --build /home/ngan/Documents/test_github/lesson6_ws/build/rmitbot_bringup -- -j4 -l4
[1.452s] DEBUG:colcon.colcon_core.event_handler.log_command:Invoking command in '/home/ngan/Documents/test_github/lesson6_ws/build/rmitbot_bringup': CMAKE_PREFIX_PATH=${CMAKE_PREFIX_PATH}:/home/ngan/Documents/test_github/lesson6_ws/install/stop_sign_control:/home/ngan/Documents/test_github/lesson6_ws/install/opencv_tests:/opt/ros/jazzy DEBUGINFOD_URLS=https://debuginfod.ubuntu.com /usr/bin/cmake --install /home/ngan/Documents/test_github/lesson6_ws/build/rmitbot_bringup
[1.528s] Level 1:colcon.colcon_core.environment:create_environment_scripts_only(rmitbot_bringup)
[1.529s] Level 1:colcon.colcon_core.environment:checking '/home/ngan/Documents/test_github/lesson6_ws/install/rmitbot_bringup' for CMake module files
[1.528s] DEBUG:colcon.colcon_core.event_handler.log_command:Invoked command in '/home/ngan/Documents/test_github/lesson6_ws/build/rmitbot_bringup' returned '0': CMAKE_PREFIX_PATH=${CMAKE_PREFIX_PATH}:/home/ngan/Documents/test_github/lesson6_ws/install/stop_sign_control:/home/ngan/Documents/test_github/lesson6_ws/install/opencv_tests:/opt/ros/jazzy DEBUGINFOD_URLS=https://debuginfod.ubuntu.com /usr/bin/cmake --install /home/ngan/Documents/test_github/lesson6_ws/build/rmitbot_bringup
[1.532s] Level 1:colcon.colcon_core.environment:checking '/home/ngan/Documents/test_github/lesson6_ws/install/rmitbot_bringup' for CMake config files
[1.532s] Level 1:colcon.colcon_core.shell:create_environment_hook('rmitbot_bringup', 'cmake_prefix_path')
[1.532s] INFO:colcon.colcon_core.shell:Creating environment descriptor '/home/ngan/Documents/test_github/lesson6_ws/install/rmitbot_bringup/share/rmitbot_bringup/hook/cmake_prefix_path.dsv'
[1.534s] INFO:colcon.colcon_core.shell:Creating environment hook '/home/ngan/Documents/test_github/lesson6_ws/install/rmitbot_bringup/share/rmitbot_bringup/hook/cmake_prefix_path.sh'
[1.536s] Level 1:colcon.colcon_core.environment:checking '/home/ngan/Documents/test_github/lesson6_ws/install/rmitbot_bringup/bin'
[1.536s] Level 1:colcon.colcon_core.environment:checking '/home/ngan/Documents/test_github/lesson6_ws/install/rmitbot_bringup/lib/pkgconfig/rmitbot_bringup.pc'
[1.537s] Level 1:colcon.colcon_core.environment:checking '/home/ngan/Documents/test_github/lesson6_ws/install/rmitbot_bringup/lib/python3.12/site-packages'
[1.537s] Level 1:colcon.colcon_core.environment:checking '/home/ngan/Documents/test_github/lesson6_ws/install/rmitbot_bringup/bin'
[1.537s] INFO:colcon.colcon_core.shell:Creating package descriptor '/home/ngan/Documents/test_github/lesson6_ws/install/rmitbot_bringup/share/rmitbot_bringup/package.dsv'
[1.540s] INFO:colcon.colcon_core.shell:Creating package script '/home/ngan/Documents/test_github/lesson6_ws/install/rmitbot_bringup/share/rmitbot_bringup/package.sh'
[1.542s] INFO:colcon.colcon_core.shell:Creating package script '/home/ngan/Documents/test_github/lesson6_ws/install/rmitbot_bringup/share/rmitbot_bringup/package.bash'
[1.542s] INFO:colcon.colcon_core.shell:Creating package script '/home/ngan/Documents/test_github/lesson6_ws/install/rmitbot_bringup/share/rmitbot_bringup/package.zsh'
[1.543s] Level 1:colcon.colcon_core.environment:create_file_with_runtime_dependencies(/home/ngan/Documents/test_github/lesson6_ws/install/rmitbot_bringup/share/colcon-core/packages/rmitbot_bringup)
[1.544s] Level 1:colcon.colcon_core.environment:create_environment_scripts_only(rmitbot_bringup)
[1.546s] Level 1:colcon.colcon_core.environment:checking '/home/ngan/Documents/test_github/lesson6_ws/install/rmitbot_bringup' for CMake module files
[1.548s] Level 1:colcon.colcon_core.environment:checking '/home/ngan/Documents/test_github/lesson6_ws/install/rmitbot_bringup' for CMake config files
[1.548s] Level 1:colcon.colcon_core.shell:create_environment_hook('rmitbot_bringup', 'cmake_prefix_path')
[1.548s] INFO:colcon.colcon_core.shell:Creating environment descriptor '/home/ngan/Documents/test_github/lesson6_ws/install/rmitbot_bringup/share/rmitbot_bringup/hook/cmake_prefix_path.dsv'
[1.549s] INFO:colcon.colcon_core.shell:Creating environment hook '/home/ngan/Documents/test_github/lesson6_ws/install/rmitbot_bringup/share/rmitbot_bringup/hook/cmake_prefix_path.sh'
[1.565s] Level 1:colcon.colcon_core.environment:checking '/home/ngan/Documents/test_github/lesson6_ws/install/rmitbot_bringup/bin'
[1.565s] Level 1:colcon.colcon_core.environment:checking '/home/ngan/Documents/test_github/lesson6_ws/install/rmitbot_bringup/lib/pkgconfig/rmitbot_bringup.pc'
[1.566s] Level 1:colcon.colcon_core.environment:checking '/home/ngan/Documents/test_github/lesson6_ws/install/rmitbot_bringup/lib/python3.12/site-packages'
[1.566s] Level 1:colcon.colcon_core.environment:checking '/home/ngan/Documents/test_github/lesson6_ws/install/rmitbot_bringup/bin'
[1.566s] INFO:colcon.colcon_core.shell:Creating package descriptor '/home/ngan/Documents/test_github/lesson6_ws/install/rmitbot_bringup/share/rmitbot_bringup/package.dsv'
[1.567s] INFO:colcon.colcon_core.shell:Creating package script '/home/ngan/Documents/test_github/lesson6_ws/install/rmitbot_bringup/share/rmitbot_bringup/package.sh'
[1.570s] INFO:colcon.colcon_core.shell:Creating package script '/home/ngan/Documents/test_github/lesson6_ws/install/rmitbot_bringup/share/rmitbot_bringup/package.bash'
[1.571s] INFO:colcon.colcon_core.shell:Creating package script '/home/ngan/Documents/test_github/lesson6_ws/install/rmitbot_bringup/share/rmitbot_bringup/package.zsh'
[1.571s] Level 1:colcon.colcon_core.environment:create_file_with_runtime_dependencies(/home/ngan/Documents/test_github/lesson6_ws/install/rmitbot_bringup/share/colcon-core/packages/rmitbot_bringup)
[1.575s] INFO:colcon.colcon_ros.task.ament_cmake.build:Building ROS package in '/home/ngan/Documents/test_github/lesson6_ws/src/rmitbot_controller' with build type 'ament_cmake'
[1.575s] INFO:colcon.colcon_cmake.task.cmake.build:Building CMake package in '/home/ngan/Documents/test_github/lesson6_ws/src/rmitbot_controller'
[1.575s] DEBUG:colcon.colcon_core.shell:Skip shell extension 'dsv' for command environment
[1.618s] DEBUG:colcon.colcon_core.event_handler.log_command:Invoking command in '/home/ngan/Documents/test_github/lesson6_ws/build/rmitbot_controller': CMAKE_PREFIX_PATH=${CMAKE_PREFIX_PATH}:/home/ngan/Documents/test_github/lesson6_ws/install/stop_sign_control:/home/ngan/Documents/test_github/lesson6_ws/install/opencv_tests:/opt/ros/jazzy DEBUGINFOD_URLS=https://debuginfod.ubuntu.com /usr/bin/cmake --build /home/ngan/Documents/test_github/lesson6_ws/build/rmitbot_controller -- -j4 -l4
[1.768s] DEBUG:colcon.colcon_core.event_handler.log_command:Invoked command in '/home/ngan/Documents/test_github/lesson6_ws/build/rmitbot_controller' returned '0': CMAKE_PREFIX_PATH=${CMAKE_PREFIX_PATH}:/home/ngan/Documents/test_github/lesson6_ws/install/stop_sign_control:/home/ngan/Documents/test_github/lesson6_ws/install/opencv_tests:/opt/ros/jazzy DEBUGINFOD_URLS=https://debuginfod.ubuntu.com /usr/bin/cmake --build /home/ngan/Documents/test_github/lesson6_ws/build/rmitbot_controller -- -j4 -l4
[1.772s] DEBUG:colcon.colcon_core.event_handler.log_command:Invoking command in '/home/ngan/Documents/test_github/lesson6_ws/build/rmitbot_controller': CMAKE_PREFIX_PATH=${CMAKE_PREFIX_PATH}:/home/ngan/Documents/test_github/lesson6_ws/install/stop_sign_control:/home/ngan/Documents/test_github/lesson6_ws/install/opencv_tests:/opt/ros/jazzy DEBUGINFOD_URLS=https://debuginfod.ubuntu.com /usr/bin/cmake --install /home/ngan/Documents/test_github/lesson6_ws/build/rmitbot_controller
[1.817s] Level 1:colcon.colcon_core.environment:create_environment_scripts_only(rmitbot_controller)
[1.817s] Level 1:colcon.colcon_core.environment:checking '/home/ngan/Documents/test_github/lesson6_ws/install/rmitbot_controller' for CMake module files
[1.818s] Level 1:colcon.colcon_core.environment:checking '/home/ngan/Documents/test_github/lesson6_ws/install/rmitbot_controller' for CMake config files
[1.822s] DEBUG:colcon.colcon_core.event_handler.log_command:Invoked command in '/home/ngan/Documents/test_github/lesson6_ws/build/rmitbot_controller' returned '0': CMAKE_PREFIX_PATH=${CMAKE_PREFIX_PATH}:/home/ngan/Documents/test_github/lesson6_ws/install/stop_sign_control:/home/ngan/Documents/test_github/lesson6_ws/install/opencv_tests:/opt/ros/jazzy DEBUGINFOD_URLS=https://debuginfod.ubuntu.com /usr/bin/cmake --install /home/ngan/Documents/test_github/lesson6_ws/build/rmitbot_controller
[1.826s] Level 1:colcon.colcon_core.shell:create_environment_hook('rmitbot_controller', 'cmake_prefix_path')
[1.826s] INFO:colcon.colcon_core.shell:Creating environment descriptor '/home/ngan/Documents/test_github/lesson6_ws/install/rmitbot_controller/share/rmitbot_controller/hook/cmake_prefix_path.dsv'
[1.827s] INFO:colcon.colcon_core.shell:Creating environment hook '/home/ngan/Documents/test_github/lesson6_ws/install/rmitbot_controller/share/rmitbot_controller/hook/cmake_prefix_path.sh'
[1.832s] Level 1:colcon.colcon_core.environment:checking '/home/ngan/Documents/test_github/lesson6_ws/install/rmitbot_controller/bin'
[1.832s] Level 1:colcon.colcon_core.environment:checking '/home/ngan/Documents/test_github/lesson6_ws/install/rmitbot_controller/lib/pkgconfig/rmitbot_controller.pc'
[1.832s] Level 1:colcon.colcon_core.environment:checking '/home/ngan/Documents/test_github/lesson6_ws/install/rmitbot_controller/lib/python3.12/site-packages'
[1.832s] Level 1:colcon.colcon_core.environment:checking '/home/ngan/Documents/test_github/lesson6_ws/install/rmitbot_controller/bin'
[1.833s] INFO:colcon.colcon_core.shell:Creating package descriptor '/home/ngan/Documents/test_github/lesson6_ws/install/rmitbot_controller/share/rmitbot_controller/package.dsv'
[1.836s] INFO:colcon.colcon_core.shell:Creating package script '/home/ngan/Documents/test_github/lesson6_ws/install/rmitbot_controller/share/rmitbot_controller/package.sh'
[1.840s] INFO:colcon.colcon_core.shell:Creating package script '/home/ngan/Documents/test_github/lesson6_ws/install/rmitbot_controller/share/rmitbot_controller/package.bash'
[1.841s] INFO:colcon.colcon_core.shell:Creating package script '/home/ngan/Documents/test_github/lesson6_ws/install/rmitbot_controller/share/rmitbot_controller/package.zsh'
[1.844s] Level 1:colcon.colcon_core.environment:create_file_with_runtime_dependencies(/home/ngan/Documents/test_github/lesson6_ws/install/rmitbot_controller/share/colcon-core/packages/rmitbot_controller)
[1.848s] Level 1:colcon.colcon_core.environment:create_environment_scripts_only(rmitbot_controller)
[1.848s] Level 1:colcon.colcon_core.environment:checking '/home/ngan/Documents/test_github/lesson6_ws/install/rmitbot_controller' for CMake module files
[1.853s] Level 1:colcon.colcon_core.environment:checking '/home/ngan/Documents/test_github/lesson6_ws/install/rmitbot_controller' for CMake config files
[1.853s] Level 1:colcon.colcon_core.shell:create_environment_hook('rmitbot_controller', 'cmake_prefix_path')
[1.853s] INFO:colcon.colcon_core.shell:Creating environment descriptor '/home/ngan/Documents/test_github/lesson6_ws/install/rmitbot_controller/share/rmitbot_controller/hook/cmake_prefix_path.dsv'
[1.854s] INFO:colcon.colcon_core.shell:Creating environment hook '/home/ngan/Documents/test_github/lesson6_ws/install/rmitbot_controller/share/rmitbot_controller/hook/cmake_prefix_path.sh'
[1.867s] Level 1:colcon.colcon_core.environment:checking '/home/ngan/Documents/test_github/lesson6_ws/install/rmitbot_controller/bin'
[1.867s] Level 1:colcon.colcon_core.environment:checking '/home/ngan/Documents/test_github/lesson6_ws/install/rmitbot_controller/lib/pkgconfig/rmitbot_controller.pc'
[1.868s] Level 1:colcon.colcon_core.environment:checking '/home/ngan/Documents/test_github/lesson6_ws/install/rmitbot_controller/lib/python3.12/site-packages'
[1.868s] Level 1:colcon.colcon_core.environment:checking '/home/ngan/Documents/test_github/lesson6_ws/install/rmitbot_controller/bin'
[1.869s] INFO:colcon.colcon_core.shell:Creating package descriptor '/home/ngan/Documents/test_github/lesson6_ws/install/rmitbot_controller/share/rmitbot_controller/package.dsv'
[1.869s] INFO:colcon.colcon_core.shell:Creating package script '/home/ngan/Documents/test_github/lesson6_ws/install/rmitbot_controller/share/rmitbot_controller/package.sh'
[1.876s] INFO:colcon.colcon_core.shell:Creating package script '/home/ngan/Documents/test_github/lesson6_ws/install/rmitbot_controller/share/rmitbot_controller/package.bash'
[1.877s] INFO:colcon.colcon_core.shell:Creating package script '/home/ngan/Documents/test_github/lesson6_ws/install/rmitbot_controller/share/rmitbot_controller/package.zsh'
[1.877s] Level 1:colcon.colcon_core.environment:create_file_with_runtime_dependencies(/home/ngan/Documents/test_github/lesson6_ws/install/rmitbot_controller/share/colcon-core/packages/rmitbot_controller)
[1.883s] INFO:colcon.colcon_ros.task.ament_cmake.build:Building ROS package in '/home/ngan/Documents/test_github/lesson6_ws/src/rmitbot_description' with build type 'ament_cmake'
[1.886s] INFO:colcon.colcon_cmake.task.cmake.build:Building CMake package in '/home/ngan/Documents/test_github/lesson6_ws/src/rmitbot_description'
[1.886s] DEBUG:colcon.colcon_core.shell:Skip shell extension 'dsv' for command environment
[1.934s] DEBUG:colcon.colcon_core.event_handler.log_command:Invoking command in '/home/ngan/Documents/test_github/lesson6_ws/build/rmitbot_description': CMAKE_PREFIX_PATH=${CMAKE_PREFIX_PATH}:/home/ngan/Documents/test_github/lesson6_ws/install/stop_sign_control:/home/ngan/Documents/test_github/lesson6_ws/install/opencv_tests:/opt/ros/jazzy DEBUGINFOD_URLS=https://debuginfod.ubuntu.com /usr/bin/cmake --build /home/ngan/Documents/test_github/lesson6_ws/build/rmitbot_description -- -j4 -l4
[2.012s] DEBUG:colcon.colcon_core.event_handler.log_command:Invoked command in '/home/ngan/Documents/test_github/lesson6_ws/build/darknet_ros_msgs' returned '0': CMAKE_PREFIX_PATH=${CMAKE_PREFIX_PATH}:/home/ngan/Documents/test_github/lesson6_ws/install/stop_sign_control:/home/ngan/Documents/test_github/lesson6_ws/install/opencv_tests:/opt/ros/jazzy DEBUGINFOD_URLS=https://debuginfod.ubuntu.com /usr/bin/cmake --build /home/ngan/Documents/test_github/lesson6_ws/build/darknet_ros_msgs -- -j4 -l4
[2.013s] DEBUG:colcon.colcon_core.event_handler.log_command:Invoking command in '/home/ngan/Documents/test_github/lesson6_ws/build/darknet_ros_msgs': CMAKE_PREFIX_PATH=${CMAKE_PREFIX_PATH}:/home/ngan/Documents/test_github/lesson6_ws/install/stop_sign_control:/home/ngan/Documents/test_github/lesson6_ws/install/opencv_tests:/opt/ros/jazzy DEBUGINFOD_URLS=https://debuginfod.ubuntu.com /usr/bin/cmake --install /home/ngan/Documents/test_github/lesson6_ws/build/darknet_ros_msgs
[2.130s] DEBUG:colcon.colcon_core.event_handler.log_command:Invoked command in '/home/ngan/Documents/test_github/lesson6_ws/build/image_geometry' returned '0': CMAKE_PREFIX_PATH=${CMAKE_PREFIX_PATH}:/home/ngan/Documents/test_github/lesson6_ws/install/stop_sign_control:/home/ngan/Documents/test_github/lesson6_ws/install/opencv_tests:/opt/ros/jazzy DEBUGINFOD_URLS=https://debuginfod.ubuntu.com /usr/bin/cmake --build /home/ngan/Documents/test_github/lesson6_ws/build/image_geometry -- -j4 -l4
[2.131s] DEBUG:colcon.colcon_core.event_handler.log_command:Invoking command in '/home/ngan/Documents/test_github/lesson6_ws/build/image_geometry': CMAKE_PREFIX_PATH=${CMAKE_PREFIX_PATH}:/home/ngan/Documents/test_github/lesson6_ws/install/stop_sign_control:/home/ngan/Documents/test_github/lesson6_ws/install/opencv_tests:/opt/ros/jazzy DEBUGINFOD_URLS=https://debuginfod.ubuntu.com /usr/bin/cmake --install /home/ngan/Documents/test_github/lesson6_ws/build/image_geometry
[2.139s] DEBUG:colcon.colcon_core.event_handler.log_command:Invoked command in '/home/ngan/Documents/test_github/lesson6_ws/build/rmitbot_description' returned '0': CMAKE_PREFIX_PATH=${CMAKE_PREFIX_PATH}:/home/ngan/Documents/test_github/lesson6_ws/install/stop_sign_control:/home/ngan/Documents/test_github/lesson6_ws/install/opencv_tests:/opt/ros/jazzy DEBUGINFOD_URLS=https://debuginfod.ubuntu.com /usr/bin/cmake --build /home/ngan/Documents/test_github/lesson6_ws/build/rmitbot_description -- -j4 -l4
[2.140s] DEBUG:colcon.colcon_core.event_handler.log_command:Invoking command in '/home/ngan/Documents/test_github/lesson6_ws/build/rmitbot_description': CMAKE_PREFIX_PATH=${CMAKE_PREFIX_PATH}:/home/ngan/Documents/test_github/lesson6_ws/install/stop_sign_control:/home/ngan/Documents/test_github/lesson6_ws/install/opencv_tests:/opt/ros/jazzy DEBUGINFOD_URLS=https://debuginfod.ubuntu.com /usr/bin/cmake --install /home/ngan/Documents/test_github/lesson6_ws/build/rmitbot_description
[2.169s] Level 1:colcon.colcon_core.environment:create_environment_scripts_only(rmitbot_description)
[2.169s] Level 1:colcon.colcon_core.environment:checking '/home/ngan/Documents/test_github/lesson6_ws/install/rmitbot_description' for CMake module files
[2.170s] Level 1:colcon.colcon_core.environment:checking '/home/ngan/Documents/test_github/lesson6_ws/install/rmitbot_description' for CMake config files
[2.170s] Level 1:colcon.colcon_core.shell:create_environment_hook('rmitbot_description', 'cmake_prefix_path')
[2.171s] INFO:colcon.colcon_core.shell:Creating environment descriptor '/home/ngan/Documents/test_github/lesson6_ws/install/rmitbot_description/share/rmitbot_description/hook/cmake_prefix_path.dsv'
[2.171s] INFO:colcon.colcon_core.shell:Creating environment hook '/home/ngan/Documents/test_github/lesson6_ws/install/rmitbot_description/share/rmitbot_description/hook/cmake_prefix_path.sh'
[2.173s] DEBUG:colcon.colcon_core.event_handler.log_command:Invoked command in '/home/ngan/Documents/test_github/lesson6_ws/build/rmitbot_description' returned '0': CMAKE_PREFIX_PATH=${CMAKE_PREFIX_PATH}:/home/ngan/Documents/test_github/lesson6_ws/install/stop_sign_control:/home/ngan/Documents/test_github/lesson6_ws/install/opencv_tests:/opt/ros/jazzy DEBUGINFOD_URLS=https://debuginfod.ubuntu.com /usr/bin/cmake --install /home/ngan/Documents/test_github/lesson6_ws/build/rmitbot_description
[2.174s] Level 1:colcon.colcon_core.environment:checking '/home/ngan/Documents/test_github/lesson6_ws/install/rmitbot_description/bin'
[2.174s] Level 1:colcon.colcon_core.environment:checking '/home/ngan/Documents/test_github/lesson6_ws/install/rmitbot_description/lib/pkgconfig/rmitbot_description.pc'
[2.174s] Level 1:colcon.colcon_core.environment:checking '/home/ngan/Documents/test_github/lesson6_ws/install/rmitbot_description/lib/python3.12/site-packages'
[2.175s] Level 1:colcon.colcon_core.environment:checking '/home/ngan/Documents/test_github/lesson6_ws/install/rmitbot_description/bin'
[2.175s] INFO:colcon.colcon_core.shell:Creating package descriptor '/home/ngan/Documents/test_github/lesson6_ws/install/rmitbot_description/share/rmitbot_description/package.dsv'
[2.176s] INFO:colcon.colcon_core.shell:Creating package script '/home/ngan/Documents/test_github/lesson6_ws/install/rmitbot_description/share/rmitbot_description/package.sh'
[2.177s] INFO:colcon.colcon_core.shell:Creating package script '/home/ngan/Documents/test_github/lesson6_ws/install/rmitbot_description/share/rmitbot_description/package.bash'
[2.178s] INFO:colcon.colcon_core.shell:Creating package script '/home/ngan/Documents/test_github/lesson6_ws/install/rmitbot_description/share/rmitbot_description/package.zsh'
[2.179s] Level 1:colcon.colcon_core.environment:create_file_with_runtime_dependencies(/home/ngan/Documents/test_github/lesson6_ws/install/rmitbot_description/share/colcon-core/packages/rmitbot_description)
[2.181s] Level 1:colcon.colcon_core.environment:create_environment_scripts_only(rmitbot_description)
[2.181s] Level 1:colcon.colcon_core.environment:checking '/home/ngan/Documents/test_github/lesson6_ws/install/rmitbot_description' for CMake module files
[2.186s] Level 1:colcon.colcon_core.environment:checking '/home/ngan/Documents/test_github/lesson6_ws/install/rmitbot_description' for CMake config files
[2.186s] Level 1:colcon.colcon_core.shell:create_environment_hook('rmitbot_description', 'cmake_prefix_path')
[2.186s] INFO:colcon.colcon_core.shell:Creating environment descriptor '/home/ngan/Documents/test_github/lesson6_ws/install/rmitbot_description/share/rmitbot_description/hook/cmake_prefix_path.dsv'
[2.187s] INFO:colcon.colcon_core.shell:Creating environment hook '/home/ngan/Documents/test_github/lesson6_ws/install/rmitbot_description/share/rmitbot_description/hook/cmake_prefix_path.sh'
[2.189s] Level 1:colcon.colcon_core.environment:checking '/home/ngan/Documents/test_github/lesson6_ws/install/rmitbot_description/bin'
[2.194s] Level 1:colcon.colcon_core.environment:checking '/home/ngan/Documents/test_github/lesson6_ws/install/rmitbot_description/lib/pkgconfig/rmitbot_description.pc'
[2.195s] Level 1:colcon.colcon_core.environment:checking '/home/ngan/Documents/test_github/lesson6_ws/install/rmitbot_description/lib/python3.12/site-packages'
[2.195s] Level 1:colcon.colcon_core.environment:checking '/home/ngan/Documents/test_github/lesson6_ws/install/rmitbot_description/bin'
[2.195s] INFO:colcon.colcon_core.shell:Creating package descriptor '/home/ngan/Documents/test_github/lesson6_ws/install/rmitbot_description/share/rmitbot_description/package.dsv'
[2.204s] INFO:colcon.colcon_core.shell:Creating package script '/home/ngan/Documents/test_github/lesson6_ws/install/rmitbot_description/share/rmitbot_description/package.sh'
[2.205s] INFO:colcon.colcon_core.shell:Creating package script '/home/ngan/Documents/test_github/lesson6_ws/install/rmitbot_description/share/rmitbot_description/package.bash'
[2.205s] INFO:colcon.colcon_core.shell:Creating package script '/home/ngan/Documents/test_github/lesson6_ws/install/rmitbot_description/share/rmitbot_description/package.zsh'
[2.209s] Level 1:colcon.colcon_core.environment:create_file_with_runtime_dependencies(/home/ngan/Documents/test_github/lesson6_ws/install/rmitbot_description/share/colcon-core/packages/rmitbot_description)
[2.210s] INFO:colcon.colcon_ros.task.ament_cmake.build:Building ROS package in '/home/ngan/Documents/test_github/lesson6_ws/src/rmitbot_firmware' with build type 'ament_cmake'
[2.210s] INFO:colcon.colcon_cmake.task.cmake.build:Building CMake package in '/home/ngan/Documents/test_github/lesson6_ws/src/rmitbot_firmware'
[2.210s] DEBUG:colcon.colcon_core.shell:Skip shell extension 'dsv' for command environment
[2.271s] DEBUG:colcon.colcon_core.event_handler.log_command:Invoking command in '/home/ngan/Documents/test_github/lesson6_ws/build/rmitbot_firmware': CMAKE_PREFIX_PATH=${CMAKE_PREFIX_PATH}:/home/ngan/Documents/test_github/lesson6_ws/install/stop_sign_control:/home/ngan/Documents/test_github/lesson6_ws/install/opencv_tests:/opt/ros/jazzy DEBUGINFOD_URLS=https://debuginfod.ubuntu.com /usr/bin/cmake --build /home/ngan/Documents/test_github/lesson6_ws/build/rmitbot_firmware -- -j4 -l4
[2.317s] Level 1:colcon.colcon_core.environment:create_environment_scripts_only(image_geometry)
[2.318s] Level 1:colcon.colcon_core.environment:checking '/home/ngan/Documents/test_github/lesson6_ws/install/image_geometry' for CMake module files
[2.319s] Level 1:colcon.colcon_core.environment:checking '/home/ngan/Documents/test_github/lesson6_ws/install/image_geometry' for CMake config files
[2.319s] Level 1:colcon.colcon_core.shell:create_environment_hook('image_geometry', 'cmake_prefix_path')
[2.320s] INFO:colcon.colcon_core.shell:Creating environment descriptor '/home/ngan/Documents/test_github/lesson6_ws/install/image_geometry/share/image_geometry/hook/cmake_prefix_path.dsv'
[2.328s] DEBUG:colcon.colcon_core.event_handler.log_command:Invoked command in '/home/ngan/Documents/test_github/lesson6_ws/build/image_geometry' returned '0': CMAKE_PREFIX_PATH=${CMAKE_PREFIX_PATH}:/home/ngan/Documents/test_github/lesson6_ws/install/stop_sign_control:/home/ngan/Documents/test_github/lesson6_ws/install/opencv_tests:/opt/ros/jazzy DEBUGINFOD_URLS=https://debuginfod.ubuntu.com /usr/bin/cmake --install /home/ngan/Documents/test_github/lesson6_ws/build/image_geometry
[2.334s] INFO:colcon.colcon_core.shell:Creating environment hook '/home/ngan/Documents/test_github/lesson6_ws/install/image_geometry/share/image_geometry/hook/cmake_prefix_path.sh'
[2.338s] Level 1:colcon.colcon_core.environment:checking '/home/ngan/Documents/test_github/lesson6_ws/install/image_geometry/lib'
[2.338s] Level 1:colcon.colcon_core.shell:create_environment_hook('image_geometry', 'ld_library_path_lib')
[2.339s] INFO:colcon.colcon_core.shell:Creating environment descriptor '/home/ngan/Documents/test_github/lesson6_ws/install/image_geometry/share/image_geometry/hook/ld_library_path_lib.dsv'
[2.339s] INFO:colcon.colcon_core.shell:Creating environment hook '/home/ngan/Documents/test_github/lesson6_ws/install/image_geometry/share/image_geometry/hook/ld_library_path_lib.sh'
[2.351s] Level 1:colcon.colcon_core.environment:checking '/home/ngan/Documents/test_github/lesson6_ws/install/image_geometry/bin'
[2.351s] Level 1:colcon.colcon_core.environment:checking '/home/ngan/Documents/test_github/lesson6_ws/install/image_geometry/lib/pkgconfig/image_geometry.pc'
[2.352s] Level 1:colcon.colcon_core.environment:checking '/home/ngan/Documents/test_github/lesson6_ws/install/image_geometry/lib/python3.12/site-packages'
[2.352s] Level 1:colcon.colcon_core.shell:create_environment_hook('image_geometry', 'pythonpath')
[2.352s] INFO:colcon.colcon_core.shell:Creating environment descriptor '/home/ngan/Documents/test_github/lesson6_ws/install/image_geometry/share/image_geometry/hook/pythonpath.dsv'
[2.353s] INFO:colcon.colcon_core.shell:Creating environment hook '/home/ngan/Documents/test_github/lesson6_ws/install/image_geometry/share/image_geometry/hook/pythonpath.sh'
[2.359s] Level 1:colcon.colcon_core.environment:checking '/home/ngan/Documents/test_github/lesson6_ws/install/image_geometry/bin'
[2.360s] INFO:colcon.colcon_core.shell:Creating package descriptor '/home/ngan/Documents/test_github/lesson6_ws/install/image_geometry/share/image_geometry/package.dsv'
[2.360s] INFO:colcon.colcon_core.shell:Creating package script '/home/ngan/Documents/test_github/lesson6_ws/install/image_geometry/share/image_geometry/package.sh'
[2.361s] INFO:colcon.colcon_core.shell:Creating package script '/home/ngan/Documents/test_github/lesson6_ws/install/image_geometry/share/image_geometry/package.bash'
[2.365s] INFO:colcon.colcon_core.shell:Creating package script '/home/ngan/Documents/test_github/lesson6_ws/install/image_geometry/share/image_geometry/package.zsh'
[2.366s] Level 1:colcon.colcon_core.environment:create_file_with_runtime_dependencies(/home/ngan/Documents/test_github/lesson6_ws/install/image_geometry/share/colcon-core/packages/image_geometry)
[2.373s] Level 1:colcon.colcon_core.environment:create_environment_scripts_only(image_geometry)
[2.373s] Level 1:colcon.colcon_core.environment:checking '/home/ngan/Documents/test_github/lesson6_ws/install/image_geometry' for CMake module files
[2.374s] Level 1:colcon.colcon_core.environment:checking '/home/ngan/Documents/test_github/lesson6_ws/install/image_geometry' for CMake config files
[2.374s] Level 1:colcon.colcon_core.shell:create_environment_hook('image_geometry', 'cmake_prefix_path')
[2.374s] INFO:colcon.colcon_core.shell:Creating environment descriptor '/home/ngan/Documents/test_github/lesson6_ws/install/image_geometry/share/image_geometry/hook/cmake_prefix_path.dsv'
[2.378s] INFO:colcon.colcon_core.shell:Creating environment hook '/home/ngan/Documents/test_github/lesson6_ws/install/image_geometry/share/image_geometry/hook/cmake_prefix_path.sh'
[2.379s] Level 1:colcon.colcon_core.environment:checking '/home/ngan/Documents/test_github/lesson6_ws/install/image_geometry/lib'
[2.379s] Level 1:colcon.colcon_core.shell:create_environment_hook('image_geometry', 'ld_library_path_lib')
[2.379s] INFO:colcon.colcon_core.shell:Creating environment descriptor '/home/ngan/Documents/test_github/lesson6_ws/install/image_geometry/share/image_geometry/hook/ld_library_path_lib.dsv'
[2.380s] INFO:colcon.colcon_core.shell:Creating environment hook '/home/ngan/Documents/test_github/lesson6_ws/install/image_geometry/share/image_geometry/hook/ld_library_path_lib.sh'
[2.384s] Level 1:colcon.colcon_core.environment:checking '/home/ngan/Documents/test_github/lesson6_ws/install/image_geometry/bin'
[2.384s] Level 1:colcon.colcon_core.environment:checking '/home/ngan/Documents/test_github/lesson6_ws/install/image_geometry/lib/pkgconfig/image_geometry.pc'
[2.384s] Level 1:colcon.colcon_core.environment:checking '/home/ngan/Documents/test_github/lesson6_ws/install/image_geometry/lib/python3.12/site-packages'
[2.385s] Level 1:colcon.colcon_core.shell:create_environment_hook('image_geometry', 'pythonpath')
[2.385s] INFO:colcon.colcon_core.shell:Creating environment descriptor '/home/ngan/Documents/test_github/lesson6_ws/install/image_geometry/share/image_geometry/hook/pythonpath.dsv'
[2.385s] INFO:colcon.colcon_core.shell:Creating environment hook '/home/ngan/Documents/test_github/lesson6_ws/install/image_geometry/share/image_geometry/hook/pythonpath.sh'
[2.389s] Level 1:colcon.colcon_core.environment:checking '/home/ngan/Documents/test_github/lesson6_ws/install/image_geometry/bin'
[2.390s] INFO:colcon.colcon_core.shell:Creating package descriptor '/home/ngan/Documents/test_github/lesson6_ws/install/image_geometry/share/image_geometry/package.dsv'
[2.391s] INFO:colcon.colcon_core.shell:Creating package script '/home/ngan/Documents/test_github/lesson6_ws/install/image_geometry/share/image_geometry/package.sh'
[2.392s] INFO:colcon.colcon_core.shell:Creating package script '/home/ngan/Documents/test_github/lesson6_ws/install/image_geometry/share/image_geometry/package.bash'
[2.393s] INFO:colcon.colcon_core.shell:Creating package script '/home/ngan/Documents/test_github/lesson6_ws/install/image_geometry/share/image_geometry/package.zsh'
[2.394s] Level 1:colcon.colcon_core.environment:create_file_with_runtime_dependencies(/home/ngan/Documents/test_github/lesson6_ws/install/image_geometry/share/colcon-core/packages/image_geometry)
[2.399s] INFO:colcon.colcon_ros.task.ament_cmake.build:Building ROS package in '/home/ngan/Documents/test_github/lesson6_ws/src/rmitbot_localization' with build type 'ament_cmake'
[2.399s] INFO:colcon.colcon_cmake.task.cmake.build:Building CMake package in '/home/ngan/Documents/test_github/lesson6_ws/src/rmitbot_localization'
[2.399s] DEBUG:colcon.colcon_core.shell:Skip shell extension 'dsv' for command environment
[2.419s] Level 1:colcon.colcon_core.environment:create_environment_scripts_only(darknet_ros_msgs)
[2.419s] Level 1:colcon.colcon_core.environment:checking '/home/ngan/Documents/test_github/lesson6_ws/install/darknet_ros_msgs' for CMake module files
[2.420s] DEBUG:colcon.colcon_core.event_handler.log_command:Invoked command in '/home/ngan/Documents/test_github/lesson6_ws/build/darknet_ros_msgs' returned '0': CMAKE_PREFIX_PATH=${CMAKE_PREFIX_PATH}:/home/ngan/Documents/test_github/lesson6_ws/install/stop_sign_control:/home/ngan/Documents/test_github/lesson6_ws/install/opencv_tests:/opt/ros/jazzy DEBUGINFOD_URLS=https://debuginfod.ubuntu.com /usr/bin/cmake --install /home/ngan/Documents/test_github/lesson6_ws/build/darknet_ros_msgs
[2.421s] Level 1:colcon.colcon_core.environment:checking '/home/ngan/Documents/test_github/lesson6_ws/install/darknet_ros_msgs' for CMake config files
[2.424s] Level 1:colcon.colcon_core.shell:create_environment_hook('darknet_ros_msgs', 'cmake_prefix_path')
[2.424s] INFO:colcon.colcon_core.shell:Creating environment descriptor '/home/ngan/Documents/test_github/lesson6_ws/install/darknet_ros_msgs/share/darknet_ros_msgs/hook/cmake_prefix_path.dsv'
[2.425s] INFO:colcon.colcon_core.shell:Creating environment hook '/home/ngan/Documents/test_github/lesson6_ws/install/darknet_ros_msgs/share/darknet_ros_msgs/hook/cmake_prefix_path.sh'
[2.428s] Level 1:colcon.colcon_core.environment:checking '/home/ngan/Documents/test_github/lesson6_ws/install/darknet_ros_msgs/lib'
[2.430s] Level 1:colcon.colcon_core.shell:create_environment_hook('darknet_ros_msgs', 'ld_library_path_lib')
[2.430s] INFO:colcon.colcon_core.shell:Creating environment descriptor '/home/ngan/Documents/test_github/lesson6_ws/install/darknet_ros_msgs/share/darknet_ros_msgs/hook/ld_library_path_lib.dsv'
[2.430s] INFO:colcon.colcon_core.shell:Creating environment hook '/home/ngan/Documents/test_github/lesson6_ws/install/darknet_ros_msgs/share/darknet_ros_msgs/hook/ld_library_path_lib.sh'
[2.431s] Level 1:colcon.colcon_core.environment:checking '/home/ngan/Documents/test_github/lesson6_ws/install/darknet_ros_msgs/bin'
[2.431s] Level 1:colcon.colcon_core.environment:checking '/home/ngan/Documents/test_github/lesson6_ws/install/darknet_ros_msgs/lib/pkgconfig/darknet_ros_msgs.pc'
[2.432s] Level 1:colcon.colcon_core.environment:checking '/home/ngan/Documents/test_github/lesson6_ws/install/darknet_ros_msgs/lib/python3.12/site-packages'
[2.432s] Level 1:colcon.colcon_core.shell:create_environment_hook('darknet_ros_msgs', 'pythonpath')
[2.432s] INFO:colcon.colcon_core.shell:Creating environment descriptor '/home/ngan/Documents/test_github/lesson6_ws/install/darknet_ros_msgs/share/darknet_ros_msgs/hook/pythonpath.dsv'
[2.432s] INFO:colcon.colcon_core.shell:Creating environment hook '/home/ngan/Documents/test_github/lesson6_ws/install/darknet_ros_msgs/share/darknet_ros_msgs/hook/pythonpath.sh'
[2.436s] Level 1:colcon.colcon_core.environment:checking '/home/ngan/Documents/test_github/lesson6_ws/install/darknet_ros_msgs/bin'
[2.437s] INFO:colcon.colcon_core.shell:Creating package descriptor '/home/ngan/Documents/test_github/lesson6_ws/install/darknet_ros_msgs/share/darknet_ros_msgs/package.dsv'
[2.442s] INFO:colcon.colcon_core.shell:Creating package script '/home/ngan/Documents/test_github/lesson6_ws/install/darknet_ros_msgs/share/darknet_ros_msgs/package.sh'
[2.446s] INFO:colcon.colcon_core.shell:Creating package script '/home/ngan/Documents/test_github/lesson6_ws/install/darknet_ros_msgs/share/darknet_ros_msgs/package.bash'
[2.449s] INFO:colcon.colcon_core.shell:Creating package script '/home/ngan/Documents/test_github/lesson6_ws/install/darknet_ros_msgs/share/darknet_ros_msgs/package.zsh'
[2.452s] Level 1:colcon.colcon_core.environment:create_file_with_runtime_dependencies(/home/ngan/Documents/test_github/lesson6_ws/install/darknet_ros_msgs/share/colcon-core/packages/darknet_ros_msgs)
[2.456s] Level 1:colcon.colcon_core.environment:create_environment_scripts_only(darknet_ros_msgs)
[2.456s] Level 1:colcon.colcon_core.environment:checking '/home/ngan/Documents/test_github/lesson6_ws/install/darknet_ros_msgs' for CMake module files
[2.459s] Level 1:colcon.colcon_core.environment:checking '/home/ngan/Documents/test_github/lesson6_ws/install/darknet_ros_msgs' for CMake config files
[2.462s] Level 1:colcon.colcon_core.shell:create_environment_hook('darknet_ros_msgs', 'cmake_prefix_path')
[2.462s] INFO:colcon.colcon_core.shell:Creating environment descriptor '/home/ngan/Documents/test_github/lesson6_ws/install/darknet_ros_msgs/share/darknet_ros_msgs/hook/cmake_prefix_path.dsv'
[2.463s] INFO:colcon.colcon_core.shell:Creating environment hook '/home/ngan/Documents/test_github/lesson6_ws/install/darknet_ros_msgs/share/darknet_ros_msgs/hook/cmake_prefix_path.sh'
[2.474s] Level 1:colcon.colcon_core.environment:checking '/home/ngan/Documents/test_github/lesson6_ws/install/darknet_ros_msgs/lib'
[2.474s] Level 1:colcon.colcon_core.shell:create_environment_hook('darknet_ros_msgs', 'ld_library_path_lib')
[2.474s] INFO:colcon.colcon_core.shell:Creating environment descriptor '/home/ngan/Documents/test_github/lesson6_ws/install/darknet_ros_msgs/share/darknet_ros_msgs/hook/ld_library_path_lib.dsv'
[2.479s] INFO:colcon.colcon_core.shell:Creating environment hook '/home/ngan/Documents/test_github/lesson6_ws/install/darknet_ros_msgs/share/darknet_ros_msgs/hook/ld_library_path_lib.sh'
[2.483s] Level 1:colcon.colcon_core.environment:checking '/home/ngan/Documents/test_github/lesson6_ws/install/darknet_ros_msgs/bin'
[2.483s] Level 1:colcon.colcon_core.environment:checking '/home/ngan/Documents/test_github/lesson6_ws/install/darknet_ros_msgs/lib/pkgconfig/darknet_ros_msgs.pc'
[2.483s] Level 1:colcon.colcon_core.environment:checking '/home/ngan/Documents/test_github/lesson6_ws/install/darknet_ros_msgs/lib/python3.12/site-packages'
[2.483s] Level 1:colcon.colcon_core.shell:create_environment_hook('darknet_ros_msgs', 'pythonpath')
[2.484s] INFO:colcon.colcon_core.shell:Creating environment descriptor '/home/ngan/Documents/test_github/lesson6_ws/install/darknet_ros_msgs/share/darknet_ros_msgs/hook/pythonpath.dsv'
[2.484s] INFO:colcon.colcon_core.shell:Creating environment hook '/home/ngan/Documents/test_github/lesson6_ws/install/darknet_ros_msgs/share/darknet_ros_msgs/hook/pythonpath.sh'
[2.488s] Level 1:colcon.colcon_core.environment:checking '/home/ngan/Documents/test_github/lesson6_ws/install/darknet_ros_msgs/bin'
[2.489s] INFO:colcon.colcon_core.shell:Creating package descriptor '/home/ngan/Documents/test_github/lesson6_ws/install/darknet_ros_msgs/share/darknet_ros_msgs/package.dsv'
[2.489s] INFO:colcon.colcon_core.shell:Creating package script '/home/ngan/Documents/test_github/lesson6_ws/install/darknet_ros_msgs/share/darknet_ros_msgs/package.sh'
[2.490s] INFO:colcon.colcon_core.shell:Creating package script '/home/ngan/Documents/test_github/lesson6_ws/install/darknet_ros_msgs/share/darknet_ros_msgs/package.bash'
[2.491s] INFO:colcon.colcon_core.shell:Creating package script '/home/ngan/Documents/test_github/lesson6_ws/install/darknet_ros_msgs/share/darknet_ros_msgs/package.zsh'
[2.494s] Level 1:colcon.colcon_core.environment:create_file_with_runtime_dependencies(/home/ngan/Documents/test_github/lesson6_ws/install/darknet_ros_msgs/share/colcon-core/packages/darknet_ros_msgs)
[2.497s] INFO:colcon.colcon_ros.task.ament_cmake.build:Building ROS package in '/home/ngan/Documents/test_github/lesson6_ws/src/rmitbot_mapping' with build type 'ament_cmake'
[2.497s] INFO:colcon.colcon_cmake.task.cmake.build:Building CMake package in '/home/ngan/Documents/test_github/lesson6_ws/src/rmitbot_mapping'
[2.497s] DEBUG:colcon.colcon_core.shell:Skip shell extension 'dsv' for command environment
[2.550s] DEBUG:colcon.colcon_core.event_handler.log_command:Invoking command in '/home/ngan/Documents/test_github/lesson6_ws/build/rmitbot_localization': CMAKE_PREFIX_PATH=${CMAKE_PREFIX_PATH}:/home/ngan/Documents/test_github/lesson6_ws/install/stop_sign_control:/home/ngan/Documents/test_github/lesson6_ws/install/opencv_tests:/opt/ros/jazzy DEBUGINFOD_URLS=https://debuginfod.ubuntu.com /usr/bin/cmake --build /home/ngan/Documents/test_github/lesson6_ws/build/rmitbot_localization -- -j4 -l4
[2.551s] DEBUG:colcon.colcon_core.event_handler.log_command:Invoked command in '/home/ngan/Documents/test_github/lesson6_ws/build/cv_bridge' returned '0': CMAKE_PREFIX_PATH=${CMAKE_PREFIX_PATH}:/home/ngan/Documents/test_github/lesson6_ws/install/stop_sign_control:/home/ngan/Documents/test_github/lesson6_ws/install/opencv_tests:/opt/ros/jazzy DEBUGINFOD_URLS=https://debuginfod.ubuntu.com /usr/bin/cmake --build /home/ngan/Documents/test_github/lesson6_ws/build/cv_bridge -- -j4 -l4
[2.553s] DEBUG:colcon.colcon_core.event_handler.log_command:Invoking command in '/home/ngan/Documents/test_github/lesson6_ws/build/cv_bridge': CMAKE_PREFIX_PATH=${CMAKE_PREFIX_PATH}:/home/ngan/Documents/test_github/lesson6_ws/install/stop_sign_control:/home/ngan/Documents/test_github/lesson6_ws/install/opencv_tests:/opt/ros/jazzy DEBUGINFOD_URLS=https://debuginfod.ubuntu.com /usr/bin/cmake --install /home/ngan/Documents/test_github/lesson6_ws/build/cv_bridge
[2.555s] DEBUG:colcon.colcon_core.event_handler.log_command:Invoked command in '/home/ngan/Documents/test_github/lesson6_ws/build/rmitbot_firmware' returned '0': CMAKE_PREFIX_PATH=${CMAKE_PREFIX_PATH}:/home/ngan/Documents/test_github/lesson6_ws/install/stop_sign_control:/home/ngan/Documents/test_github/lesson6_ws/install/opencv_tests:/opt/ros/jazzy DEBUGINFOD_URLS=https://debuginfod.ubuntu.com /usr/bin/cmake --build /home/ngan/Documents/test_github/lesson6_ws/build/rmitbot_firmware -- -j4 -l4
[2.556s] DEBUG:colcon.colcon_core.event_handler.log_command:Invoking command in '/home/ngan/Documents/test_github/lesson6_ws/build/rmitbot_firmware': CMAKE_PREFIX_PATH=${CMAKE_PREFIX_PATH}:/home/ngan/Documents/test_github/lesson6_ws/install/stop_sign_control:/home/ngan/Documents/test_github/lesson6_ws/install/opencv_tests:/opt/ros/jazzy DEBUGINFOD_URLS=https://debuginfod.ubuntu.com /usr/bin/cmake --install /home/ngan/Documents/test_github/lesson6_ws/build/rmitbot_firmware
[2.560s] DEBUG:colcon.colcon_core.event_handler.log_command:Invoking command in '/home/ngan/Documents/test_github/lesson6_ws/build/rmitbot_mapping': CMAKE_PREFIX_PATH=${CMAKE_PREFIX_PATH}:/home/ngan/Documents/test_github/lesson6_ws/install/stop_sign_control:/home/ngan/Documents/test_github/lesson6_ws/install/opencv_tests:/opt/ros/jazzy DEBUGINFOD_URLS=https://debuginfod.ubuntu.com /usr/bin/cmake --build /home/ngan/Documents/test_github/lesson6_ws/build/rmitbot_mapping -- -j4 -l4
[2.586s] Level 1:colcon.colcon_core.environment:create_environment_scripts_only(rmitbot_firmware)
[2.587s] Level 1:colcon.colcon_core.environment:checking '/home/ngan/Documents/test_github/lesson6_ws/install/rmitbot_firmware' for CMake module files
[2.588s] Level 1:colcon.colcon_core.environment:checking '/home/ngan/Documents/test_github/lesson6_ws/install/rmitbot_firmware' for CMake config files
[2.588s] Level 1:colcon.colcon_core.shell:create_environment_hook('rmitbot_firmware', 'cmake_prefix_path')
[2.588s] INFO:colcon.colcon_core.shell:Creating environment descriptor '/home/ngan/Documents/test_github/lesson6_ws/install/rmitbot_firmware/share/rmitbot_firmware/hook/cmake_prefix_path.dsv'
[2.587s] DEBUG:colcon.colcon_core.event_handler.log_command:Invoked command in '/home/ngan/Documents/test_github/lesson6_ws/build/rmitbot_firmware' returned '0': CMAKE_PREFIX_PATH=${CMAKE_PREFIX_PATH}:/home/ngan/Documents/test_github/lesson6_ws/install/stop_sign_control:/home/ngan/Documents/test_github/lesson6_ws/install/opencv_tests:/opt/ros/jazzy DEBUGINFOD_URLS=https://debuginfod.ubuntu.com /usr/bin/cmake --install /home/ngan/Documents/test_github/lesson6_ws/build/rmitbot_firmware
[2.589s] INFO:colcon.colcon_core.shell:Creating environment hook '/home/ngan/Documents/test_github/lesson6_ws/install/rmitbot_firmware/share/rmitbot_firmware/hook/cmake_prefix_path.sh'
[2.590s] Level 1:colcon.colcon_core.environment:checking '/home/ngan/Documents/test_github/lesson6_ws/install/rmitbot_firmware/lib'
[2.590s] Level 1:colcon.colcon_core.shell:create_environment_hook('rmitbot_firmware', 'ld_library_path_lib')
[2.590s] INFO:colcon.colcon_core.shell:Creating environment descriptor '/home/ngan/Documents/test_github/lesson6_ws/install/rmitbot_firmware/share/rmitbot_firmware/hook/ld_library_path_lib.dsv'
[2.590s] INFO:colcon.colcon_core.shell:Creating environment hook '/home/ngan/Documents/test_github/lesson6_ws/install/rmitbot_firmware/share/rmitbot_firmware/hook/ld_library_path_lib.sh'
[2.591s] Level 1:colcon.colcon_core.environment:checking '/home/ngan/Documents/test_github/lesson6_ws/install/rmitbot_firmware/bin'
[2.591s] Level 1:colcon.colcon_core.environment:checking '/home/ngan/Documents/test_github/lesson6_ws/install/rmitbot_firmware/lib/pkgconfig/rmitbot_firmware.pc'
[2.591s] Level 1:colcon.colcon_core.environment:checking '/home/ngan/Documents/test_github/lesson6_ws/install/rmitbot_firmware/lib/python3.12/site-packages'
[2.592s] Level 1:colcon.colcon_core.environment:checking '/home/ngan/Documents/test_github/lesson6_ws/install/rmitbot_firmware/bin'
[2.592s] INFO:colcon.colcon_core.shell:Creating package descriptor '/home/ngan/Documents/test_github/lesson6_ws/install/rmitbot_firmware/share/rmitbot_firmware/package.dsv'
[2.592s] INFO:colcon.colcon_core.shell:Creating package script '/home/ngan/Documents/test_github/lesson6_ws/install/rmitbot_firmware/share/rmitbot_firmware/package.sh'
[2.593s] INFO:colcon.colcon_core.shell:Creating package script '/home/ngan/Documents/test_github/lesson6_ws/install/rmitbot_firmware/share/rmitbot_firmware/package.bash'
[2.595s] INFO:colcon.colcon_core.shell:Creating package script '/home/ngan/Documents/test_github/lesson6_ws/install/rmitbot_firmware/share/rmitbot_firmware/package.zsh'
[2.597s] Level 1:colcon.colcon_core.environment:create_file_with_runtime_dependencies(/home/ngan/Documents/test_github/lesson6_ws/install/rmitbot_firmware/share/colcon-core/packages/rmitbot_firmware)
[2.600s] Level 1:colcon.colcon_core.environment:create_environment_scripts_only(rmitbot_firmware)
[2.602s] Level 1:colcon.colcon_core.environment:checking '/home/ngan/Documents/test_github/lesson6_ws/install/rmitbot_firmware' for CMake module files
[2.603s] Level 1:colcon.colcon_core.environment:checking '/home/ngan/Documents/test_github/lesson6_ws/install/rmitbot_firmware' for CMake config files
[2.603s] Level 1:colcon.colcon_core.shell:create_environment_hook('rmitbot_firmware', 'cmake_prefix_path')
[2.604s] INFO:colcon.colcon_core.shell:Creating environment descriptor '/home/ngan/Documents/test_github/lesson6_ws/install/rmitbot_firmware/share/rmitbot_firmware/hook/cmake_prefix_path.dsv'
[2.604s] INFO:colcon.colcon_core.shell:Creating environment hook '/home/ngan/Documents/test_github/lesson6_ws/install/rmitbot_firmware/share/rmitbot_firmware/hook/cmake_prefix_path.sh'
[2.610s] Level 1:colcon.colcon_core.environment:checking '/home/ngan/Documents/test_github/lesson6_ws/install/rmitbot_firmware/lib'
[2.610s] Level 1:colcon.colcon_core.shell:create_environment_hook('rmitbot_firmware', 'ld_library_path_lib')
[2.610s] INFO:colcon.colcon_core.shell:Creating environment descriptor '/home/ngan/Documents/test_github/lesson6_ws/install/rmitbot_firmware/share/rmitbot_firmware/hook/ld_library_path_lib.dsv'
[2.611s] INFO:colcon.colcon_core.shell:Creating environment hook '/home/ngan/Documents/test_github/lesson6_ws/install/rmitbot_firmware/share/rmitbot_firmware/hook/ld_library_path_lib.sh'
[2.612s] Level 1:colcon.colcon_core.environment:checking '/home/ngan/Documents/test_github/lesson6_ws/install/rmitbot_firmware/bin'
[2.615s] Level 1:colcon.colcon_core.environment:checking '/home/ngan/Documents/test_github/lesson6_ws/install/rmitbot_firmware/lib/pkgconfig/rmitbot_firmware.pc'
[2.615s] Level 1:colcon.colcon_core.environment:checking '/home/ngan/Documents/test_github/lesson6_ws/install/rmitbot_firmware/lib/python3.12/site-packages'
[2.615s] Level 1:colcon.colcon_core.environment:checking '/home/ngan/Documents/test_github/lesson6_ws/install/rmitbot_firmware/bin'
[2.616s] INFO:colcon.colcon_core.shell:Creating package descriptor '/home/ngan/Documents/test_github/lesson6_ws/install/rmitbot_firmware/share/rmitbot_firmware/package.dsv'
[2.616s] INFO:colcon.colcon_core.shell:Creating package script '/home/ngan/Documents/test_github/lesson6_ws/install/rmitbot_firmware/share/rmitbot_firmware/package.sh'
[2.617s] INFO:colcon.colcon_core.shell:Creating package script '/home/ngan/Documents/test_github/lesson6_ws/install/rmitbot_firmware/share/rmitbot_firmware/package.bash'
[2.619s] INFO:colcon.colcon_core.shell:Creating package script '/home/ngan/Documents/test_github/lesson6_ws/install/rmitbot_firmware/share/rmitbot_firmware/package.zsh'
[2.622s] Level 1:colcon.colcon_core.environment:create_file_with_runtime_dependencies(/home/ngan/Documents/test_github/lesson6_ws/install/rmitbot_firmware/share/colcon-core/packages/rmitbot_firmware)
[2.622s] INFO:colcon.colcon_ros.task.ament_python.build:Building ROS package in '/home/ngan/Documents/test_github/lesson6_ws/src/rmitbot_vision/stop_sign_control' with build type 'ament_python'
[2.623s] Level 1:colcon.colcon_core.shell:create_environment_hook('stop_sign_control', 'ament_prefix_path')
[2.623s] INFO:colcon.colcon_core.shell:Creating environment descriptor '/home/ngan/Documents/test_github/lesson6_ws/install/stop_sign_control/share/stop_sign_control/hook/ament_prefix_path.dsv'
[2.623s] INFO:colcon.colcon_core.shell:Creating environment hook '/home/ngan/Documents/test_github/lesson6_ws/install/stop_sign_control/share/stop_sign_control/hook/ament_prefix_path.sh'
[2.626s] DEBUG:colcon.colcon_core.shell:Skip shell extension 'dsv' for command environment
[3.140s] INFO:colcon.colcon_core.task.python.build:Building Python package in '/home/ngan/Documents/test_github/lesson6_ws/src/rmitbot_vision/stop_sign_control'
[3.141s] DEBUG:colcon.colcon_core.shell:Skip shell extension 'dsv' for command environment
[3.150s] DEBUG:colcon.colcon_core.event_handler.log_command:Invoked command in '/home/ngan/Documents/test_github/lesson6_ws/build/rmitbot_localization' returned '0': CMAKE_PREFIX_PATH=${CMAKE_PREFIX_PATH}:/home/ngan/Documents/test_github/lesson6_ws/install/stop_sign_control:/home/ngan/Documents/test_github/lesson6_ws/install/opencv_tests:/opt/ros/jazzy DEBUGINFOD_URLS=https://debuginfod.ubuntu.com /usr/bin/cmake --build /home/ngan/Documents/test_github/lesson6_ws/build/rmitbot_localization -- -j4 -l4
[3.151s] DEBUG:colcon.colcon_core.event_handler.log_command:Invoking command in '/home/ngan/Documents/test_github/lesson6_ws/build/rmitbot_localization': CMAKE_PREFIX_PATH=${CMAKE_PREFIX_PATH}:/home/ngan/Documents/test_github/lesson6_ws/install/stop_sign_control:/home/ngan/Documents/test_github/lesson6_ws/install/opencv_tests:/opt/ros/jazzy DEBUGINFOD_URLS=https://debuginfod.ubuntu.com /usr/bin/cmake --install /home/ngan/Documents/test_github/lesson6_ws/build/rmitbot_localization
[3.153s] DEBUG:colcon.colcon_core.event_handler.log_command:Invoked command in '/home/ngan/Documents/test_github/lesson6_ws/build/rmitbot_mapping' returned '0': CMAKE_PREFIX_PATH=${CMAKE_PREFIX_PATH}:/home/ngan/Documents/test_github/lesson6_ws/install/stop_sign_control:/home/ngan/Documents/test_github/lesson6_ws/install/opencv_tests:/opt/ros/jazzy DEBUGINFOD_URLS=https://debuginfod.ubuntu.com /usr/bin/cmake --build /home/ngan/Documents/test_github/lesson6_ws/build/rmitbot_mapping -- -j4 -l4
[3.154s] DEBUG:colcon.colcon_core.event_handler.log_command:Invoking command in '/home/ngan/Documents/test_github/lesson6_ws/build/rmitbot_mapping': CMAKE_PREFIX_PATH=${CMAKE_PREFIX_PATH}:/home/ngan/Documents/test_github/lesson6_ws/install/stop_sign_control:/home/ngan/Documents/test_github/lesson6_ws/install/opencv_tests:/opt/ros/jazzy DEBUGINFOD_URLS=https://debuginfod.ubuntu.com /usr/bin/cmake --install /home/ngan/Documents/test_github/lesson6_ws/build/rmitbot_mapping
[3.157s] Level 1:colcon.colcon_core.environment:create_environment_scripts_only(cv_bridge)
[3.157s] Level 1:colcon.colcon_core.environment:checking '/home/ngan/Documents/test_github/lesson6_ws/install/cv_bridge' for CMake module files
[3.158s] Level 1:colcon.colcon_core.environment:checking '/home/ngan/Documents/test_github/lesson6_ws/install/cv_bridge' for CMake config files
[3.158s] Level 1:colcon.colcon_core.shell:create_environment_hook('cv_bridge', 'cmake_prefix_path')
[3.158s] INFO:colcon.colcon_core.shell:Creating environment descriptor '/home/ngan/Documents/test_github/lesson6_ws/install/cv_bridge/share/cv_bridge/hook/cmake_prefix_path.dsv'
[3.161s] DEBUG:colcon.colcon_core.event_handler.log_command:Invoked command in '/home/ngan/Documents/test_github/lesson6_ws/build/cv_bridge' returned '0': CMAKE_PREFIX_PATH=${CMAKE_PREFIX_PATH}:/home/ngan/Documents/test_github/lesson6_ws/install/stop_sign_control:/home/ngan/Documents/test_github/lesson6_ws/install/opencv_tests:/opt/ros/jazzy DEBUGINFOD_URLS=https://debuginfod.ubuntu.com /usr/bin/cmake --install /home/ngan/Documents/test_github/lesson6_ws/build/cv_bridge
[3.162s] INFO:colcon.colcon_core.shell:Creating environment hook '/home/ngan/Documents/test_github/lesson6_ws/install/cv_bridge/share/cv_bridge/hook/cmake_prefix_path.sh'
[3.165s] Level 1:colcon.colcon_core.environment:checking '/home/ngan/Documents/test_github/lesson6_ws/install/cv_bridge/lib'
[3.165s] Level 1:colcon.colcon_core.shell:create_environment_hook('cv_bridge', 'ld_library_path_lib')
[3.165s] INFO:colcon.colcon_core.shell:Creating environment descriptor '/home/ngan/Documents/test_github/lesson6_ws/install/cv_bridge/share/cv_bridge/hook/ld_library_path_lib.dsv'
[3.165s] INFO:colcon.colcon_core.shell:Creating environment hook '/home/ngan/Documents/test_github/lesson6_ws/install/cv_bridge/share/cv_bridge/hook/ld_library_path_lib.sh'
[3.170s] Level 1:colcon.colcon_core.environment:checking '/home/ngan/Documents/test_github/lesson6_ws/install/cv_bridge/bin'
[3.170s] Level 1:colcon.colcon_core.environment:checking '/home/ngan/Documents/test_github/lesson6_ws/install/cv_bridge/lib/pkgconfig/cv_bridge.pc'
[3.170s] Level 1:colcon.colcon_core.environment:checking '/home/ngan/Documents/test_github/lesson6_ws/install/cv_bridge/lib/python3.12/site-packages'
[3.170s] Level 1:colcon.colcon_core.shell:create_environment_hook('cv_bridge', 'pythonpath')
[3.170s] INFO:colcon.colcon_core.shell:Creating environment descriptor '/home/ngan/Documents/test_github/lesson6_ws/install/cv_bridge/share/cv_bridge/hook/pythonpath.dsv'
[3.173s] INFO:colcon.colcon_core.shell:Creating environment hook '/home/ngan/Documents/test_github/lesson6_ws/install/cv_bridge/share/cv_bridge/hook/pythonpath.sh'
[3.178s] Level 1:colcon.colcon_core.environment:checking '/home/ngan/Documents/test_github/lesson6_ws/install/cv_bridge/bin'
[3.178s] INFO:colcon.colcon_core.shell:Creating package descriptor '/home/ngan/Documents/test_github/lesson6_ws/install/cv_bridge/share/cv_bridge/package.dsv'
[3.179s] INFO:colcon.colcon_core.shell:Creating package script '/home/ngan/Documents/test_github/lesson6_ws/install/cv_bridge/share/cv_bridge/package.sh'
[3.183s] INFO:colcon.colcon_core.shell:Creating package script '/home/ngan/Documents/test_github/lesson6_ws/install/cv_bridge/share/cv_bridge/package.bash'
[3.187s] INFO:colcon.colcon_core.shell:Creating package script '/home/ngan/Documents/test_github/lesson6_ws/install/cv_bridge/share/cv_bridge/package.zsh'
[3.188s] Level 1:colcon.colcon_core.environment:create_file_with_runtime_dependencies(/home/ngan/Documents/test_github/lesson6_ws/install/cv_bridge/share/colcon-core/packages/cv_bridge)
[3.192s] Level 1:colcon.colcon_core.environment:create_environment_scripts_only(cv_bridge)
[3.193s] Level 1:colcon.colcon_core.environment:checking '/home/ngan/Documents/test_github/lesson6_ws/install/cv_bridge' for CMake module files
[3.196s] Level 1:colcon.colcon_core.environment:checking '/home/ngan/Documents/test_github/lesson6_ws/install/cv_bridge' for CMake config files
[3.196s] Level 1:colcon.colcon_core.shell:create_environment_hook('cv_bridge', 'cmake_prefix_path')
[3.197s] INFO:colcon.colcon_core.shell:Creating environment descriptor '/home/ngan/Documents/test_github/lesson6_ws/install/cv_bridge/share/cv_bridge/hook/cmake_prefix_path.dsv'
[3.197s] INFO:colcon.colcon_core.shell:Creating environment hook '/home/ngan/Documents/test_github/lesson6_ws/install/cv_bridge/share/cv_bridge/hook/cmake_prefix_path.sh'
[3.205s] Level 1:colcon.colcon_core.environment:checking '/home/ngan/Documents/test_github/lesson6_ws/install/cv_bridge/lib'
[3.205s] Level 1:colcon.colcon_core.shell:create_environment_hook('cv_bridge', 'ld_library_path_lib')
[3.205s] INFO:colcon.colcon_core.shell:Creating environment descriptor '/home/ngan/Documents/test_github/lesson6_ws/install/cv_bridge/share/cv_bridge/hook/ld_library_path_lib.dsv'
[3.206s] INFO:colcon.colcon_core.shell:Creating environment hook '/home/ngan/Documents/test_github/lesson6_ws/install/cv_bridge/share/cv_bridge/hook/ld_library_path_lib.sh'
[3.207s] Level 1:colcon.colcon_core.environment:checking '/home/ngan/Documents/test_github/lesson6_ws/install/cv_bridge/bin'
[3.208s] Level 1:colcon.colcon_core.environment:checking '/home/ngan/Documents/test_github/lesson6_ws/install/cv_bridge/lib/pkgconfig/cv_bridge.pc'
[3.208s] Level 1:colcon.colcon_core.environment:checking '/home/ngan/Documents/test_github/lesson6_ws/install/cv_bridge/lib/python3.12/site-packages'
[3.208s] Level 1:colcon.colcon_core.shell:create_environment_hook('cv_bridge', 'pythonpath')
[3.208s] INFO:colcon.colcon_core.shell:Creating environment descriptor '/home/ngan/Documents/test_github/lesson6_ws/install/cv_bridge/share/cv_bridge/hook/pythonpath.dsv'
[3.209s] INFO:colcon.colcon_core.shell:Creating environment hook '/home/ngan/Documents/test_github/lesson6_ws/install/cv_bridge/share/cv_bridge/hook/pythonpath.sh'
[3.210s] Level 1:colcon.colcon_core.environment:checking '/home/ngan/Documents/test_github/lesson6_ws/install/cv_bridge/bin'
[3.210s] INFO:colcon.colcon_core.shell:Creating package descriptor '/home/ngan/Documents/test_github/lesson6_ws/install/cv_bridge/share/cv_bridge/package.dsv'
[3.211s] INFO:colcon.colcon_core.shell:Creating package script '/home/ngan/Documents/test_github/lesson6_ws/install/cv_bridge/share/cv_bridge/package.sh'
[3.213s] INFO:colcon.colcon_core.shell:Creating package script '/home/ngan/Documents/test_github/lesson6_ws/install/cv_bridge/share/cv_bridge/package.bash'
[3.214s] INFO:colcon.colcon_core.shell:Creating package script '/home/ngan/Documents/test_github/lesson6_ws/install/cv_bridge/share/cv_bridge/package.zsh'
[3.218s] Level 1:colcon.colcon_core.environment:create_file_with_runtime_dependencies(/home/ngan/Documents/test_github/lesson6_ws/install/cv_bridge/share/colcon-core/packages/cv_bridge)
[3.224s] INFO:colcon.colcon_ros.task.ament_cmake.build:Building ROS package in '/home/ngan/Documents/test_github/lesson6_ws/src/rmitbot_vision/darknet_ros/darknet_ros/darknet_ros' with build type 'ament_cmake'
[3.224s] INFO:colcon.colcon_cmake.task.cmake.build:Building CMake package in '/home/ngan/Documents/test_github/lesson6_ws/src/rmitbot_vision/darknet_ros/darknet_ros/darknet_ros'
[3.225s] DEBUG:colcon.colcon_core.shell:Skip shell extension 'dsv' for command environment
[3.269s] Level 1:colcon.colcon_core.environment:create_environment_scripts_only(rmitbot_localization)
[3.270s] Level 1:colcon.colcon_core.environment:checking '/home/ngan/Documents/test_github/lesson6_ws/install/rmitbot_localization' for CMake module files
[3.273s] Level 1:colcon.colcon_core.environment:checking '/home/ngan/Documents/test_github/lesson6_ws/install/rmitbot_localization' for CMake config files
[3.274s] Level 1:colcon.colcon_core.shell:create_environment_hook('rmitbot_localization', 'cmake_prefix_path')
[3.270s] DEBUG:colcon.colcon_core.event_handler.log_command:Invoked command in '/home/ngan/Documents/test_github/lesson6_ws/build/rmitbot_localization' returned '0': CMAKE_PREFIX_PATH=${CMAKE_PREFIX_PATH}:/home/ngan/Documents/test_github/lesson6_ws/install/stop_sign_control:/home/ngan/Documents/test_github/lesson6_ws/install/opencv_tests:/opt/ros/jazzy DEBUGINFOD_URLS=https://debuginfod.ubuntu.com /usr/bin/cmake --install /home/ngan/Documents/test_github/lesson6_ws/build/rmitbot_localization
[3.274s] INFO:colcon.colcon_core.shell:Creating environment descriptor '/home/ngan/Documents/test_github/lesson6_ws/install/rmitbot_localization/share/rmitbot_localization/hook/cmake_prefix_path.dsv'
[3.276s] INFO:colcon.colcon_core.shell:Creating environment hook '/home/ngan/Documents/test_github/lesson6_ws/install/rmitbot_localization/share/rmitbot_localization/hook/cmake_prefix_path.sh'
[3.277s] Level 1:colcon.colcon_core.environment:checking '/home/ngan/Documents/test_github/lesson6_ws/install/rmitbot_localization/bin'
[3.278s] Level 1:colcon.colcon_core.environment:checking '/home/ngan/Documents/test_github/lesson6_ws/install/rmitbot_localization/lib/pkgconfig/rmitbot_localization.pc'
[3.278s] Level 1:colcon.colcon_core.environment:checking '/home/ngan/Documents/test_github/lesson6_ws/install/rmitbot_localization/lib/python3.12/site-packages'
[3.278s] Level 1:colcon.colcon_core.environment:checking '/home/ngan/Documents/test_github/lesson6_ws/install/rmitbot_localization/bin'
[3.279s] INFO:colcon.colcon_core.shell:Creating package descriptor '/home/ngan/Documents/test_github/lesson6_ws/install/rmitbot_localization/share/rmitbot_localization/package.dsv'
[3.280s] INFO:colcon.colcon_core.shell:Creating package script '/home/ngan/Documents/test_github/lesson6_ws/install/rmitbot_localization/share/rmitbot_localization/package.sh'
[3.281s] INFO:colcon.colcon_core.shell:Creating package script '/home/ngan/Documents/test_github/lesson6_ws/install/rmitbot_localization/share/rmitbot_localization/package.bash'
[3.281s] INFO:colcon.colcon_core.shell:Creating package script '/home/ngan/Documents/test_github/lesson6_ws/install/rmitbot_localization/share/rmitbot_localization/package.zsh'
[3.282s] Level 1:colcon.colcon_core.environment:create_file_with_runtime_dependencies(/home/ngan/Documents/test_github/lesson6_ws/install/rmitbot_localization/share/colcon-core/packages/rmitbot_localization)
[3.287s] Level 1:colcon.colcon_core.environment:create_environment_scripts_only(rmitbot_localization)
[3.287s] Level 1:colcon.colcon_core.environment:checking '/home/ngan/Documents/test_github/lesson6_ws/install/rmitbot_localization' for CMake module files
[3.288s] Level 1:colcon.colcon_core.environment:checking '/home/ngan/Documents/test_github/lesson6_ws/install/rmitbot_localization' for CMake config files
[3.289s] Level 1:colcon.colcon_core.shell:create_environment_hook('rmitbot_localization', 'cmake_prefix_path')
[3.289s] INFO:colcon.colcon_core.shell:Creating environment descriptor '/home/ngan/Documents/test_github/lesson6_ws/install/rmitbot_localization/share/rmitbot_localization/hook/cmake_prefix_path.dsv'
[3.293s] INFO:colcon.colcon_core.shell:Creating environment hook '/home/ngan/Documents/test_github/lesson6_ws/install/rmitbot_localization/share/rmitbot_localization/hook/cmake_prefix_path.sh'
[3.297s] Level 1:colcon.colcon_core.environment:checking '/home/ngan/Documents/test_github/lesson6_ws/install/rmitbot_localization/bin'
[3.298s] Level 1:colcon.colcon_core.environment:checking '/home/ngan/Documents/test_github/lesson6_ws/install/rmitbot_localization/lib/pkgconfig/rmitbot_localization.pc'
[3.299s] Level 1:colcon.colcon_core.environment:checking '/home/ngan/Documents/test_github/lesson6_ws/install/rmitbot_localization/lib/python3.12/site-packages'
[3.299s] Level 1:colcon.colcon_core.environment:checking '/home/ngan/Documents/test_github/lesson6_ws/install/rmitbot_localization/bin'
[3.300s] INFO:colcon.colcon_core.shell:Creating package descriptor '/home/ngan/Documents/test_github/lesson6_ws/install/rmitbot_localization/share/rmitbot_localization/package.dsv'
[3.300s] INFO:colcon.colcon_core.shell:Creating package script '/home/ngan/Documents/test_github/lesson6_ws/install/rmitbot_localization/share/rmitbot_localization/package.sh'
[3.302s] INFO:colcon.colcon_core.shell:Creating package script '/home/ngan/Documents/test_github/lesson6_ws/install/rmitbot_localization/share/rmitbot_localization/package.bash'
[3.303s] INFO:colcon.colcon_core.shell:Creating package script '/home/ngan/Documents/test_github/lesson6_ws/install/rmitbot_localization/share/rmitbot_localization/package.zsh'
[3.304s] Level 1:colcon.colcon_core.environment:create_file_with_runtime_dependencies(/home/ngan/Documents/test_github/lesson6_ws/install/rmitbot_localization/share/colcon-core/packages/rmitbot_localization)
[3.305s] Level 1:colcon.colcon_core.environment:create_environment_scripts_only(rmitbot_mapping)
[3.307s] Level 1:colcon.colcon_core.environment:checking '/home/ngan/Documents/test_github/lesson6_ws/install/rmitbot_mapping' for CMake module files
[3.308s] Level 1:colcon.colcon_core.environment:checking '/home/ngan/Documents/test_github/lesson6_ws/install/rmitbot_mapping' for CMake config files
[3.308s] Level 1:colcon.colcon_core.shell:create_environment_hook('rmitbot_mapping', 'cmake_prefix_path')
[3.308s] INFO:colcon.colcon_core.shell:Creating environment descriptor '/home/ngan/Documents/test_github/lesson6_ws/install/rmitbot_mapping/share/rmitbot_mapping/hook/cmake_prefix_path.dsv'
[3.306s] DEBUG:colcon.colcon_core.event_handler.log_command:Invoked command in '/home/ngan/Documents/test_github/lesson6_ws/build/rmitbot_mapping' returned '0': CMAKE_PREFIX_PATH=${CMAKE_PREFIX_PATH}:/home/ngan/Documents/test_github/lesson6_ws/install/stop_sign_control:/home/ngan/Documents/test_github/lesson6_ws/install/opencv_tests:/opt/ros/jazzy DEBUGINFOD_URLS=https://debuginfod.ubuntu.com /usr/bin/cmake --install /home/ngan/Documents/test_github/lesson6_ws/build/rmitbot_mapping
[3.309s] INFO:colcon.colcon_core.shell:Creating environment hook '/home/ngan/Documents/test_github/lesson6_ws/install/rmitbot_mapping/share/rmitbot_mapping/hook/cmake_prefix_path.sh'
[3.310s] Level 1:colcon.colcon_core.environment:checking '/home/ngan/Documents/test_github/lesson6_ws/install/rmitbot_mapping/bin'
[3.311s] Level 1:colcon.colcon_core.environment:checking '/home/ngan/Documents/test_github/lesson6_ws/install/rmitbot_mapping/lib/pkgconfig/rmitbot_mapping.pc'
[3.311s] Level 1:colcon.colcon_core.environment:checking '/home/ngan/Documents/test_github/lesson6_ws/install/rmitbot_mapping/lib/python3.12/site-packages'
[3.312s] Level 1:colcon.colcon_core.environment:checking '/home/ngan/Documents/test_github/lesson6_ws/install/rmitbot_mapping/bin'
[3.312s] INFO:colcon.colcon_core.shell:Creating package descriptor '/home/ngan/Documents/test_github/lesson6_ws/install/rmitbot_mapping/share/rmitbot_mapping/package.dsv'
[3.313s] INFO:colcon.colcon_core.shell:Creating package script '/home/ngan/Documents/test_github/lesson6_ws/install/rmitbot_mapping/share/rmitbot_mapping/package.sh'
[3.314s] INFO:colcon.colcon_core.shell:Creating package script '/home/ngan/Documents/test_github/lesson6_ws/install/rmitbot_mapping/share/rmitbot_mapping/package.bash'
[3.315s] INFO:colcon.colcon_core.shell:Creating package script '/home/ngan/Documents/test_github/lesson6_ws/install/rmitbot_mapping/share/rmitbot_mapping/package.zsh'
[3.317s] Level 1:colcon.colcon_core.environment:create_file_with_runtime_dependencies(/home/ngan/Documents/test_github/lesson6_ws/install/rmitbot_mapping/share/colcon-core/packages/rmitbot_mapping)
[3.319s] Level 1:colcon.colcon_core.environment:create_environment_scripts_only(rmitbot_mapping)
[3.319s] Level 1:colcon.colcon_core.environment:checking '/home/ngan/Documents/test_github/lesson6_ws/install/rmitbot_mapping' for CMake module files
[3.321s] Level 1:colcon.colcon_core.environment:checking '/home/ngan/Documents/test_github/lesson6_ws/install/rmitbot_mapping' for CMake config files
[3.322s] Level 1:colcon.colcon_core.shell:create_environment_hook('rmitbot_mapping', 'cmake_prefix_path')
[3.322s] INFO:colcon.colcon_core.shell:Creating environment descriptor '/home/ngan/Documents/test_github/lesson6_ws/install/rmitbot_mapping/share/rmitbot_mapping/hook/cmake_prefix_path.dsv'
[3.323s] INFO:colcon.colcon_core.shell:Creating environment hook '/home/ngan/Documents/test_github/lesson6_ws/install/rmitbot_mapping/share/rmitbot_mapping/hook/cmake_prefix_path.sh'
[3.325s] Level 1:colcon.colcon_core.environment:checking '/home/ngan/Documents/test_github/lesson6_ws/install/rmitbot_mapping/bin'
[3.325s] Level 1:colcon.colcon_core.environment:checking '/home/ngan/Documents/test_github/lesson6_ws/install/rmitbot_mapping/lib/pkgconfig/rmitbot_mapping.pc'
[3.325s] Level 1:colcon.colcon_core.environment:checking '/home/ngan/Documents/test_github/lesson6_ws/install/rmitbot_mapping/lib/python3.12/site-packages'
[3.326s] Level 1:colcon.colcon_core.environment:checking '/home/ngan/Documents/test_github/lesson6_ws/install/rmitbot_mapping/bin'
[3.326s] INFO:colcon.colcon_core.shell:Creating package descriptor '/home/ngan/Documents/test_github/lesson6_ws/install/rmitbot_mapping/share/rmitbot_mapping/package.dsv'
[3.327s] INFO:colcon.colcon_core.shell:Creating package script '/home/ngan/Documents/test_github/lesson6_ws/install/rmitbot_mapping/share/rmitbot_mapping/package.sh'
[3.329s] INFO:colcon.colcon_core.shell:Creating package script '/home/ngan/Documents/test_github/lesson6_ws/install/rmitbot_mapping/share/rmitbot_mapping/package.bash'
[3.330s] INFO:colcon.colcon_core.shell:Creating package script '/home/ngan/Documents/test_github/lesson6_ws/install/rmitbot_mapping/share/rmitbot_mapping/package.zsh'
[3.331s] Level 1:colcon.colcon_core.environment:create_file_with_runtime_dependencies(/home/ngan/Documents/test_github/lesson6_ws/install/rmitbot_mapping/share/colcon-core/packages/rmitbot_mapping)
[3.333s] INFO:colcon.colcon_ros.task.ament_python.build:Building ROS package in '/home/ngan/Documents/test_github/lesson6_ws/src/rmitbot_vision/vision_opencv/opencv_tests' with build type 'ament_python'
[3.333s] Level 1:colcon.colcon_core.shell:create_environment_hook('opencv_tests', 'ament_prefix_path')
[3.333s] INFO:colcon.colcon_core.shell:Creating environment descriptor '/home/ngan/Documents/test_github/lesson6_ws/install/opencv_tests/share/opencv_tests/hook/ament_prefix_path.dsv'
[3.333s] INFO:colcon.colcon_core.shell:Creating environment hook '/home/ngan/Documents/test_github/lesson6_ws/install/opencv_tests/share/opencv_tests/hook/ament_prefix_path.sh'
[3.335s] DEBUG:colcon.colcon_core.shell:Skip shell extension 'dsv' for command environment
[3.347s] INFO:colcon.colcon_ros.task.ament_cmake.build:Building ROS package in '/home/ngan/Documents/test_github/lesson6_ws/src/rmitbot_vision/vision_opencv/vision_opencv' with build type 'ament_cmake'
[3.347s] INFO:colcon.colcon_cmake.task.cmake.build:Building CMake package in '/home/ngan/Documents/test_github/lesson6_ws/src/rmitbot_vision/vision_opencv/vision_opencv'
[3.347s] DEBUG:colcon.colcon_core.shell:Skip shell extension 'dsv' for command environment
[3.389s] DEBUG:colcon.colcon_core.event_handler.log_command:Invoking command in '/home/ngan/Documents/test_github/lesson6_ws/build/darknet_ros': CMAKE_PREFIX_PATH=/home/ngan/Documents/test_github/lesson6_ws/install/darknet_ros_msgs:/home/ngan/Documents/test_github/lesson6_ws/install/cv_bridge:/home/ngan/Documents/test_github/lesson6_ws/install/vision_opencv:/home/ngan/Documents/test_github/lesson6_ws/install/rmitbot_mapping:/home/ngan/Documents/test_github/lesson6_ws/install/rmitbot_localization:/home/ngan/Documents/test_github/lesson6_ws/install/rmitbot_firmware:/home/ngan/Documents/test_github/lesson6_ws/install/rmitbot_description:/home/ngan/Documents/test_github/lesson6_ws/install/rmitbot_controller:/home/ngan/Documents/test_github/lesson6_ws/install/rmitbot_bringup:/home/ngan/Documents/test_github/lesson6_ws/install/image_geometry:/home/ngan/Documents/test_github/lesson6_ws/install/darknet_ros:/home/ngan/Documents/test_github/lesson6_ws/install/Darknet:/opt/ros/jazzy/opt/gz_sim_vendor:/opt/ros/jazzy/opt/gz_sensors_vendor:/opt/ros/jazzy/opt/gz_physics_vendor:/opt/ros/jazzy/opt/sdformat_vendor:/opt/ros/jazzy/opt/gz_gui_vendor:/opt/ros/jazzy/opt/gz_transport_vendor:/opt/ros/jazzy/opt/gz_rendering_vendor:/opt/ros/jazzy/opt/gz_plugin_vendor:/opt/ros/jazzy/opt/gz_fuel_tools_vendor:/opt/ros/jazzy/opt/gz_msgs_vendor:/opt/ros/jazzy/opt/gz_common_vendor:/opt/ros/jazzy/opt/gz_math_vendor:/opt/ros/jazzy/opt/gz_utils_vendor:/opt/ros/jazzy/opt/gz_tools_vendor:/opt/ros/jazzy/opt/gz_ogre_next_vendor:/opt/ros/jazzy/opt/gz_dartsim_vendor:/opt/ros/jazzy/opt/gz_cmake_vendor:/home/ngan/Documents/test_github/lesson6_ws/install/stop_sign_control:/home/ngan/Documents/test_github/lesson6_ws/install/opencv_tests:/opt/ros/jazzy DEBUGINFOD_URLS=https://debuginfod.ubuntu.com LD_LIBRARY_PATH=/home/ngan/Documents/test_github/lesson6_ws/install/darknet_ros_msgs/lib:/home/ngan/Documents/test_github/lesson6_ws/install/cv_bridge/lib:/home/ngan/Documents/test_github/lesson6_ws/install/rmitbot_firmware/lib:/home/ngan/Documents/test_github/lesson6_ws/install/image_geometry/lib:/home/ngan/Documents/test_github/lesson6_ws/install/darknet_ros/lib:/opt/ros/jazzy/opt/gz_sim_vendor/lib:/opt/ros/jazzy/opt/gz_sensors_vendor/lib:/opt/ros/jazzy/opt/gz_physics_vendor/lib:/opt/ros/jazzy/opt/sdformat_vendor/lib:/opt/ros/jazzy/opt/rviz_ogre_vendor/lib:/opt/ros/jazzy/lib/aarch64-linux-gnu:/opt/ros/jazzy/opt/gz_gui_vendor/lib:/opt/ros/jazzy/opt/gz_transport_vendor/lib:/opt/ros/jazzy/opt/gz_rendering_vendor/lib:/opt/ros/jazzy/opt/gz_plugin_vendor/lib:/opt/ros/jazzy/opt/gz_fuel_tools_vendor/lib:/opt/ros/jazzy/opt/gz_msgs_vendor/lib:/opt/ros/jazzy/opt/gz_common_vendor/lib:/opt/ros/jazzy/opt/gz_math_vendor/lib:/opt/ros/jazzy/opt/gz_utils_vendor/lib:/opt/ros/jazzy/opt/gz_tools_vendor/lib:/opt/ros/jazzy/opt/gz_ogre_next_vendor/lib:/opt/ros/jazzy/opt/gz_dartsim_vendor/lib:/opt/ros/jazzy/opt/gz_cmake_vendor/lib:/opt/ros/jazzy/lib PYTHONPATH=/home/ngan/Documents/test_github/lesson6_ws/install/darknet_ros_msgs/lib/python3.12/site-packages:/home/ngan/Documents/test_github/lesson6_ws/install/cv_bridge/lib/python3.12/site-packages:/home/ngan/Documents/test_github/lesson6_ws/install/stop_sign_control/lib/python3.12/site-packages:/home/ngan/Documents/test_github/lesson6_ws/install/opencv_tests/lib/python3.12/site-packages:/home/ngan/Documents/test_github/lesson6_ws/install/image_geometry/lib/python3.12/site-packages:/opt/ros/jazzy/lib/python3.12/site-packages /usr/bin/cmake --build /home/ngan/Documents/test_github/lesson6_ws/build/darknet_ros -- -j4 -l4
[4.057s] INFO:colcon.colcon_core.task.python.build:Building Python package in '/home/ngan/Documents/test_github/lesson6_ws/src/rmitbot_vision/vision_opencv/opencv_tests'
[4.058s] DEBUG:colcon.colcon_core.shell:Skip shell extension 'dsv' for command environment
[4.076s] DEBUG:colcon.colcon_core.event_handler.log_command:Invoking command in '/home/ngan/Documents/test_github/lesson6_ws/build/vision_opencv': CMAKE_PREFIX_PATH=/home/ngan/Documents/test_github/lesson6_ws/install/image_geometry:/home/ngan/Documents/test_github/lesson6_ws/install/cv_bridge:/home/ngan/Documents/test_github/lesson6_ws/install/vision_opencv:/home/ngan/Documents/test_github/lesson6_ws/install/rmitbot_mapping:/home/ngan/Documents/test_github/lesson6_ws/install/rmitbot_localization:/home/ngan/Documents/test_github/lesson6_ws/install/rmitbot_firmware:/home/ngan/Documents/test_github/lesson6_ws/install/rmitbot_description:/home/ngan/Documents/test_github/lesson6_ws/install/rmitbot_controller:/home/ngan/Documents/test_github/lesson6_ws/install/rmitbot_bringup:/home/ngan/Documents/test_github/lesson6_ws/install/darknet_ros:/home/ngan/Documents/test_github/lesson6_ws/install/darknet_ros_msgs:/home/ngan/Documents/test_github/lesson6_ws/install/Darknet:/opt/ros/jazzy/opt/gz_sim_vendor:/opt/ros/jazzy/opt/gz_sensors_vendor:/opt/ros/jazzy/opt/gz_physics_vendor:/opt/ros/jazzy/opt/sdformat_vendor:/opt/ros/jazzy/opt/gz_gui_vendor:/opt/ros/jazzy/opt/gz_transport_vendor:/opt/ros/jazzy/opt/gz_rendering_vendor:/opt/ros/jazzy/opt/gz_plugin_vendor:/opt/ros/jazzy/opt/gz_fuel_tools_vendor:/opt/ros/jazzy/opt/gz_msgs_vendor:/opt/ros/jazzy/opt/gz_common_vendor:/opt/ros/jazzy/opt/gz_math_vendor:/opt/ros/jazzy/opt/gz_utils_vendor:/opt/ros/jazzy/opt/gz_tools_vendor:/opt/ros/jazzy/opt/gz_ogre_next_vendor:/opt/ros/jazzy/opt/gz_dartsim_vendor:/opt/ros/jazzy/opt/gz_cmake_vendor:/home/ngan/Documents/test_github/lesson6_ws/install/stop_sign_control:/home/ngan/Documents/test_github/lesson6_ws/install/opencv_tests:/opt/ros/jazzy DEBUGINFOD_URLS=https://debuginfod.ubuntu.com LD_LIBRARY_PATH=/home/ngan/Documents/test_github/lesson6_ws/install/image_geometry/lib:/home/ngan/Documents/test_github/lesson6_ws/install/cv_bridge/lib:/home/ngan/Documents/test_github/lesson6_ws/install/rmitbot_firmware/lib:/home/ngan/Documents/test_github/lesson6_ws/install/darknet_ros/lib:/home/ngan/Documents/test_github/lesson6_ws/install/darknet_ros_msgs/lib:/opt/ros/jazzy/opt/gz_sim_vendor/lib:/opt/ros/jazzy/opt/gz_sensors_vendor/lib:/opt/ros/jazzy/opt/gz_physics_vendor/lib:/opt/ros/jazzy/opt/sdformat_vendor/lib:/opt/ros/jazzy/opt/rviz_ogre_vendor/lib:/opt/ros/jazzy/lib/aarch64-linux-gnu:/opt/ros/jazzy/opt/gz_gui_vendor/lib:/opt/ros/jazzy/opt/gz_transport_vendor/lib:/opt/ros/jazzy/opt/gz_rendering_vendor/lib:/opt/ros/jazzy/opt/gz_plugin_vendor/lib:/opt/ros/jazzy/opt/gz_fuel_tools_vendor/lib:/opt/ros/jazzy/opt/gz_msgs_vendor/lib:/opt/ros/jazzy/opt/gz_common_vendor/lib:/opt/ros/jazzy/opt/gz_math_vendor/lib:/opt/ros/jazzy/opt/gz_utils_vendor/lib:/opt/ros/jazzy/opt/gz_tools_vendor/lib:/opt/ros/jazzy/opt/gz_ogre_next_vendor/lib:/opt/ros/jazzy/opt/gz_dartsim_vendor/lib:/opt/ros/jazzy/opt/gz_cmake_vendor/lib:/opt/ros/jazzy/lib PYTHONPATH=/home/ngan/Documents/test_github/lesson6_ws/install/image_geometry/lib/python3.12/site-packages:/home/ngan/Documents/test_github/lesson6_ws/install/cv_bridge/lib/python3.12/site-packages:/home/ngan/Documents/test_github/lesson6_ws/install/stop_sign_control/lib/python3.12/site-packages:/home/ngan/Documents/test_github/lesson6_ws/install/opencv_tests/lib/python3.12/site-packages:/home/ngan/Documents/test_github/lesson6_ws/install/darknet_ros_msgs/lib/python3.12/site-packages:/opt/ros/jazzy/lib/python3.12/site-packages /usr/bin/cmake --build /home/ngan/Documents/test_github/lesson6_ws/build/vision_opencv -- -j4 -l4
[4.085s] DEBUG:colcon.colcon_core.event_handler.log_command:Invoked command in '/home/ngan/Documents/test_github/lesson6_ws/build/darknet_ros' returned '0': CMAKE_PREFIX_PATH=/home/ngan/Documents/test_github/lesson6_ws/install/darknet_ros_msgs:/home/ngan/Documents/test_github/lesson6_ws/install/cv_bridge:/home/ngan/Documents/test_github/lesson6_ws/install/vision_opencv:/home/ngan/Documents/test_github/lesson6_ws/install/rmitbot_mapping:/home/ngan/Documents/test_github/lesson6_ws/install/rmitbot_localization:/home/ngan/Documents/test_github/lesson6_ws/install/rmitbot_firmware:/home/ngan/Documents/test_github/lesson6_ws/install/rmitbot_description:/home/ngan/Documents/test_github/lesson6_ws/install/rmitbot_controller:/home/ngan/Documents/test_github/lesson6_ws/install/rmitbot_bringup:/home/ngan/Documents/test_github/lesson6_ws/install/image_geometry:/home/ngan/Documents/test_github/lesson6_ws/install/darknet_ros:/home/ngan/Documents/test_github/lesson6_ws/install/Darknet:/opt/ros/jazzy/opt/gz_sim_vendor:/opt/ros/jazzy/opt/gz_sensors_vendor:/opt/ros/jazzy/opt/gz_physics_vendor:/opt/ros/jazzy/opt/sdformat_vendor:/opt/ros/jazzy/opt/gz_gui_vendor:/opt/ros/jazzy/opt/gz_transport_vendor:/opt/ros/jazzy/opt/gz_rendering_vendor:/opt/ros/jazzy/opt/gz_plugin_vendor:/opt/ros/jazzy/opt/gz_fuel_tools_vendor:/opt/ros/jazzy/opt/gz_msgs_vendor:/opt/ros/jazzy/opt/gz_common_vendor:/opt/ros/jazzy/opt/gz_math_vendor:/opt/ros/jazzy/opt/gz_utils_vendor:/opt/ros/jazzy/opt/gz_tools_vendor:/opt/ros/jazzy/opt/gz_ogre_next_vendor:/opt/ros/jazzy/opt/gz_dartsim_vendor:/opt/ros/jazzy/opt/gz_cmake_vendor:/home/ngan/Documents/test_github/lesson6_ws/install/stop_sign_control:/home/ngan/Documents/test_github/lesson6_ws/install/opencv_tests:/opt/ros/jazzy DEBUGINFOD_URLS=https://debuginfod.ubuntu.com LD_LIBRARY_PATH=/home/ngan/Documents/test_github/lesson6_ws/install/darknet_ros_msgs/lib:/home/ngan/Documents/test_github/lesson6_ws/install/cv_bridge/lib:/home/ngan/Documents/test_github/lesson6_ws/install/rmitbot_firmware/lib:/home/ngan/Documents/test_github/lesson6_ws/install/image_geometry/lib:/home/ngan/Documents/test_github/lesson6_ws/install/darknet_ros/lib:/opt/ros/jazzy/opt/gz_sim_vendor/lib:/opt/ros/jazzy/opt/gz_sensors_vendor/lib:/opt/ros/jazzy/opt/gz_physics_vendor/lib:/opt/ros/jazzy/opt/sdformat_vendor/lib:/opt/ros/jazzy/opt/rviz_ogre_vendor/lib:/opt/ros/jazzy/lib/aarch64-linux-gnu:/opt/ros/jazzy/opt/gz_gui_vendor/lib:/opt/ros/jazzy/opt/gz_transport_vendor/lib:/opt/ros/jazzy/opt/gz_rendering_vendor/lib:/opt/ros/jazzy/opt/gz_plugin_vendor/lib:/opt/ros/jazzy/opt/gz_fuel_tools_vendor/lib:/opt/ros/jazzy/opt/gz_msgs_vendor/lib:/opt/ros/jazzy/opt/gz_common_vendor/lib:/opt/ros/jazzy/opt/gz_math_vendor/lib:/opt/ros/jazzy/opt/gz_utils_vendor/lib:/opt/ros/jazzy/opt/gz_tools_vendor/lib:/opt/ros/jazzy/opt/gz_ogre_next_vendor/lib:/opt/ros/jazzy/opt/gz_dartsim_vendor/lib:/opt/ros/jazzy/opt/gz_cmake_vendor/lib:/opt/ros/jazzy/lib PYTHONPATH=/home/ngan/Documents/test_github/lesson6_ws/install/darknet_ros_msgs/lib/python3.12/site-packages:/home/ngan/Documents/test_github/lesson6_ws/install/cv_bridge/lib/python3.12/site-packages:/home/ngan/Documents/test_github/lesson6_ws/install/stop_sign_control/lib/python3.12/site-packages:/home/ngan/Documents/test_github/lesson6_ws/install/opencv_tests/lib/python3.12/site-packages:/home/ngan/Documents/test_github/lesson6_ws/install/image_geometry/lib/python3.12/site-packages:/opt/ros/jazzy/lib/python3.12/site-packages /usr/bin/cmake --build /home/ngan/Documents/test_github/lesson6_ws/build/darknet_ros -- -j4 -l4
[4.086s] DEBUG:colcon.colcon_core.event_handler.log_command:Invoking command in '/home/ngan/Documents/test_github/lesson6_ws/build/darknet_ros': CMAKE_PREFIX_PATH=/home/ngan/Documents/test_github/lesson6_ws/install/darknet_ros_msgs:/home/ngan/Documents/test_github/lesson6_ws/install/cv_bridge:/home/ngan/Documents/test_github/lesson6_ws/install/vision_opencv:/home/ngan/Documents/test_github/lesson6_ws/install/rmitbot_mapping:/home/ngan/Documents/test_github/lesson6_ws/install/rmitbot_localization:/home/ngan/Documents/test_github/lesson6_ws/install/rmitbot_firmware:/home/ngan/Documents/test_github/lesson6_ws/install/rmitbot_description:/home/ngan/Documents/test_github/lesson6_ws/install/rmitbot_controller:/home/ngan/Documents/test_github/lesson6_ws/install/rmitbot_bringup:/home/ngan/Documents/test_github/lesson6_ws/install/image_geometry:/home/ngan/Documents/test_github/lesson6_ws/install/darknet_ros:/home/ngan/Documents/test_github/lesson6_ws/install/Darknet:/opt/ros/jazzy/opt/gz_sim_vendor:/opt/ros/jazzy/opt/gz_sensors_vendor:/opt/ros/jazzy/opt/gz_physics_vendor:/opt/ros/jazzy/opt/sdformat_vendor:/opt/ros/jazzy/opt/gz_gui_vendor:/opt/ros/jazzy/opt/gz_transport_vendor:/opt/ros/jazzy/opt/gz_rendering_vendor:/opt/ros/jazzy/opt/gz_plugin_vendor:/opt/ros/jazzy/opt/gz_fuel_tools_vendor:/opt/ros/jazzy/opt/gz_msgs_vendor:/opt/ros/jazzy/opt/gz_common_vendor:/opt/ros/jazzy/opt/gz_math_vendor:/opt/ros/jazzy/opt/gz_utils_vendor:/opt/ros/jazzy/opt/gz_tools_vendor:/opt/ros/jazzy/opt/gz_ogre_next_vendor:/opt/ros/jazzy/opt/gz_dartsim_vendor:/opt/ros/jazzy/opt/gz_cmake_vendor:/home/ngan/Documents/test_github/lesson6_ws/install/stop_sign_control:/home/ngan/Documents/test_github/lesson6_ws/install/opencv_tests:/opt/ros/jazzy DEBUGINFOD_URLS=https://debuginfod.ubuntu.com LD_LIBRARY_PATH=/home/ngan/Documents/test_github/lesson6_ws/install/darknet_ros_msgs/lib:/home/ngan/Documents/test_github/lesson6_ws/install/cv_bridge/lib:/home/ngan/Documents/test_github/lesson6_ws/install/rmitbot_firmware/lib:/home/ngan/Documents/test_github/lesson6_ws/install/image_geometry/lib:/home/ngan/Documents/test_github/lesson6_ws/install/darknet_ros/lib:/opt/ros/jazzy/opt/gz_sim_vendor/lib:/opt/ros/jazzy/opt/gz_sensors_vendor/lib:/opt/ros/jazzy/opt/gz_physics_vendor/lib:/opt/ros/jazzy/opt/sdformat_vendor/lib:/opt/ros/jazzy/opt/rviz_ogre_vendor/lib:/opt/ros/jazzy/lib/aarch64-linux-gnu:/opt/ros/jazzy/opt/gz_gui_vendor/lib:/opt/ros/jazzy/opt/gz_transport_vendor/lib:/opt/ros/jazzy/opt/gz_rendering_vendor/lib:/opt/ros/jazzy/opt/gz_plugin_vendor/lib:/opt/ros/jazzy/opt/gz_fuel_tools_vendor/lib:/opt/ros/jazzy/opt/gz_msgs_vendor/lib:/opt/ros/jazzy/opt/gz_common_vendor/lib:/opt/ros/jazzy/opt/gz_math_vendor/lib:/opt/ros/jazzy/opt/gz_utils_vendor/lib:/opt/ros/jazzy/opt/gz_tools_vendor/lib:/opt/ros/jazzy/opt/gz_ogre_next_vendor/lib:/opt/ros/jazzy/opt/gz_dartsim_vendor/lib:/opt/ros/jazzy/opt/gz_cmake_vendor/lib:/opt/ros/jazzy/lib PYTHONPATH=/home/ngan/Documents/test_github/lesson6_ws/install/darknet_ros_msgs/lib/python3.12/site-packages:/home/ngan/Documents/test_github/lesson6_ws/install/cv_bridge/lib/python3.12/site-packages:/home/ngan/Documents/test_github/lesson6_ws/install/stop_sign_control/lib/python3.12/site-packages:/home/ngan/Documents/test_github/lesson6_ws/install/opencv_tests/lib/python3.12/site-packages:/home/ngan/Documents/test_github/lesson6_ws/install/image_geometry/lib/python3.12/site-packages:/opt/ros/jazzy/lib/python3.12/site-packages /usr/bin/cmake --install /home/ngan/Documents/test_github/lesson6_ws/build/darknet_ros
[4.184s] Level 1:colcon.colcon_core.environment:create_environment_scripts_only(darknet_ros)
[4.184s] Level 1:colcon.colcon_core.environment:checking '/home/ngan/Documents/test_github/lesson6_ws/install/darknet_ros' for CMake module files
[4.185s] Level 1:colcon.colcon_core.environment:checking '/home/ngan/Documents/test_github/lesson6_ws/install/darknet_ros' for CMake config files
[4.185s] Level 1:colcon.colcon_core.shell:create_environment_hook('darknet_ros', 'cmake_prefix_path')
[4.185s] INFO:colcon.colcon_core.shell:Creating environment descriptor '/home/ngan/Documents/test_github/lesson6_ws/install/darknet_ros/share/darknet_ros/hook/cmake_prefix_path.dsv'
[4.186s] INFO:colcon.colcon_core.shell:Creating environment hook '/home/ngan/Documents/test_github/lesson6_ws/install/darknet_ros/share/darknet_ros/hook/cmake_prefix_path.sh'
[4.196s] Level 1:colcon.colcon_core.environment:checking '/home/ngan/Documents/test_github/lesson6_ws/install/darknet_ros/lib'
[4.196s] Level 1:colcon.colcon_core.environment:checking '/home/ngan/Documents/test_github/lesson6_ws/install/darknet_ros/bin'
[4.197s] Level 1:colcon.colcon_core.environment:checking '/home/ngan/Documents/test_github/lesson6_ws/install/darknet_ros/lib/pkgconfig/darknet_ros.pc'
[4.197s] Level 1:colcon.colcon_core.environment:checking '/home/ngan/Documents/test_github/lesson6_ws/install/darknet_ros/lib/python3.12/site-packages'
[4.197s] Level 1:colcon.colcon_core.environment:checking '/home/ngan/Documents/test_github/lesson6_ws/install/darknet_ros/bin'
[4.197s] INFO:colcon.colcon_core.shell:Creating package descriptor '/home/ngan/Documents/test_github/lesson6_ws/install/darknet_ros/share/darknet_ros/package.dsv'
[4.198s] INFO:colcon.colcon_core.shell:Creating package script '/home/ngan/Documents/test_github/lesson6_ws/install/darknet_ros/share/darknet_ros/package.sh'
[4.203s] DEBUG:colcon.colcon_core.event_handler.log_command:Invoked command in '/home/ngan/Documents/test_github/lesson6_ws/build/darknet_ros' returned '0': CMAKE_PREFIX_PATH=/home/ngan/Documents/test_github/lesson6_ws/install/darknet_ros_msgs:/home/ngan/Documents/test_github/lesson6_ws/install/cv_bridge:/home/ngan/Documents/test_github/lesson6_ws/install/vision_opencv:/home/ngan/Documents/test_github/lesson6_ws/install/rmitbot_mapping:/home/ngan/Documents/test_github/lesson6_ws/install/rmitbot_localization:/home/ngan/Documents/test_github/lesson6_ws/install/rmitbot_firmware:/home/ngan/Documents/test_github/lesson6_ws/install/rmitbot_description:/home/ngan/Documents/test_github/lesson6_ws/install/rmitbot_controller:/home/ngan/Documents/test_github/lesson6_ws/install/rmitbot_bringup:/home/ngan/Documents/test_github/lesson6_ws/install/image_geometry:/home/ngan/Documents/test_github/lesson6_ws/install/darknet_ros:/home/ngan/Documents/test_github/lesson6_ws/install/Darknet:/opt/ros/jazzy/opt/gz_sim_vendor:/opt/ros/jazzy/opt/gz_sensors_vendor:/opt/ros/jazzy/opt/gz_physics_vendor:/opt/ros/jazzy/opt/sdformat_vendor:/opt/ros/jazzy/opt/gz_gui_vendor:/opt/ros/jazzy/opt/gz_transport_vendor:/opt/ros/jazzy/opt/gz_rendering_vendor:/opt/ros/jazzy/opt/gz_plugin_vendor:/opt/ros/jazzy/opt/gz_fuel_tools_vendor:/opt/ros/jazzy/opt/gz_msgs_vendor:/opt/ros/jazzy/opt/gz_common_vendor:/opt/ros/jazzy/opt/gz_math_vendor:/opt/ros/jazzy/opt/gz_utils_vendor:/opt/ros/jazzy/opt/gz_tools_vendor:/opt/ros/jazzy/opt/gz_ogre_next_vendor:/opt/ros/jazzy/opt/gz_dartsim_vendor:/opt/ros/jazzy/opt/gz_cmake_vendor:/home/ngan/Documents/test_github/lesson6_ws/install/stop_sign_control:/home/ngan/Documents/test_github/lesson6_ws/install/opencv_tests:/opt/ros/jazzy DEBUGINFOD_URLS=https://debuginfod.ubuntu.com LD_LIBRARY_PATH=/home/ngan/Documents/test_github/lesson6_ws/install/darknet_ros_msgs/lib:/home/ngan/Documents/test_github/lesson6_ws/install/cv_bridge/lib:/home/ngan/Documents/test_github/lesson6_ws/install/rmitbot_firmware/lib:/home/ngan/Documents/test_github/lesson6_ws/install/image_geometry/lib:/home/ngan/Documents/test_github/lesson6_ws/install/darknet_ros/lib:/opt/ros/jazzy/opt/gz_sim_vendor/lib:/opt/ros/jazzy/opt/gz_sensors_vendor/lib:/opt/ros/jazzy/opt/gz_physics_vendor/lib:/opt/ros/jazzy/opt/sdformat_vendor/lib:/opt/ros/jazzy/opt/rviz_ogre_vendor/lib:/opt/ros/jazzy/lib/aarch64-linux-gnu:/opt/ros/jazzy/opt/gz_gui_vendor/lib:/opt/ros/jazzy/opt/gz_transport_vendor/lib:/opt/ros/jazzy/opt/gz_rendering_vendor/lib:/opt/ros/jazzy/opt/gz_plugin_vendor/lib:/opt/ros/jazzy/opt/gz_fuel_tools_vendor/lib:/opt/ros/jazzy/opt/gz_msgs_vendor/lib:/opt/ros/jazzy/opt/gz_common_vendor/lib:/opt/ros/jazzy/opt/gz_math_vendor/lib:/opt/ros/jazzy/opt/gz_utils_vendor/lib:/opt/ros/jazzy/opt/gz_tools_vendor/lib:/opt/ros/jazzy/opt/gz_ogre_next_vendor/lib:/opt/ros/jazzy/opt/gz_dartsim_vendor/lib:/opt/ros/jazzy/opt/gz_cmake_vendor/lib:/opt/ros/jazzy/lib PYTHONPATH=/home/ngan/Documents/test_github/lesson6_ws/install/darknet_ros_msgs/lib/python3.12/site-packages:/home/ngan/Documents/test_github/lesson6_ws/install/cv_bridge/lib/python3.12/site-packages:/home/ngan/Documents/test_github/lesson6_ws/install/stop_sign_control/lib/python3.12/site-packages:/home/ngan/Documents/test_github/lesson6_ws/install/opencv_tests/lib/python3.12/site-packages:/home/ngan/Documents/test_github/lesson6_ws/install/image_geometry/lib/python3.12/site-packages:/opt/ros/jazzy/lib/python3.12/site-packages /usr/bin/cmake --install /home/ngan/Documents/test_github/lesson6_ws/build/darknet_ros
[4.206s] INFO:colcon.colcon_core.shell:Creating package script '/home/ngan/Documents/test_github/lesson6_ws/install/darknet_ros/share/darknet_ros/package.bash'
[4.210s] INFO:colcon.colcon_core.shell:Creating package script '/home/ngan/Documents/test_github/lesson6_ws/install/darknet_ros/share/darknet_ros/package.zsh'
[4.213s] Level 1:colcon.colcon_core.environment:create_file_with_runtime_dependencies(/home/ngan/Documents/test_github/lesson6_ws/install/darknet_ros/share/colcon-core/packages/darknet_ros)
[4.219s] Level 1:colcon.colcon_core.environment:create_environment_scripts_only(darknet_ros)
[4.219s] Level 1:colcon.colcon_core.environment:checking '/home/ngan/Documents/test_github/lesson6_ws/install/darknet_ros' for CMake module files
[4.224s] Level 1:colcon.colcon_core.environment:checking '/home/ngan/Documents/test_github/lesson6_ws/install/darknet_ros' for CMake config files
[4.224s] Level 1:colcon.colcon_core.shell:create_environment_hook('darknet_ros', 'cmake_prefix_path')
[4.224s] INFO:colcon.colcon_core.shell:Creating environment descriptor '/home/ngan/Documents/test_github/lesson6_ws/install/darknet_ros/share/darknet_ros/hook/cmake_prefix_path.dsv'
[4.228s] INFO:colcon.colcon_core.shell:Creating environment hook '/home/ngan/Documents/test_github/lesson6_ws/install/darknet_ros/share/darknet_ros/hook/cmake_prefix_path.sh'
[4.230s] Level 1:colcon.colcon_core.environment:checking '/home/ngan/Documents/test_github/lesson6_ws/install/darknet_ros/lib'
[4.232s] Level 1:colcon.colcon_core.environment:checking '/home/ngan/Documents/test_github/lesson6_ws/install/darknet_ros/bin'
[4.232s] Level 1:colcon.colcon_core.environment:checking '/home/ngan/Documents/test_github/lesson6_ws/install/darknet_ros/lib/pkgconfig/darknet_ros.pc'
[4.236s] Level 1:colcon.colcon_core.environment:checking '/home/ngan/Documents/test_github/lesson6_ws/install/darknet_ros/lib/python3.12/site-packages'
[4.236s] Level 1:colcon.colcon_core.environment:checking '/home/ngan/Documents/test_github/lesson6_ws/install/darknet_ros/bin'
[4.237s] INFO:colcon.colcon_core.shell:Creating package descriptor '/home/ngan/Documents/test_github/lesson6_ws/install/darknet_ros/share/darknet_ros/package.dsv'
[4.237s] INFO:colcon.colcon_core.shell:Creating package script '/home/ngan/Documents/test_github/lesson6_ws/install/darknet_ros/share/darknet_ros/package.sh'
[4.243s] INFO:colcon.colcon_core.shell:Creating package script '/home/ngan/Documents/test_github/lesson6_ws/install/darknet_ros/share/darknet_ros/package.bash'
[4.244s] INFO:colcon.colcon_core.shell:Creating package script '/home/ngan/Documents/test_github/lesson6_ws/install/darknet_ros/share/darknet_ros/package.zsh'
[4.245s] Level 1:colcon.colcon_core.environment:create_file_with_runtime_dependencies(/home/ngan/Documents/test_github/lesson6_ws/install/darknet_ros/share/colcon-core/packages/darknet_ros)
[4.264s] DEBUG:colcon.colcon_core.event_handler.log_command:Invoked command in '/home/ngan/Documents/test_github/lesson6_ws/build/vision_opencv' returned '0': CMAKE_PREFIX_PATH=/home/ngan/Documents/test_github/lesson6_ws/install/image_geometry:/home/ngan/Documents/test_github/lesson6_ws/install/cv_bridge:/home/ngan/Documents/test_github/lesson6_ws/install/vision_opencv:/home/ngan/Documents/test_github/lesson6_ws/install/rmitbot_mapping:/home/ngan/Documents/test_github/lesson6_ws/install/rmitbot_localization:/home/ngan/Documents/test_github/lesson6_ws/install/rmitbot_firmware:/home/ngan/Documents/test_github/lesson6_ws/install/rmitbot_description:/home/ngan/Documents/test_github/lesson6_ws/install/rmitbot_controller:/home/ngan/Documents/test_github/lesson6_ws/install/rmitbot_bringup:/home/ngan/Documents/test_github/lesson6_ws/install/darknet_ros:/home/ngan/Documents/test_github/lesson6_ws/install/darknet_ros_msgs:/home/ngan/Documents/test_github/lesson6_ws/install/Darknet:/opt/ros/jazzy/opt/gz_sim_vendor:/opt/ros/jazzy/opt/gz_sensors_vendor:/opt/ros/jazzy/opt/gz_physics_vendor:/opt/ros/jazzy/opt/sdformat_vendor:/opt/ros/jazzy/opt/gz_gui_vendor:/opt/ros/jazzy/opt/gz_transport_vendor:/opt/ros/jazzy/opt/gz_rendering_vendor:/opt/ros/jazzy/opt/gz_plugin_vendor:/opt/ros/jazzy/opt/gz_fuel_tools_vendor:/opt/ros/jazzy/opt/gz_msgs_vendor:/opt/ros/jazzy/opt/gz_common_vendor:/opt/ros/jazzy/opt/gz_math_vendor:/opt/ros/jazzy/opt/gz_utils_vendor:/opt/ros/jazzy/opt/gz_tools_vendor:/opt/ros/jazzy/opt/gz_ogre_next_vendor:/opt/ros/jazzy/opt/gz_dartsim_vendor:/opt/ros/jazzy/opt/gz_cmake_vendor:/home/ngan/Documents/test_github/lesson6_ws/install/stop_sign_control:/home/ngan/Documents/test_github/lesson6_ws/install/opencv_tests:/opt/ros/jazzy DEBUGINFOD_URLS=https://debuginfod.ubuntu.com LD_LIBRARY_PATH=/home/ngan/Documents/test_github/lesson6_ws/install/image_geometry/lib:/home/ngan/Documents/test_github/lesson6_ws/install/cv_bridge/lib:/home/ngan/Documents/test_github/lesson6_ws/install/rmitbot_firmware/lib:/home/ngan/Documents/test_github/lesson6_ws/install/darknet_ros/lib:/home/ngan/Documents/test_github/lesson6_ws/install/darknet_ros_msgs/lib:/opt/ros/jazzy/opt/gz_sim_vendor/lib:/opt/ros/jazzy/opt/gz_sensors_vendor/lib:/opt/ros/jazzy/opt/gz_physics_vendor/lib:/opt/ros/jazzy/opt/sdformat_vendor/lib:/opt/ros/jazzy/opt/rviz_ogre_vendor/lib:/opt/ros/jazzy/lib/aarch64-linux-gnu:/opt/ros/jazzy/opt/gz_gui_vendor/lib:/opt/ros/jazzy/opt/gz_transport_vendor/lib:/opt/ros/jazzy/opt/gz_rendering_vendor/lib:/opt/ros/jazzy/opt/gz_plugin_vendor/lib:/opt/ros/jazzy/opt/gz_fuel_tools_vendor/lib:/opt/ros/jazzy/opt/gz_msgs_vendor/lib:/opt/ros/jazzy/opt/gz_common_vendor/lib:/opt/ros/jazzy/opt/gz_math_vendor/lib:/opt/ros/jazzy/opt/gz_utils_vendor/lib:/opt/ros/jazzy/opt/gz_tools_vendor/lib:/opt/ros/jazzy/opt/gz_ogre_next_vendor/lib:/opt/ros/jazzy/opt/gz_dartsim_vendor/lib:/opt/ros/jazzy/opt/gz_cmake_vendor/lib:/opt/ros/jazzy/lib PYTHONPATH=/home/ngan/Documents/test_github/lesson6_ws/install/image_geometry/lib/python3.12/site-packages:/home/ngan/Documents/test_github/lesson6_ws/install/cv_bridge/lib/python3.12/site-packages:/home/ngan/Documents/test_github/lesson6_ws/install/stop_sign_control/lib/python3.12/site-packages:/home/ngan/Documents/test_github/lesson6_ws/install/opencv_tests/lib/python3.12/site-packages:/home/ngan/Documents/test_github/lesson6_ws/install/darknet_ros_msgs/lib/python3.12/site-packages:/opt/ros/jazzy/lib/python3.12/site-packages /usr/bin/cmake --build /home/ngan/Documents/test_github/lesson6_ws/build/vision_opencv -- -j4 -l4
[4.265s] DEBUG:colcon.colcon_core.event_handler.log_command:Invoking command in '/home/ngan/Documents/test_github/lesson6_ws/build/vision_opencv': CMAKE_PREFIX_PATH=/home/ngan/Documents/test_github/lesson6_ws/install/image_geometry:/home/ngan/Documents/test_github/lesson6_ws/install/cv_bridge:/home/ngan/Documents/test_github/lesson6_ws/install/vision_opencv:/home/ngan/Documents/test_github/lesson6_ws/install/rmitbot_mapping:/home/ngan/Documents/test_github/lesson6_ws/install/rmitbot_localization:/home/ngan/Documents/test_github/lesson6_ws/install/rmitbot_firmware:/home/ngan/Documents/test_github/lesson6_ws/install/rmitbot_description:/home/ngan/Documents/test_github/lesson6_ws/install/rmitbot_controller:/home/ngan/Documents/test_github/lesson6_ws/install/rmitbot_bringup:/home/ngan/Documents/test_github/lesson6_ws/install/darknet_ros:/home/ngan/Documents/test_github/lesson6_ws/install/darknet_ros_msgs:/home/ngan/Documents/test_github/lesson6_ws/install/Darknet:/opt/ros/jazzy/opt/gz_sim_vendor:/opt/ros/jazzy/opt/gz_sensors_vendor:/opt/ros/jazzy/opt/gz_physics_vendor:/opt/ros/jazzy/opt/sdformat_vendor:/opt/ros/jazzy/opt/gz_gui_vendor:/opt/ros/jazzy/opt/gz_transport_vendor:/opt/ros/jazzy/opt/gz_rendering_vendor:/opt/ros/jazzy/opt/gz_plugin_vendor:/opt/ros/jazzy/opt/gz_fuel_tools_vendor:/opt/ros/jazzy/opt/gz_msgs_vendor:/opt/ros/jazzy/opt/gz_common_vendor:/opt/ros/jazzy/opt/gz_math_vendor:/opt/ros/jazzy/opt/gz_utils_vendor:/opt/ros/jazzy/opt/gz_tools_vendor:/opt/ros/jazzy/opt/gz_ogre_next_vendor:/opt/ros/jazzy/opt/gz_dartsim_vendor:/opt/ros/jazzy/opt/gz_cmake_vendor:/home/ngan/Documents/test_github/lesson6_ws/install/stop_sign_control:/home/ngan/Documents/test_github/lesson6_ws/install/opencv_tests:/opt/ros/jazzy DEBUGINFOD_URLS=https://debuginfod.ubuntu.com LD_LIBRARY_PATH=/home/ngan/Documents/test_github/lesson6_ws/install/image_geometry/lib:/home/ngan/Documents/test_github/lesson6_ws/install/cv_bridge/lib:/home/ngan/Documents/test_github/lesson6_ws/install/rmitbot_firmware/lib:/home/ngan/Documents/test_github/lesson6_ws/install/darknet_ros/lib:/home/ngan/Documents/test_github/lesson6_ws/install/darknet_ros_msgs/lib:/opt/ros/jazzy/opt/gz_sim_vendor/lib:/opt/ros/jazzy/opt/gz_sensors_vendor/lib:/opt/ros/jazzy/opt/gz_physics_vendor/lib:/opt/ros/jazzy/opt/sdformat_vendor/lib:/opt/ros/jazzy/opt/rviz_ogre_vendor/lib:/opt/ros/jazzy/lib/aarch64-linux-gnu:/opt/ros/jazzy/opt/gz_gui_vendor/lib:/opt/ros/jazzy/opt/gz_transport_vendor/lib:/opt/ros/jazzy/opt/gz_rendering_vendor/lib:/opt/ros/jazzy/opt/gz_plugin_vendor/lib:/opt/ros/jazzy/opt/gz_fuel_tools_vendor/lib:/opt/ros/jazzy/opt/gz_msgs_vendor/lib:/opt/ros/jazzy/opt/gz_common_vendor/lib:/opt/ros/jazzy/opt/gz_math_vendor/lib:/opt/ros/jazzy/opt/gz_utils_vendor/lib:/opt/ros/jazzy/opt/gz_tools_vendor/lib:/opt/ros/jazzy/opt/gz_ogre_next_vendor/lib:/opt/ros/jazzy/opt/gz_dartsim_vendor/lib:/opt/ros/jazzy/opt/gz_cmake_vendor/lib:/opt/ros/jazzy/lib PYTHONPATH=/home/ngan/Documents/test_github/lesson6_ws/install/image_geometry/lib/python3.12/site-packages:/home/ngan/Documents/test_github/lesson6_ws/install/cv_bridge/lib/python3.12/site-packages:/home/ngan/Documents/test_github/lesson6_ws/install/stop_sign_control/lib/python3.12/site-packages:/home/ngan/Documents/test_github/lesson6_ws/install/opencv_tests/lib/python3.12/site-packages:/home/ngan/Documents/test_github/lesson6_ws/install/darknet_ros_msgs/lib/python3.12/site-packages:/opt/ros/jazzy/lib/python3.12/site-packages /usr/bin/cmake --install /home/ngan/Documents/test_github/lesson6_ws/build/vision_opencv
[4.330s] Level 1:colcon.colcon_core.environment:create_environment_scripts_only(vision_opencv)
[4.330s] Level 1:colcon.colcon_core.environment:checking '/home/ngan/Documents/test_github/lesson6_ws/install/vision_opencv' for CMake module files
[4.331s] Level 1:colcon.colcon_core.environment:checking '/home/ngan/Documents/test_github/lesson6_ws/install/vision_opencv' for CMake config files
[4.331s] Level 1:colcon.colcon_core.shell:create_environment_hook('vision_opencv', 'cmake_prefix_path')
[4.332s] INFO:colcon.colcon_core.shell:Creating environment descriptor '/home/ngan/Documents/test_github/lesson6_ws/install/vision_opencv/share/vision_opencv/hook/cmake_prefix_path.dsv'
[4.332s] INFO:colcon.colcon_core.shell:Creating environment hook '/home/ngan/Documents/test_github/lesson6_ws/install/vision_opencv/share/vision_opencv/hook/cmake_prefix_path.sh'
[4.334s] DEBUG:colcon.colcon_core.event_handler.log_command:Invoked command in '/home/ngan/Documents/test_github/lesson6_ws/build/vision_opencv' returned '0': CMAKE_PREFIX_PATH=/home/ngan/Documents/test_github/lesson6_ws/install/image_geometry:/home/ngan/Documents/test_github/lesson6_ws/install/cv_bridge:/home/ngan/Documents/test_github/lesson6_ws/install/vision_opencv:/home/ngan/Documents/test_github/lesson6_ws/install/rmitbot_mapping:/home/ngan/Documents/test_github/lesson6_ws/install/rmitbot_localization:/home/ngan/Documents/test_github/lesson6_ws/install/rmitbot_firmware:/home/ngan/Documents/test_github/lesson6_ws/install/rmitbot_description:/home/ngan/Documents/test_github/lesson6_ws/install/rmitbot_controller:/home/ngan/Documents/test_github/lesson6_ws/install/rmitbot_bringup:/home/ngan/Documents/test_github/lesson6_ws/install/darknet_ros:/home/ngan/Documents/test_github/lesson6_ws/install/darknet_ros_msgs:/home/ngan/Documents/test_github/lesson6_ws/install/Darknet:/opt/ros/jazzy/opt/gz_sim_vendor:/opt/ros/jazzy/opt/gz_sensors_vendor:/opt/ros/jazzy/opt/gz_physics_vendor:/opt/ros/jazzy/opt/sdformat_vendor:/opt/ros/jazzy/opt/gz_gui_vendor:/opt/ros/jazzy/opt/gz_transport_vendor:/opt/ros/jazzy/opt/gz_rendering_vendor:/opt/ros/jazzy/opt/gz_plugin_vendor:/opt/ros/jazzy/opt/gz_fuel_tools_vendor:/opt/ros/jazzy/opt/gz_msgs_vendor:/opt/ros/jazzy/opt/gz_common_vendor:/opt/ros/jazzy/opt/gz_math_vendor:/opt/ros/jazzy/opt/gz_utils_vendor:/opt/ros/jazzy/opt/gz_tools_vendor:/opt/ros/jazzy/opt/gz_ogre_next_vendor:/opt/ros/jazzy/opt/gz_dartsim_vendor:/opt/ros/jazzy/opt/gz_cmake_vendor:/home/ngan/Documents/test_github/lesson6_ws/install/stop_sign_control:/home/ngan/Documents/test_github/lesson6_ws/install/opencv_tests:/opt/ros/jazzy DEBUGINFOD_URLS=https://debuginfod.ubuntu.com LD_LIBRARY_PATH=/home/ngan/Documents/test_github/lesson6_ws/install/image_geometry/lib:/home/ngan/Documents/test_github/lesson6_ws/install/cv_bridge/lib:/home/ngan/Documents/test_github/lesson6_ws/install/rmitbot_firmware/lib:/home/ngan/Documents/test_github/lesson6_ws/install/darknet_ros/lib:/home/ngan/Documents/test_github/lesson6_ws/install/darknet_ros_msgs/lib:/opt/ros/jazzy/opt/gz_sim_vendor/lib:/opt/ros/jazzy/opt/gz_sensors_vendor/lib:/opt/ros/jazzy/opt/gz_physics_vendor/lib:/opt/ros/jazzy/opt/sdformat_vendor/lib:/opt/ros/jazzy/opt/rviz_ogre_vendor/lib:/opt/ros/jazzy/lib/aarch64-linux-gnu:/opt/ros/jazzy/opt/gz_gui_vendor/lib:/opt/ros/jazzy/opt/gz_transport_vendor/lib:/opt/ros/jazzy/opt/gz_rendering_vendor/lib:/opt/ros/jazzy/opt/gz_plugin_vendor/lib:/opt/ros/jazzy/opt/gz_fuel_tools_vendor/lib:/opt/ros/jazzy/opt/gz_msgs_vendor/lib:/opt/ros/jazzy/opt/gz_common_vendor/lib:/opt/ros/jazzy/opt/gz_math_vendor/lib:/opt/ros/jazzy/opt/gz_utils_vendor/lib:/opt/ros/jazzy/opt/gz_tools_vendor/lib:/opt/ros/jazzy/opt/gz_ogre_next_vendor/lib:/opt/ros/jazzy/opt/gz_dartsim_vendor/lib:/opt/ros/jazzy/opt/gz_cmake_vendor/lib:/opt/ros/jazzy/lib PYTHONPATH=/home/ngan/Documents/test_github/lesson6_ws/install/image_geometry/lib/python3.12/site-packages:/home/ngan/Documents/test_github/lesson6_ws/install/cv_bridge/lib/python3.12/site-packages:/home/ngan/Documents/test_github/lesson6_ws/install/stop_sign_control/lib/python3.12/site-packages:/home/ngan/Documents/test_github/lesson6_ws/install/opencv_tests/lib/python3.12/site-packages:/home/ngan/Documents/test_github/lesson6_ws/install/darknet_ros_msgs/lib/python3.12/site-packages:/opt/ros/jazzy/lib/python3.12/site-packages /usr/bin/cmake --install /home/ngan/Documents/test_github/lesson6_ws/build/vision_opencv
[4.344s] Level 1:colcon.colcon_core.environment:checking '/home/ngan/Documents/test_github/lesson6_ws/install/vision_opencv/bin'
[4.344s] Level 1:colcon.colcon_core.environment:checking '/home/ngan/Documents/test_github/lesson6_ws/install/vision_opencv/lib/pkgconfig/vision_opencv.pc'
[4.345s] Level 1:colcon.colcon_core.environment:checking '/home/ngan/Documents/test_github/lesson6_ws/install/vision_opencv/lib/python3.12/site-packages'
[4.345s] Level 1:colcon.colcon_core.environment:checking '/home/ngan/Documents/test_github/lesson6_ws/install/vision_opencv/bin'
[4.345s] INFO:colcon.colcon_core.shell:Creating package descriptor '/home/ngan/Documents/test_github/lesson6_ws/install/vision_opencv/share/vision_opencv/package.dsv'
[4.346s] INFO:colcon.colcon_core.shell:Creating package script '/home/ngan/Documents/test_github/lesson6_ws/install/vision_opencv/share/vision_opencv/package.sh'
[4.355s] INFO:colcon.colcon_core.shell:Creating package script '/home/ngan/Documents/test_github/lesson6_ws/install/vision_opencv/share/vision_opencv/package.bash'
[4.358s] INFO:colcon.colcon_core.shell:Creating package script '/home/ngan/Documents/test_github/lesson6_ws/install/vision_opencv/share/vision_opencv/package.zsh'
[4.362s] Level 1:colcon.colcon_core.environment:create_file_with_runtime_dependencies(/home/ngan/Documents/test_github/lesson6_ws/install/vision_opencv/share/colcon-core/packages/vision_opencv)
[4.363s] Level 1:colcon.colcon_core.environment:create_environment_scripts_only(vision_opencv)
[4.364s] Level 1:colcon.colcon_core.environment:checking '/home/ngan/Documents/test_github/lesson6_ws/install/vision_opencv' for CMake module files
[4.364s] Level 1:colcon.colcon_core.environment:checking '/home/ngan/Documents/test_github/lesson6_ws/install/vision_opencv' for CMake config files
[4.364s] Level 1:colcon.colcon_core.shell:create_environment_hook('vision_opencv', 'cmake_prefix_path')
[4.365s] INFO:colcon.colcon_core.shell:Creating environment descriptor '/home/ngan/Documents/test_github/lesson6_ws/install/vision_opencv/share/vision_opencv/hook/cmake_prefix_path.dsv'
[4.369s] INFO:colcon.colcon_core.shell:Creating environment hook '/home/ngan/Documents/test_github/lesson6_ws/install/vision_opencv/share/vision_opencv/hook/cmake_prefix_path.sh'
[4.370s] Level 1:colcon.colcon_core.environment:checking '/home/ngan/Documents/test_github/lesson6_ws/install/vision_opencv/bin'
[4.370s] Level 1:colcon.colcon_core.environment:checking '/home/ngan/Documents/test_github/lesson6_ws/install/vision_opencv/lib/pkgconfig/vision_opencv.pc'
[4.371s] Level 1:colcon.colcon_core.environment:checking '/home/ngan/Documents/test_github/lesson6_ws/install/vision_opencv/lib/python3.12/site-packages'
[4.371s] Level 1:colcon.colcon_core.environment:checking '/home/ngan/Documents/test_github/lesson6_ws/install/vision_opencv/bin'
[4.371s] INFO:colcon.colcon_core.shell:Creating package descriptor '/home/ngan/Documents/test_github/lesson6_ws/install/vision_opencv/share/vision_opencv/package.dsv'
[4.373s] INFO:colcon.colcon_core.shell:Creating package script '/home/ngan/Documents/test_github/lesson6_ws/install/vision_opencv/share/vision_opencv/package.sh'
[4.376s] INFO:colcon.colcon_core.shell:Creating package script '/home/ngan/Documents/test_github/lesson6_ws/install/vision_opencv/share/vision_opencv/package.bash'
[4.377s] INFO:colcon.colcon_core.shell:Creating package script '/home/ngan/Documents/test_github/lesson6_ws/install/vision_opencv/share/vision_opencv/package.zsh'
[4.377s] Level 1:colcon.colcon_core.environment:create_file_with_runtime_dependencies(/home/ngan/Documents/test_github/lesson6_ws/install/vision_opencv/share/colcon-core/packages/vision_opencv)
[5.016s] DEBUG:colcon.colcon_core.event_handler.log_command:Invoking command in '/home/ngan/Documents/test_github/lesson6_ws/src/rmitbot_vision/stop_sign_control': CMAKE_PREFIX_PATH=/home/ngan/Documents/test_github/lesson6_ws/install/darknet_ros_msgs:/home/ngan/Documents/test_github/lesson6_ws/install/vision_opencv:/home/ngan/Documents/test_github/lesson6_ws/install/rmitbot_mapping:/home/ngan/Documents/test_github/lesson6_ws/install/rmitbot_localization:/home/ngan/Documents/test_github/lesson6_ws/install/rmitbot_firmware:/home/ngan/Documents/test_github/lesson6_ws/install/rmitbot_description:/home/ngan/Documents/test_github/lesson6_ws/install/rmitbot_controller:/home/ngan/Documents/test_github/lesson6_ws/install/rmitbot_bringup:/home/ngan/Documents/test_github/lesson6_ws/install/image_geometry:/home/ngan/Documents/test_github/lesson6_ws/install/darknet_ros:/home/ngan/Documents/test_github/lesson6_ws/install/cv_bridge:/home/ngan/Documents/test_github/lesson6_ws/install/Darknet:/opt/ros/jazzy/opt/gz_sim_vendor:/opt/ros/jazzy/opt/gz_sensors_vendor:/opt/ros/jazzy/opt/gz_physics_vendor:/opt/ros/jazzy/opt/sdformat_vendor:/opt/ros/jazzy/opt/gz_gui_vendor:/opt/ros/jazzy/opt/gz_transport_vendor:/opt/ros/jazzy/opt/gz_rendering_vendor:/opt/ros/jazzy/opt/gz_plugin_vendor:/opt/ros/jazzy/opt/gz_fuel_tools_vendor:/opt/ros/jazzy/opt/gz_msgs_vendor:/opt/ros/jazzy/opt/gz_common_vendor:/opt/ros/jazzy/opt/gz_math_vendor:/opt/ros/jazzy/opt/gz_utils_vendor:/opt/ros/jazzy/opt/gz_tools_vendor:/opt/ros/jazzy/opt/gz_ogre_next_vendor:/opt/ros/jazzy/opt/gz_dartsim_vendor:/opt/ros/jazzy/opt/gz_cmake_vendor DEBUGINFOD_URLS=https://debuginfod.ubuntu.com LD_LIBRARY_PATH=/home/ngan/Documents/test_github/lesson6_ws/install/darknet_ros_msgs/lib:/home/ngan/Documents/test_github/lesson6_ws/install/rmitbot_firmware/lib:/home/ngan/Documents/test_github/lesson6_ws/install/image_geometry/lib:/home/ngan/Documents/test_github/lesson6_ws/install/darknet_ros/lib:/home/ngan/Documents/test_github/lesson6_ws/install/cv_bridge/lib:/opt/ros/jazzy/opt/gz_sim_vendor/lib:/opt/ros/jazzy/opt/gz_sensors_vendor/lib:/opt/ros/jazzy/opt/gz_physics_vendor/lib:/opt/ros/jazzy/opt/sdformat_vendor/lib:/opt/ros/jazzy/opt/rviz_ogre_vendor/lib:/opt/ros/jazzy/lib/aarch64-linux-gnu:/opt/ros/jazzy/opt/gz_gui_vendor/lib:/opt/ros/jazzy/opt/gz_transport_vendor/lib:/opt/ros/jazzy/opt/gz_rendering_vendor/lib:/opt/ros/jazzy/opt/gz_plugin_vendor/lib:/opt/ros/jazzy/opt/gz_fuel_tools_vendor/lib:/opt/ros/jazzy/opt/gz_msgs_vendor/lib:/opt/ros/jazzy/opt/gz_common_vendor/lib:/opt/ros/jazzy/opt/gz_math_vendor/lib:/opt/ros/jazzy/opt/gz_utils_vendor/lib:/opt/ros/jazzy/opt/gz_tools_vendor/lib:/opt/ros/jazzy/opt/gz_ogre_next_vendor/lib:/opt/ros/jazzy/opt/gz_dartsim_vendor/lib:/opt/ros/jazzy/opt/gz_cmake_vendor/lib:/opt/ros/jazzy/lib PYTHONPATH=/home/ngan/Documents/test_github/lesson6_ws/build/stop_sign_control/prefix_override:/usr/lib/python3/dist-packages/colcon_core/task/python/colcon_distutils_commands:/home/ngan/Documents/test_github/lesson6_ws/install/stop_sign_control/lib/python3.12/site-packages:/home/ngan/Documents/test_github/lesson6_ws/install/darknet_ros_msgs/lib/python3.12/site-packages:/home/ngan/Documents/test_github/lesson6_ws/install/stop_sign_control/lib/python3.12/site-packages:/home/ngan/Documents/test_github/lesson6_ws/install/opencv_tests/lib/python3.12/site-packages:/home/ngan/Documents/test_github/lesson6_ws/install/image_geometry/lib/python3.12/site-packages:/home/ngan/Documents/test_github/lesson6_ws/install/cv_bridge/lib/python3.12/site-packages:/opt/ros/jazzy/lib/python3.12/site-packages /usr/bin/python3 -W ignore:setup.py install is deprecated -W ignore:easy_install command is deprecated setup.py egg_info --egg-base ../../../build/stop_sign_control build --build-base /home/ngan/Documents/test_github/lesson6_ws/build/stop_sign_control/build install --record /home/ngan/Documents/test_github/lesson6_ws/build/stop_sign_control/install.log --single-version-externally-managed install_data
[5.680s] DEBUG:colcon.colcon_core.event_handler.log_command:Invoking command in '/home/ngan/Documents/test_github/lesson6_ws/src/rmitbot_vision/vision_opencv/opencv_tests': CMAKE_PREFIX_PATH=/home/ngan/Documents/test_github/lesson6_ws/install/cv_bridge:/home/ngan/Documents/test_github/lesson6_ws/install/vision_opencv:/home/ngan/Documents/test_github/lesson6_ws/install/rmitbot_mapping:/home/ngan/Documents/test_github/lesson6_ws/install/rmitbot_localization:/home/ngan/Documents/test_github/lesson6_ws/install/rmitbot_firmware:/home/ngan/Documents/test_github/lesson6_ws/install/rmitbot_description:/home/ngan/Documents/test_github/lesson6_ws/install/rmitbot_controller:/home/ngan/Documents/test_github/lesson6_ws/install/rmitbot_bringup:/home/ngan/Documents/test_github/lesson6_ws/install/image_geometry:/home/ngan/Documents/test_github/lesson6_ws/install/darknet_ros:/home/ngan/Documents/test_github/lesson6_ws/install/darknet_ros_msgs:/home/ngan/Documents/test_github/lesson6_ws/install/Darknet:/opt/ros/jazzy/opt/gz_sim_vendor:/opt/ros/jazzy/opt/gz_sensors_vendor:/opt/ros/jazzy/opt/gz_physics_vendor:/opt/ros/jazzy/opt/sdformat_vendor:/opt/ros/jazzy/opt/gz_gui_vendor:/opt/ros/jazzy/opt/gz_transport_vendor:/opt/ros/jazzy/opt/gz_rendering_vendor:/opt/ros/jazzy/opt/gz_plugin_vendor:/opt/ros/jazzy/opt/gz_fuel_tools_vendor:/opt/ros/jazzy/opt/gz_msgs_vendor:/opt/ros/jazzy/opt/gz_common_vendor:/opt/ros/jazzy/opt/gz_math_vendor:/opt/ros/jazzy/opt/gz_utils_vendor:/opt/ros/jazzy/opt/gz_tools_vendor:/opt/ros/jazzy/opt/gz_ogre_next_vendor:/opt/ros/jazzy/opt/gz_dartsim_vendor:/opt/ros/jazzy/opt/gz_cmake_vendor DEBUGINFOD_URLS=https://debuginfod.ubuntu.com LD_LIBRARY_PATH=/home/ngan/Documents/test_github/lesson6_ws/install/cv_bridge/lib:/home/ngan/Documents/test_github/lesson6_ws/install/rmitbot_firmware/lib:/home/ngan/Documents/test_github/lesson6_ws/install/image_geometry/lib:/home/ngan/Documents/test_github/lesson6_ws/install/darknet_ros/lib:/home/ngan/Documents/test_github/lesson6_ws/install/darknet_ros_msgs/lib:/opt/ros/jazzy/opt/gz_sim_vendor/lib:/opt/ros/jazzy/opt/gz_sensors_vendor/lib:/opt/ros/jazzy/opt/gz_physics_vendor/lib:/opt/ros/jazzy/opt/sdformat_vendor/lib:/opt/ros/jazzy/opt/rviz_ogre_vendor/lib:/opt/ros/jazzy/lib/aarch64-linux-gnu:/opt/ros/jazzy/opt/gz_gui_vendor/lib:/opt/ros/jazzy/opt/gz_transport_vendor/lib:/opt/ros/jazzy/opt/gz_rendering_vendor/lib:/opt/ros/jazzy/opt/gz_plugin_vendor/lib:/opt/ros/jazzy/opt/gz_fuel_tools_vendor/lib:/opt/ros/jazzy/opt/gz_msgs_vendor/lib:/opt/ros/jazzy/opt/gz_common_vendor/lib:/opt/ros/jazzy/opt/gz_math_vendor/lib:/opt/ros/jazzy/opt/gz_utils_vendor/lib:/opt/ros/jazzy/opt/gz_tools_vendor/lib:/opt/ros/jazzy/opt/gz_ogre_next_vendor/lib:/opt/ros/jazzy/opt/gz_dartsim_vendor/lib:/opt/ros/jazzy/opt/gz_cmake_vendor/lib:/opt/ros/jazzy/lib PYTHONPATH=/home/ngan/Documents/test_github/lesson6_ws/build/opencv_tests/prefix_override:/usr/lib/python3/dist-packages/colcon_core/task/python/colcon_distutils_commands:/home/ngan/Documents/test_github/lesson6_ws/install/opencv_tests/lib/python3.12/site-packages:/home/ngan/Documents/test_github/lesson6_ws/install/cv_bridge/lib/python3.12/site-packages:/home/ngan/Documents/test_github/lesson6_ws/install/stop_sign_control/lib/python3.12/site-packages:/home/ngan/Documents/test_github/lesson6_ws/install/opencv_tests/lib/python3.12/site-packages:/home/ngan/Documents/test_github/lesson6_ws/install/image_geometry/lib/python3.12/site-packages:/home/ngan/Documents/test_github/lesson6_ws/install/darknet_ros_msgs/lib/python3.12/site-packages:/opt/ros/jazzy/lib/python3.12/site-packages /usr/bin/python3 -W ignore:setup.py install is deprecated -W ignore:easy_install command is deprecated setup.py egg_info --egg-base ../../../../build/opencv_tests build --build-base /home/ngan/Documents/test_github/lesson6_ws/build/opencv_tests/build install --record /home/ngan/Documents/test_github/lesson6_ws/build/opencv_tests/install.log --single-version-externally-managed install_data
[7.023s] Level 1:colcon.colcon_core.environment:checking '/home/ngan/Documents/test_github/lesson6_ws/install/stop_sign_control' for CMake module files
[7.030s] DEBUG:colcon.colcon_core.event_handler.log_command:Invoked command in '/home/ngan/Documents/test_github/lesson6_ws/src/rmitbot_vision/stop_sign_control' returned '0': CMAKE_PREFIX_PATH=/home/ngan/Documents/test_github/lesson6_ws/install/darknet_ros_msgs:/home/ngan/Documents/test_github/lesson6_ws/install/vision_opencv:/home/ngan/Documents/test_github/lesson6_ws/install/rmitbot_mapping:/home/ngan/Documents/test_github/lesson6_ws/install/rmitbot_localization:/home/ngan/Documents/test_github/lesson6_ws/install/rmitbot_firmware:/home/ngan/Documents/test_github/lesson6_ws/install/rmitbot_description:/home/ngan/Documents/test_github/lesson6_ws/install/rmitbot_controller:/home/ngan/Documents/test_github/lesson6_ws/install/rmitbot_bringup:/home/ngan/Documents/test_github/lesson6_ws/install/image_geometry:/home/ngan/Documents/test_github/lesson6_ws/install/darknet_ros:/home/ngan/Documents/test_github/lesson6_ws/install/cv_bridge:/home/ngan/Documents/test_github/lesson6_ws/install/Darknet:/opt/ros/jazzy/opt/gz_sim_vendor:/opt/ros/jazzy/opt/gz_sensors_vendor:/opt/ros/jazzy/opt/gz_physics_vendor:/opt/ros/jazzy/opt/sdformat_vendor:/opt/ros/jazzy/opt/gz_gui_vendor:/opt/ros/jazzy/opt/gz_transport_vendor:/opt/ros/jazzy/opt/gz_rendering_vendor:/opt/ros/jazzy/opt/gz_plugin_vendor:/opt/ros/jazzy/opt/gz_fuel_tools_vendor:/opt/ros/jazzy/opt/gz_msgs_vendor:/opt/ros/jazzy/opt/gz_common_vendor:/opt/ros/jazzy/opt/gz_math_vendor:/opt/ros/jazzy/opt/gz_utils_vendor:/opt/ros/jazzy/opt/gz_tools_vendor:/opt/ros/jazzy/opt/gz_ogre_next_vendor:/opt/ros/jazzy/opt/gz_dartsim_vendor:/opt/ros/jazzy/opt/gz_cmake_vendor DEBUGINFOD_URLS=https://debuginfod.ubuntu.com LD_LIBRARY_PATH=/home/ngan/Documents/test_github/lesson6_ws/install/darknet_ros_msgs/lib:/home/ngan/Documents/test_github/lesson6_ws/install/rmitbot_firmware/lib:/home/ngan/Documents/test_github/lesson6_ws/install/image_geometry/lib:/home/ngan/Documents/test_github/lesson6_ws/install/darknet_ros/lib:/home/ngan/Documents/test_github/lesson6_ws/install/cv_bridge/lib:/opt/ros/jazzy/opt/gz_sim_vendor/lib:/opt/ros/jazzy/opt/gz_sensors_vendor/lib:/opt/ros/jazzy/opt/gz_physics_vendor/lib:/opt/ros/jazzy/opt/sdformat_vendor/lib:/opt/ros/jazzy/opt/rviz_ogre_vendor/lib:/opt/ros/jazzy/lib/aarch64-linux-gnu:/opt/ros/jazzy/opt/gz_gui_vendor/lib:/opt/ros/jazzy/opt/gz_transport_vendor/lib:/opt/ros/jazzy/opt/gz_rendering_vendor/lib:/opt/ros/jazzy/opt/gz_plugin_vendor/lib:/opt/ros/jazzy/opt/gz_fuel_tools_vendor/lib:/opt/ros/jazzy/opt/gz_msgs_vendor/lib:/opt/ros/jazzy/opt/gz_common_vendor/lib:/opt/ros/jazzy/opt/gz_math_vendor/lib:/opt/ros/jazzy/opt/gz_utils_vendor/lib:/opt/ros/jazzy/opt/gz_tools_vendor/lib:/opt/ros/jazzy/opt/gz_ogre_next_vendor/lib:/opt/ros/jazzy/opt/gz_dartsim_vendor/lib:/opt/ros/jazzy/opt/gz_cmake_vendor/lib:/opt/ros/jazzy/lib PYTHONPATH=/home/ngan/Documents/test_github/lesson6_ws/build/stop_sign_control/prefix_override:/usr/lib/python3/dist-packages/colcon_core/task/python/colcon_distutils_commands:/home/ngan/Documents/test_github/lesson6_ws/install/stop_sign_control/lib/python3.12/site-packages:/home/ngan/Documents/test_github/lesson6_ws/install/darknet_ros_msgs/lib/python3.12/site-packages:/home/ngan/Documents/test_github/lesson6_ws/install/stop_sign_control/lib/python3.12/site-packages:/home/ngan/Documents/test_github/lesson6_ws/install/opencv_tests/lib/python3.12/site-packages:/home/ngan/Documents/test_github/lesson6_ws/install/image_geometry/lib/python3.12/site-packages:/home/ngan/Documents/test_github/lesson6_ws/install/cv_bridge/lib/python3.12/site-packages:/opt/ros/jazzy/lib/python3.12/site-packages /usr/bin/python3 -W ignore:setup.py install is deprecated -W ignore:easy_install command is deprecated setup.py egg_info --egg-base ../../../build/stop_sign_control build --build-base /home/ngan/Documents/test_github/lesson6_ws/build/stop_sign_control/build install --record /home/ngan/Documents/test_github/lesson6_ws/build/stop_sign_control/install.log --single-version-externally-managed install_data
[7.032s] Level 1:colcon.colcon_core.environment:checking '/home/ngan/Documents/test_github/lesson6_ws/install/stop_sign_control' for CMake config files
[7.037s] Level 1:colcon.colcon_core.environment:checking '/home/ngan/Documents/test_github/lesson6_ws/install/stop_sign_control/lib'
[7.039s] Level 1:colcon.colcon_core.environment:checking '/home/ngan/Documents/test_github/lesson6_ws/install/stop_sign_control/bin'
[7.040s] Level 1:colcon.colcon_core.environment:checking '/home/ngan/Documents/test_github/lesson6_ws/install/stop_sign_control/lib/pkgconfig/stop_sign_control.pc'
[7.043s] Level 1:colcon.colcon_core.environment:checking '/home/ngan/Documents/test_github/lesson6_ws/install/stop_sign_control/lib/python3.12/site-packages'
[7.044s] Level 1:colcon.colcon_core.shell:create_environment_hook('stop_sign_control', 'pythonpath')
[7.045s] INFO:colcon.colcon_core.shell:Creating environment descriptor '/home/ngan/Documents/test_github/lesson6_ws/install/stop_sign_control/share/stop_sign_control/hook/pythonpath.dsv'
[7.054s] INFO:colcon.colcon_core.shell:Creating environment hook '/home/ngan/Documents/test_github/lesson6_ws/install/stop_sign_control/share/stop_sign_control/hook/pythonpath.sh'
[7.061s] Level 1:colcon.colcon_core.environment:checking '/home/ngan/Documents/test_github/lesson6_ws/install/stop_sign_control/bin'
[7.061s] Level 1:colcon.colcon_core.environment:create_environment_scripts_only(stop_sign_control)
[7.062s] INFO:colcon.colcon_core.shell:Creating package descriptor '/home/ngan/Documents/test_github/lesson6_ws/install/stop_sign_control/share/stop_sign_control/package.dsv'
[7.067s] INFO:colcon.colcon_core.shell:Creating package script '/home/ngan/Documents/test_github/lesson6_ws/install/stop_sign_control/share/stop_sign_control/package.sh'
[7.073s] INFO:colcon.colcon_core.shell:Creating package script '/home/ngan/Documents/test_github/lesson6_ws/install/stop_sign_control/share/stop_sign_control/package.bash'
[7.079s] INFO:colcon.colcon_core.shell:Creating package script '/home/ngan/Documents/test_github/lesson6_ws/install/stop_sign_control/share/stop_sign_control/package.zsh'
[7.085s] Level 1:colcon.colcon_core.environment:create_file_with_runtime_dependencies(/home/ngan/Documents/test_github/lesson6_ws/install/stop_sign_control/share/colcon-core/packages/stop_sign_control)
[7.640s] Level 1:colcon.colcon_core.environment:checking '/home/ngan/Documents/test_github/lesson6_ws/install/opencv_tests' for CMake module files
[7.641s] Level 1:colcon.colcon_core.environment:checking '/home/ngan/Documents/test_github/lesson6_ws/install/opencv_tests' for CMake config files
[7.642s] DEBUG:colcon.colcon_core.event_handler.log_command:Invoked command in '/home/ngan/Documents/test_github/lesson6_ws/src/rmitbot_vision/vision_opencv/opencv_tests' returned '0': CMAKE_PREFIX_PATH=/home/ngan/Documents/test_github/lesson6_ws/install/cv_bridge:/home/ngan/Documents/test_github/lesson6_ws/install/vision_opencv:/home/ngan/Documents/test_github/lesson6_ws/install/rmitbot_mapping:/home/ngan/Documents/test_github/lesson6_ws/install/rmitbot_localization:/home/ngan/Documents/test_github/lesson6_ws/install/rmitbot_firmware:/home/ngan/Documents/test_github/lesson6_ws/install/rmitbot_description:/home/ngan/Documents/test_github/lesson6_ws/install/rmitbot_controller:/home/ngan/Documents/test_github/lesson6_ws/install/rmitbot_bringup:/home/ngan/Documents/test_github/lesson6_ws/install/image_geometry:/home/ngan/Documents/test_github/lesson6_ws/install/darknet_ros:/home/ngan/Documents/test_github/lesson6_ws/install/darknet_ros_msgs:/home/ngan/Documents/test_github/lesson6_ws/install/Darknet:/opt/ros/jazzy/opt/gz_sim_vendor:/opt/ros/jazzy/opt/gz_sensors_vendor:/opt/ros/jazzy/opt/gz_physics_vendor:/opt/ros/jazzy/opt/sdformat_vendor:/opt/ros/jazzy/opt/gz_gui_vendor:/opt/ros/jazzy/opt/gz_transport_vendor:/opt/ros/jazzy/opt/gz_rendering_vendor:/opt/ros/jazzy/opt/gz_plugin_vendor:/opt/ros/jazzy/opt/gz_fuel_tools_vendor:/opt/ros/jazzy/opt/gz_msgs_vendor:/opt/ros/jazzy/opt/gz_common_vendor:/opt/ros/jazzy/opt/gz_math_vendor:/opt/ros/jazzy/opt/gz_utils_vendor:/opt/ros/jazzy/opt/gz_tools_vendor:/opt/ros/jazzy/opt/gz_ogre_next_vendor:/opt/ros/jazzy/opt/gz_dartsim_vendor:/opt/ros/jazzy/opt/gz_cmake_vendor DEBUGINFOD_URLS=https://debuginfod.ubuntu.com LD_LIBRARY_PATH=/home/ngan/Documents/test_github/lesson6_ws/install/cv_bridge/lib:/home/ngan/Documents/test_github/lesson6_ws/install/rmitbot_firmware/lib:/home/ngan/Documents/test_github/lesson6_ws/install/image_geometry/lib:/home/ngan/Documents/test_github/lesson6_ws/install/darknet_ros/lib:/home/ngan/Documents/test_github/lesson6_ws/install/darknet_ros_msgs/lib:/opt/ros/jazzy/opt/gz_sim_vendor/lib:/opt/ros/jazzy/opt/gz_sensors_vendor/lib:/opt/ros/jazzy/opt/gz_physics_vendor/lib:/opt/ros/jazzy/opt/sdformat_vendor/lib:/opt/ros/jazzy/opt/rviz_ogre_vendor/lib:/opt/ros/jazzy/lib/aarch64-linux-gnu:/opt/ros/jazzy/opt/gz_gui_vendor/lib:/opt/ros/jazzy/opt/gz_transport_vendor/lib:/opt/ros/jazzy/opt/gz_rendering_vendor/lib:/opt/ros/jazzy/opt/gz_plugin_vendor/lib:/opt/ros/jazzy/opt/gz_fuel_tools_vendor/lib:/opt/ros/jazzy/opt/gz_msgs_vendor/lib:/opt/ros/jazzy/opt/gz_common_vendor/lib:/opt/ros/jazzy/opt/gz_math_vendor/lib:/opt/ros/jazzy/opt/gz_utils_vendor/lib:/opt/ros/jazzy/opt/gz_tools_vendor/lib:/opt/ros/jazzy/opt/gz_ogre_next_vendor/lib:/opt/ros/jazzy/opt/gz_dartsim_vendor/lib:/opt/ros/jazzy/opt/gz_cmake_vendor/lib:/opt/ros/jazzy/lib PYTHONPATH=/home/ngan/Documents/test_github/lesson6_ws/build/opencv_tests/prefix_override:/usr/lib/python3/dist-packages/colcon_core/task/python/colcon_distutils_commands:/home/ngan/Documents/test_github/lesson6_ws/install/opencv_tests/lib/python3.12/site-packages:/home/ngan/Documents/test_github/lesson6_ws/install/cv_bridge/lib/python3.12/site-packages:/home/ngan/Documents/test_github/lesson6_ws/install/stop_sign_control/lib/python3.12/site-packages:/home/ngan/Documents/test_github/lesson6_ws/install/opencv_tests/lib/python3.12/site-packages:/home/ngan/Documents/test_github/lesson6_ws/install/image_geometry/lib/python3.12/site-packages:/home/ngan/Documents/test_github/lesson6_ws/install/darknet_ros_msgs/lib/python3.12/site-packages:/opt/ros/jazzy/lib/python3.12/site-packages /usr/bin/python3 -W ignore:setup.py install is deprecated -W ignore:easy_install command is deprecated setup.py egg_info --egg-base ../../../../build/opencv_tests build --build-base /home/ngan/Documents/test_github/lesson6_ws/build/opencv_tests/build install --record /home/ngan/Documents/test_github/lesson6_ws/build/opencv_tests/install.log --single-version-externally-managed install_data
[7.643s] Level 1:colcon.colcon_core.environment:checking '/home/ngan/Documents/test_github/lesson6_ws/install/opencv_tests/lib'
[7.643s] Level 1:colcon.colcon_core.environment:checking '/home/ngan/Documents/test_github/lesson6_ws/install/opencv_tests/bin'
[7.643s] Level 1:colcon.colcon_core.environment:checking '/home/ngan/Documents/test_github/lesson6_ws/install/opencv_tests/lib/pkgconfig/opencv_tests.pc'
[7.643s] Level 1:colcon.colcon_core.environment:checking '/home/ngan/Documents/test_github/lesson6_ws/install/opencv_tests/lib/python3.12/site-packages'
[7.644s] Level 1:colcon.colcon_core.shell:create_environment_hook('opencv_tests', 'pythonpath')
[7.644s] INFO:colcon.colcon_core.shell:Creating environment descriptor '/home/ngan/Documents/test_github/lesson6_ws/install/opencv_tests/share/opencv_tests/hook/pythonpath.dsv'
[7.645s] INFO:colcon.colcon_core.shell:Creating environment hook '/home/ngan/Documents/test_github/lesson6_ws/install/opencv_tests/share/opencv_tests/hook/pythonpath.sh'
[7.647s] Level 1:colcon.colcon_core.environment:checking '/home/ngan/Documents/test_github/lesson6_ws/install/opencv_tests/bin'
[7.647s] Level 1:colcon.colcon_core.environment:create_environment_scripts_only(opencv_tests)
[7.647s] INFO:colcon.colcon_core.shell:Creating package descriptor '/home/ngan/Documents/test_github/lesson6_ws/install/opencv_tests/share/opencv_tests/package.dsv'
[7.648s] INFO:colcon.colcon_core.shell:Creating package script '/home/ngan/Documents/test_github/lesson6_ws/install/opencv_tests/share/opencv_tests/package.sh'
[7.649s] INFO:colcon.colcon_core.shell:Creating package script '/home/ngan/Documents/test_github/lesson6_ws/install/opencv_tests/share/opencv_tests/package.bash'
[7.650s] INFO:colcon.colcon_core.shell:Creating package script '/home/ngan/Documents/test_github/lesson6_ws/install/opencv_tests/share/opencv_tests/package.zsh'
[7.650s] Level 1:colcon.colcon_core.environment:create_file_with_runtime_dependencies(/home/ngan/Documents/test_github/lesson6_ws/install/opencv_tests/share/colcon-core/packages/opencv_tests)
[7.654s] DEBUG:colcon.colcon_parallel_executor.executor.parallel:closing loop
[7.656s] DEBUG:colcon.colcon_parallel_executor.executor.parallel:loop closed
[7.657s] DEBUG:colcon.colcon_parallel_executor.executor.parallel:run_until_complete finished with '0'
[7.657s] DEBUG:colcon.colcon_core.event_reactor:joining thread
[7.685s] INFO:colcon.colcon_core.plugin_system:Skipping extension 'colcon_notification.desktop_notification.terminal_notifier': Not used on non-Darwin systems
[7.686s] INFO:colcon.colcon_core.plugin_system:Skipping extension 'colcon_notification.desktop_notification.win32': Not used on non-Windows systems
[7.686s] INFO:colcon.colcon_notification.desktop_notification:Sending desktop notification using 'notify2'
[7.765s] DEBUG:colcon.colcon_core.event_reactor:joined thread
[7.767s] INFO:colcon.colcon_core.shell:Creating prefix script '/home/ngan/Documents/test_github/lesson6_ws/install/local_setup.sh'
[7.768s] INFO:colcon.colcon_core.shell:Creating prefix util module '/home/ngan/Documents/test_github/lesson6_ws/install/_local_setup_util_sh.py'
[7.770s] INFO:colcon.colcon_core.shell:Creating prefix chain script '/home/ngan/Documents/test_github/lesson6_ws/install/setup.sh'
[7.773s] INFO:colcon.colcon_core.shell:Creating prefix script '/home/ngan/Documents/test_github/lesson6_ws/install/local_setup.bash'
[7.774s] INFO:colcon.colcon_core.shell:Creating prefix chain script '/home/ngan/Documents/test_github/lesson6_ws/install/setup.bash'
[7.776s] INFO:colcon.colcon_core.shell:Creating prefix script '/home/ngan/Documents/test_github/lesson6_ws/install/local_setup.zsh'
[7.777s] INFO:colcon.colcon_core.shell:Creating prefix chain script '/home/ngan/Documents/test_github/lesson6_ws/install/setup.zsh'
