[0.125s] DEBUG:colcon:Command line arguments: ['/usr/bin/colcon', 'build']
[0.125s] DEBUG:colcon:Parsed command line arguments: Namespace(log_base=None, log_level=None, verb_name='build', build_base='build', install_base='install', merge_install=False, symlink_install=False, test_result_base=None, continue_on_error=False, executor='parallel', parallel_workers=4, event_handlers=None, ignore_user_meta=False, metas=['./colcon.meta'], base_paths=['.'], packages_ignore=None, packages_ignore_regex=None, paths=None, packages_up_to=None, packages_up_to_regex=None, packages_above=None, packages_above_and_dependencies=None, packages_above_depth=None, packages_select_by_dep=None, packages_skip_by_dep=None, packages_skip_up_to=None, packages_select_build_failed=False, packages_skip_build_finished=False, packages_select_test_failures=False, packages_skip_test_passed=False, packages_select=None, packages_skip=None, packages_select_regex=None, packages_skip_regex=None, packages_start=None, packages_end=None, cmake_args=None, cmake_target=None, cmake_target_skip_unavailable=False, cmake_clean_cache=False, cmake_clean_first=False, cmake_force_configure=False, ament_cmake_args=None, catkin_cmake_args=None, catkin_skip_building_tests=False, verb_parser=<colcon_defaults.argument_parser.defaults.DefaultArgumentsDecorator object at 0xf7b1a6966090>, verb_extension=<colcon_core.verb.build.BuildVerb object at 0xf7b1a6b7a570>, main=<bound method BuildVerb.main of <colcon_core.verb.build.BuildVerb object at 0xf7b1a6b7a570>>)
[0.170s] Level 1:colcon.colcon_core.package_discovery:discover_packages(colcon_meta) check parameters
[0.170s] Level 1:colcon.colcon_core.package_discovery:discover_packages(recursive) check parameters
[0.170s] Level 1:colcon.colcon_core.package_discovery:discover_packages(ignore) check parameters
[0.170s] Level 1:colcon.colcon_core.package_discovery:discover_packages(path) check parameters
[0.170s] Level 1:colcon.colcon_core.package_discovery:discover_packages(colcon_meta) discover
[0.171s] Level 1:colcon.colcon_core.package_discovery:discover_packages(recursive) discover
[0.171s] INFO:colcon.colcon_core.package_discovery:Crawling recursively for packages in '/home/ngan/Documents/test_github/lesson6_ws'
[0.171s] Level 1:colcon.colcon_core.package_identification:_identify(.) by extensions ['ignore', 'ignore_ament_install']
[0.171s] Level 1:colcon.colcon_core.package_identification:_identify(.) by extension 'ignore'
[0.171s] Level 1:colcon.colcon_core.package_identification:_identify(.) by extension 'ignore_ament_install'
[0.171s] Level 1:colcon.colcon_core.package_identification:_identify(.) by extensions ['colcon_pkg']
[0.171s] Level 1:colcon.colcon_core.package_identification:_identify(.) by extension 'colcon_pkg'
[0.171s] Level 1:colcon.colcon_core.package_identification:_identify(.) by extensions ['colcon_meta']
[0.171s] Level 1:colcon.colcon_core.package_identification:_identify(.) by extension 'colcon_meta'
[0.171s] Level 1:colcon.colcon_core.package_identification:_identify(.) by extensions ['ros']
[0.171s] Level 1:colcon.colcon_core.package_identification:_identify(.) by extension 'ros'
[0.201s] Level 1:colcon.colcon_core.package_identification:_identify(.) by extensions ['cmake', 'python']
[0.202s] Level 1:colcon.colcon_core.package_identification:_identify(.) by extension 'cmake'
[0.202s] Level 1:colcon.colcon_core.package_identification:_identify(.) by extension 'python'
[0.202s] Level 1:colcon.colcon_core.package_identification:_identify(.) by extensions ['python_setup_py']
[0.202s] Level 1:colcon.colcon_core.package_identification:_identify(.) by extension 'python_setup_py'
[0.202s] Level 1:colcon.colcon_core.package_identification:_identify(build) by extensions ['ignore', 'ignore_ament_install']
[0.202s] Level 1:colcon.colcon_core.package_identification:_identify(build) by extension 'ignore'
[0.202s] Level 1:colcon.colcon_core.package_identification:_identify(build) ignored
[0.202s] Level 1:colcon.colcon_core.package_identification:_identify(install) by extensions ['ignore', 'ignore_ament_install']
[0.202s] Level 1:colcon.colcon_core.package_identification:_identify(install) by extension 'ignore'
[0.203s] Level 1:colcon.colcon_core.package_identification:_identify(install) ignored
[0.203s] Level 1:colcon.colcon_core.package_identification:_identify(log) by extensions ['ignore', 'ignore_ament_install']
[0.203s] Level 1:colcon.colcon_core.package_identification:_identify(log) by extension 'ignore'
[0.203s] Level 1:colcon.colcon_core.package_identification:_identify(log) ignored
[0.203s] Level 1:colcon.colcon_core.package_identification:_identify(src) by extensions ['ignore', 'ignore_ament_install']
[0.203s] Level 1:colcon.colcon_core.package_identification:_identify(src) by extension 'ignore'
[0.203s] Level 1:colcon.colcon_core.package_identification:_identify(src) by extension 'ignore_ament_install'
[0.203s] Level 1:colcon.colcon_core.package_identification:_identify(src) by extensions ['colcon_pkg']
[0.204s] Level 1:colcon.colcon_core.package_identification:_identify(src) by extension 'colcon_pkg'
[0.204s] Level 1:colcon.colcon_core.package_identification:_identify(src) by extensions ['colcon_meta']
[0.204s] Level 1:colcon.colcon_core.package_identification:_identify(src) by extension 'colcon_meta'
[0.204s] Level 1:colcon.colcon_core.package_identification:_identify(src) by extensions ['ros']
[0.204s] Level 1:colcon.colcon_core.package_identification:_identify(src) by extension 'ros'
[0.204s] Level 1:colcon.colcon_core.package_identification:_identify(src) by extensions ['cmake', 'python']
[0.204s] Level 1:colcon.colcon_core.package_identification:_identify(src) by extension 'cmake'
[0.204s] Level 1:colcon.colcon_core.package_identification:_identify(src) by extension 'python'
[0.204s] Level 1:colcon.colcon_core.package_identification:_identify(src) by extensions ['python_setup_py']
[0.204s] Level 1:colcon.colcon_core.package_identification:_identify(src) by extension 'python_setup_py'
[0.204s] Level 1:colcon.colcon_core.package_identification:_identify(src/rmitbot_bringup) by extensions ['ignore', 'ignore_ament_install']
[0.205s] Level 1:colcon.colcon_core.package_identification:_identify(src/rmitbot_bringup) by extension 'ignore'
[0.205s] Level 1:colcon.colcon_core.package_identification:_identify(src/rmitbot_bringup) by extension 'ignore_ament_install'
[0.205s] Level 1:colcon.colcon_core.package_identification:_identify(src/rmitbot_bringup) by extensions ['colcon_pkg']
[0.205s] Level 1:colcon.colcon_core.package_identification:_identify(src/rmitbot_bringup) by extension 'colcon_pkg'
[0.205s] Level 1:colcon.colcon_core.package_identification:_identify(src/rmitbot_bringup) by extensions ['colcon_meta']
[0.205s] Level 1:colcon.colcon_core.package_identification:_identify(src/rmitbot_bringup) by extension 'colcon_meta'
[0.205s] Level 1:colcon.colcon_core.package_identification:_identify(src/rmitbot_bringup) by extensions ['ros']
[0.205s] Level 1:colcon.colcon_core.package_identification:_identify(src/rmitbot_bringup) by extension 'ros'
[0.209s] DEBUG:colcon.colcon_core.package_identification:Package 'src/rmitbot_bringup' with type 'ros.ament_cmake' and name 'rmitbot_bringup'
[0.209s] Level 1:colcon.colcon_core.package_identification:_identify(src/rmitbot_controller) by extensions ['ignore', 'ignore_ament_install']
[0.210s] Level 1:colcon.colcon_core.package_identification:_identify(src/rmitbot_controller) by extension 'ignore'
[0.210s] Level 1:colcon.colcon_core.package_identification:_identify(src/rmitbot_controller) by extension 'ignore_ament_install'
[0.210s] Level 1:colcon.colcon_core.package_identification:_identify(src/rmitbot_controller) by extensions ['colcon_pkg']
[0.210s] Level 1:colcon.colcon_core.package_identification:_identify(src/rmitbot_controller) by extension 'colcon_pkg'
[0.210s] Level 1:colcon.colcon_core.package_identification:_identify(src/rmitbot_controller) by extensions ['colcon_meta']
[0.210s] Level 1:colcon.colcon_core.package_identification:_identify(src/rmitbot_controller) by extension 'colcon_meta'
[0.210s] Level 1:colcon.colcon_core.package_identification:_identify(src/rmitbot_controller) by extensions ['ros']
[0.210s] Level 1:colcon.colcon_core.package_identification:_identify(src/rmitbot_controller) by extension 'ros'
[0.211s] DEBUG:colcon.colcon_core.package_identification:Package 'src/rmitbot_controller' with type 'ros.ament_cmake' and name 'rmitbot_controller'
[0.211s] Level 1:colcon.colcon_core.package_identification:_identify(src/rmitbot_description) by extensions ['ignore', 'ignore_ament_install']
[0.211s] Level 1:colcon.colcon_core.package_identification:_identify(src/rmitbot_description) by extension 'ignore'
[0.211s] Level 1:colcon.colcon_core.package_identification:_identify(src/rmitbot_description) by extension 'ignore_ament_install'
[0.211s] Level 1:colcon.colcon_core.package_identification:_identify(src/rmitbot_description) by extensions ['colcon_pkg']
[0.211s] Level 1:colcon.colcon_core.package_identification:_identify(src/rmitbot_description) by extension 'colcon_pkg'
[0.211s] Level 1:colcon.colcon_core.package_identification:_identify(src/rmitbot_description) by extensions ['colcon_meta']
[0.211s] Level 1:colcon.colcon_core.package_identification:_identify(src/rmitbot_description) by extension 'colcon_meta'
[0.211s] Level 1:colcon.colcon_core.package_identification:_identify(src/rmitbot_description) by extensions ['ros']
[0.211s] Level 1:colcon.colcon_core.package_identification:_identify(src/rmitbot_description) by extension 'ros'
[0.212s] DEBUG:colcon.colcon_core.package_identification:Package 'src/rmitbot_description' with type 'ros.ament_cmake' and name 'rmitbot_description'
[0.212s] Level 1:colcon.colcon_core.package_identification:_identify(src/rmitbot_firmware) by extensions ['ignore', 'ignore_ament_install']
[0.212s] Level 1:colcon.colcon_core.package_identification:_identify(src/rmitbot_firmware) by extension 'ignore'
[0.212s] Level 1:colcon.colcon_core.package_identification:_identify(src/rmitbot_firmware) by extension 'ignore_ament_install'
[0.213s] Level 1:colcon.colcon_core.package_identification:_identify(src/rmitbot_firmware) by extensions ['colcon_pkg']
[0.213s] Level 1:colcon.colcon_core.package_identification:_identify(src/rmitbot_firmware) by extension 'colcon_pkg'
[0.213s] Level 1:colcon.colcon_core.package_identification:_identify(src/rmitbot_firmware) by extensions ['colcon_meta']
[0.213s] Level 1:colcon.colcon_core.package_identification:_identify(src/rmitbot_firmware) by extension 'colcon_meta'
[0.213s] Level 1:colcon.colcon_core.package_identification:_identify(src/rmitbot_firmware) by extensions ['ros']
[0.213s] Level 1:colcon.colcon_core.package_identification:_identify(src/rmitbot_firmware) by extension 'ros'
[0.214s] DEBUG:colcon.colcon_core.package_identification:Package 'src/rmitbot_firmware' with type 'ros.ament_cmake' and name 'rmitbot_firmware'
[0.214s] Level 1:colcon.colcon_core.package_identification:_identify(src/rmitbot_localization) by extensions ['ignore', 'ignore_ament_install']
[0.214s] Level 1:colcon.colcon_core.package_identification:_identify(src/rmitbot_localization) by extension 'ignore'
[0.214s] Level 1:colcon.colcon_core.package_identification:_identify(src/rmitbot_localization) by extension 'ignore_ament_install'
[0.214s] Level 1:colcon.colcon_core.package_identification:_identify(src/rmitbot_localization) by extensions ['colcon_pkg']
[0.214s] Level 1:colcon.colcon_core.package_identification:_identify(src/rmitbot_localization) by extension 'colcon_pkg'
[0.214s] Level 1:colcon.colcon_core.package_identification:_identify(src/rmitbot_localization) by extensions ['colcon_meta']
[0.214s] Level 1:colcon.colcon_core.package_identification:_identify(src/rmitbot_localization) by extension 'colcon_meta'
[0.214s] Level 1:colcon.colcon_core.package_identification:_identify(src/rmitbot_localization) by extensions ['ros']
[0.214s] Level 1:colcon.colcon_core.package_identification:_identify(src/rmitbot_localization) by extension 'ros'
[0.215s] DEBUG:colcon.colcon_core.package_identification:Package 'src/rmitbot_localization' with type 'ros.ament_cmake' and name 'rmitbot_localization'
[0.215s] Level 1:colcon.colcon_core.package_identification:_identify(src/rmitbot_mapping) by extensions ['ignore', 'ignore_ament_install']
[0.215s] Level 1:colcon.colcon_core.package_identification:_identify(src/rmitbot_mapping) by extension 'ignore'
[0.215s] Level 1:colcon.colcon_core.package_identification:_identify(src/rmitbot_mapping) by extension 'ignore_ament_install'
[0.215s] Level 1:colcon.colcon_core.package_identification:_identify(src/rmitbot_mapping) by extensions ['colcon_pkg']
[0.215s] Level 1:colcon.colcon_core.package_identification:_identify(src/rmitbot_mapping) by extension 'colcon_pkg'
[0.215s] Level 1:colcon.colcon_core.package_identification:_identify(src/rmitbot_mapping) by extensions ['colcon_meta']
[0.215s] Level 1:colcon.colcon_core.package_identification:_identify(src/rmitbot_mapping) by extension 'colcon_meta'
[0.215s] Level 1:colcon.colcon_core.package_identification:_identify(src/rmitbot_mapping) by extensions ['ros']
[0.215s] Level 1:colcon.colcon_core.package_identification:_identify(src/rmitbot_mapping) by extension 'ros'
[0.216s] DEBUG:colcon.colcon_core.package_identification:Package 'src/rmitbot_mapping' with type 'ros.ament_cmake' and name 'rmitbot_mapping'
[0.216s] Level 1:colcon.colcon_core.package_identification:_identify(src/rmitbot_vision) by extensions ['ignore', 'ignore_ament_install']
[0.216s] Level 1:colcon.colcon_core.package_identification:_identify(src/rmitbot_vision) by extension 'ignore'
[0.216s] Level 1:colcon.colcon_core.package_identification:_identify(src/rmitbot_vision) by extension 'ignore_ament_install'
[0.216s] Level 1:colcon.colcon_core.package_identification:_identify(src/rmitbot_vision) by extensions ['colcon_pkg']
[0.216s] Level 1:colcon.colcon_core.package_identification:_identify(src/rmitbot_vision) by extension 'colcon_pkg'
[0.216s] Level 1:colcon.colcon_core.package_identification:_identify(src/rmitbot_vision) by extensions ['colcon_meta']
[0.216s] Level 1:colcon.colcon_core.package_identification:_identify(src/rmitbot_vision) by extension 'colcon_meta'
[0.216s] Level 1:colcon.colcon_core.package_identification:_identify(src/rmitbot_vision) by extensions ['ros']
[0.216s] Level 1:colcon.colcon_core.package_identification:_identify(src/rmitbot_vision) by extension 'ros'
[0.216s] Level 1:colcon.colcon_core.package_identification:_identify(src/rmitbot_vision) by extensions ['cmake', 'python']
[0.216s] Level 1:colcon.colcon_core.package_identification:_identify(src/rmitbot_vision) by extension 'cmake'
[0.216s] Level 1:colcon.colcon_core.package_identification:_identify(src/rmitbot_vision) by extension 'python'
[0.216s] Level 1:colcon.colcon_core.package_identification:_identify(src/rmitbot_vision) by extensions ['python_setup_py']
[0.216s] Level 1:colcon.colcon_core.package_identification:_identify(src/rmitbot_vision) by extension 'python_setup_py'
[0.217s] Level 1:colcon.colcon_core.package_identification:_identify(src/rmitbot_vision/darknet_ros) by extensions ['ignore', 'ignore_ament_install']
[0.217s] Level 1:colcon.colcon_core.package_identification:_identify(src/rmitbot_vision/darknet_ros) by extension 'ignore'
[0.217s] Level 1:colcon.colcon_core.package_identification:_identify(src/rmitbot_vision/darknet_ros) by extension 'ignore_ament_install'
[0.217s] Level 1:colcon.colcon_core.package_identification:_identify(src/rmitbot_vision/darknet_ros) by extensions ['colcon_pkg']
[0.217s] Level 1:colcon.colcon_core.package_identification:_identify(src/rmitbot_vision/darknet_ros) by extension 'colcon_pkg'
[0.217s] Level 1:colcon.colcon_core.package_identification:_identify(src/rmitbot_vision/darknet_ros) by extensions ['colcon_meta']
[0.217s] Level 1:colcon.colcon_core.package_identification:_identify(src/rmitbot_vision/darknet_ros) by extension 'colcon_meta'
[0.217s] Level 1:colcon.colcon_core.package_identification:_identify(src/rmitbot_vision/darknet_ros) by extensions ['ros']
[0.217s] Level 1:colcon.colcon_core.package_identification:_identify(src/rmitbot_vision/darknet_ros) by extension 'ros'
[0.217s] Level 1:colcon.colcon_core.package_identification:_identify(src/rmitbot_vision/darknet_ros) by extensions ['cmake', 'python']
[0.217s] Level 1:colcon.colcon_core.package_identification:_identify(src/rmitbot_vision/darknet_ros) by extension 'cmake'
[0.217s] Level 1:colcon.colcon_core.package_identification:_identify(src/rmitbot_vision/darknet_ros) by extension 'python'
[0.217s] Level 1:colcon.colcon_core.package_identification:_identify(src/rmitbot_vision/darknet_ros) by extensions ['python_setup_py']
[0.217s] Level 1:colcon.colcon_core.package_identification:_identify(src/rmitbot_vision/darknet_ros) by extension 'python_setup_py'
[0.217s] Level 1:colcon.colcon_core.package_identification:_identify(src/rmitbot_vision/darknet_ros/darknet_ros) by extensions ['ignore', 'ignore_ament_install']
[0.217s] Level 1:colcon.colcon_core.package_identification:_identify(src/rmitbot_vision/darknet_ros/darknet_ros) by extension 'ignore'
[0.217s] Level 1:colcon.colcon_core.package_identification:_identify(src/rmitbot_vision/darknet_ros/darknet_ros) by extension 'ignore_ament_install'
[0.217s] Level 1:colcon.colcon_core.package_identification:_identify(src/rmitbot_vision/darknet_ros/darknet_ros) by extensions ['colcon_pkg']
[0.217s] Level 1:colcon.colcon_core.package_identification:_identify(src/rmitbot_vision/darknet_ros/darknet_ros) by extension 'colcon_pkg'
[0.217s] Level 1:colcon.colcon_core.package_identification:_identify(src/rmitbot_vision/darknet_ros/darknet_ros) by extensions ['colcon_meta']
[0.217s] Level 1:colcon.colcon_core.package_identification:_identify(src/rmitbot_vision/darknet_ros/darknet_ros) by extension 'colcon_meta'
[0.217s] Level 1:colcon.colcon_core.package_identification:_identify(src/rmitbot_vision/darknet_ros/darknet_ros) by extensions ['ros']
[0.217s] Level 1:colcon.colcon_core.package_identification:_identify(src/rmitbot_vision/darknet_ros/darknet_ros) by extension 'ros'
[0.218s] Level 1:colcon.colcon_core.package_identification:_identify(src/rmitbot_vision/darknet_ros/darknet_ros) by extensions ['cmake', 'python']
[0.218s] Level 1:colcon.colcon_core.package_identification:_identify(src/rmitbot_vision/darknet_ros/darknet_ros) by extension 'cmake'
[0.218s] Level 1:colcon.colcon_core.package_identification:_identify(src/rmitbot_vision/darknet_ros/darknet_ros) by extension 'python'
[0.218s] Level 1:colcon.colcon_core.package_identification:_identify(src/rmitbot_vision/darknet_ros/darknet_ros) by extensions ['python_setup_py']
[0.218s] Level 1:colcon.colcon_core.package_identification:_identify(src/rmitbot_vision/darknet_ros/darknet_ros) by extension 'python_setup_py'
[0.218s] Level 1:colcon.colcon_core.package_identification:_identify(src/rmitbot_vision/darknet_ros/darknet_ros/darknet) by extensions ['ignore', 'ignore_ament_install']
[0.218s] Level 1:colcon.colcon_core.package_identification:_identify(src/rmitbot_vision/darknet_ros/darknet_ros/darknet) by extension 'ignore'
[0.218s] Level 1:colcon.colcon_core.package_identification:_identify(src/rmitbot_vision/darknet_ros/darknet_ros/darknet) by extension 'ignore_ament_install'
[0.218s] Level 1:colcon.colcon_core.package_identification:_identify(src/rmitbot_vision/darknet_ros/darknet_ros/darknet) by extensions ['colcon_pkg']
[0.218s] Level 1:colcon.colcon_core.package_identification:_identify(src/rmitbot_vision/darknet_ros/darknet_ros/darknet) by extension 'colcon_pkg'
[0.218s] Level 1:colcon.colcon_core.package_identification:_identify(src/rmitbot_vision/darknet_ros/darknet_ros/darknet) by extensions ['colcon_meta']
[0.218s] Level 1:colcon.colcon_core.package_identification:_identify(src/rmitbot_vision/darknet_ros/darknet_ros/darknet) by extension 'colcon_meta'
[0.218s] Level 1:colcon.colcon_core.package_identification:_identify(src/rmitbot_vision/darknet_ros/darknet_ros/darknet) by extensions ['ros']
[0.218s] Level 1:colcon.colcon_core.package_identification:_identify(src/rmitbot_vision/darknet_ros/darknet_ros/darknet) by extension 'ros'
[0.218s] Level 1:colcon.colcon_core.package_identification:_identify(src/rmitbot_vision/darknet_ros/darknet_ros/darknet) by extensions ['cmake', 'python']
[0.218s] Level 1:colcon.colcon_core.package_identification:_identify(src/rmitbot_vision/darknet_ros/darknet_ros/darknet) by extension 'cmake'
[0.224s] Level 1:colcon.colcon_core.package_identification:_identify(src/rmitbot_vision/darknet_ros/darknet_ros/darknet) by extension 'python'
[0.225s] DEBUG:colcon.colcon_core.package_identification:Package 'src/rmitbot_vision/darknet_ros/darknet_ros/darknet' with type 'cmake' and name 'Darknet'
[0.225s] Level 1:colcon.colcon_core.package_identification:_identify(src/rmitbot_vision/darknet_ros/darknet_ros/darknet_ros) by extensions ['ignore', 'ignore_ament_install']
[0.225s] Level 1:colcon.colcon_core.package_identification:_identify(src/rmitbot_vision/darknet_ros/darknet_ros/darknet_ros) by extension 'ignore'
[0.225s] Level 1:colcon.colcon_core.package_identification:_identify(src/rmitbot_vision/darknet_ros/darknet_ros/darknet_ros) by extension 'ignore_ament_install'
[0.225s] Level 1:colcon.colcon_core.package_identification:_identify(src/rmitbot_vision/darknet_ros/darknet_ros/darknet_ros) by extensions ['colcon_pkg']
[0.225s] Level 1:colcon.colcon_core.package_identification:_identify(src/rmitbot_vision/darknet_ros/darknet_ros/darknet_ros) by extension 'colcon_pkg'
[0.225s] Level 1:colcon.colcon_core.package_identification:_identify(src/rmitbot_vision/darknet_ros/darknet_ros/darknet_ros) by extensions ['colcon_meta']
[0.225s] Level 1:colcon.colcon_core.package_identification:_identify(src/rmitbot_vision/darknet_ros/darknet_ros/darknet_ros) by extension 'colcon_meta'
[0.225s] Level 1:colcon.colcon_core.package_identification:_identify(src/rmitbot_vision/darknet_ros/darknet_ros/darknet_ros) by extensions ['ros']
[0.225s] Level 1:colcon.colcon_core.package_identification:_identify(src/rmitbot_vision/darknet_ros/darknet_ros/darknet_ros) by extension 'ros'
[0.226s] DEBUG:colcon.colcon_core.package_identification:Package 'src/rmitbot_vision/darknet_ros/darknet_ros/darknet_ros' with type 'ros.ament_cmake' and name 'darknet_ros'
[0.226s] Level 1:colcon.colcon_core.package_identification:_identify(src/rmitbot_vision/darknet_ros/darknet_ros/darknet_ros_msgs) by extensions ['ignore', 'ignore_ament_install']
[0.226s] Level 1:colcon.colcon_core.package_identification:_identify(src/rmitbot_vision/darknet_ros/darknet_ros/darknet_ros_msgs) by extension 'ignore'
[0.226s] Level 1:colcon.colcon_core.package_identification:_identify(src/rmitbot_vision/darknet_ros/darknet_ros/darknet_ros_msgs) by extension 'ignore_ament_install'
[0.226s] Level 1:colcon.colcon_core.package_identification:_identify(src/rmitbot_vision/darknet_ros/darknet_ros/darknet_ros_msgs) by extensions ['colcon_pkg']
[0.226s] Level 1:colcon.colcon_core.package_identification:_identify(src/rmitbot_vision/darknet_ros/darknet_ros/darknet_ros_msgs) by extension 'colcon_pkg'
[0.226s] Level 1:colcon.colcon_core.package_identification:_identify(src/rmitbot_vision/darknet_ros/darknet_ros/darknet_ros_msgs) by extensions ['colcon_meta']
[0.226s] Level 1:colcon.colcon_core.package_identification:_identify(src/rmitbot_vision/darknet_ros/darknet_ros/darknet_ros_msgs) by extension 'colcon_meta'
[0.226s] Level 1:colcon.colcon_core.package_identification:_identify(src/rmitbot_vision/darknet_ros/darknet_ros/darknet_ros_msgs) by extensions ['ros']
[0.226s] Level 1:colcon.colcon_core.package_identification:_identify(src/rmitbot_vision/darknet_ros/darknet_ros/darknet_ros_msgs) by extension 'ros'
[0.227s] DEBUG:colcon.colcon_core.package_identification:Package 'src/rmitbot_vision/darknet_ros/darknet_ros/darknet_ros_msgs' with type 'ros.ament_cmake' and name 'darknet_ros_msgs'
[0.227s] Level 1:colcon.colcon_core.package_identification:_identify(src/rmitbot_vision/stop_sign_control) by extensions ['ignore', 'ignore_ament_install']
[0.227s] Level 1:colcon.colcon_core.package_identification:_identify(src/rmitbot_vision/stop_sign_control) by extension 'ignore'
[0.227s] Level 1:colcon.colcon_core.package_identification:_identify(src/rmitbot_vision/stop_sign_control) by extension 'ignore_ament_install'
[0.227s] Level 1:colcon.colcon_core.package_identification:_identify(src/rmitbot_vision/stop_sign_control) by extensions ['colcon_pkg']
[0.227s] Level 1:colcon.colcon_core.package_identification:_identify(src/rmitbot_vision/stop_sign_control) by extension 'colcon_pkg'
[0.227s] Level 1:colcon.colcon_core.package_identification:_identify(src/rmitbot_vision/stop_sign_control) by extensions ['colcon_meta']
[0.227s] Level 1:colcon.colcon_core.package_identification:_identify(src/rmitbot_vision/stop_sign_control) by extension 'colcon_meta'
[0.227s] Level 1:colcon.colcon_core.package_identification:_identify(src/rmitbot_vision/stop_sign_control) by extensions ['ros']
[0.227s] Level 1:colcon.colcon_core.package_identification:_identify(src/rmitbot_vision/stop_sign_control) by extension 'ros'
[0.228s] DEBUG:colcon.colcon_core.package_identification:Package 'src/rmitbot_vision/stop_sign_control' with type 'ros.ament_python' and name 'stop_sign_control'
[0.228s] Level 1:colcon.colcon_core.package_identification:_identify(src/rmitbot_vision/vision_opencv) by extensions ['ignore', 'ignore_ament_install']
[0.228s] Level 1:colcon.colcon_core.package_identification:_identify(src/rmitbot_vision/vision_opencv) by extension 'ignore'
[0.228s] Level 1:colcon.colcon_core.package_identification:_identify(src/rmitbot_vision/vision_opencv) by extension 'ignore_ament_install'
[0.228s] Level 1:colcon.colcon_core.package_identification:_identify(src/rmitbot_vision/vision_opencv) by extensions ['colcon_pkg']
[0.228s] Level 1:colcon.colcon_core.package_identification:_identify(src/rmitbot_vision/vision_opencv) by extension 'colcon_pkg'
[0.228s] Level 1:colcon.colcon_core.package_identification:_identify(src/rmitbot_vision/vision_opencv) by extensions ['colcon_meta']
[0.228s] Level 1:colcon.colcon_core.package_identification:_identify(src/rmitbot_vision/vision_opencv) by extension 'colcon_meta'
[0.228s] Level 1:colcon.colcon_core.package_identification:_identify(src/rmitbot_vision/vision_opencv) by extensions ['ros']
[0.228s] Level 1:colcon.colcon_core.package_identification:_identify(src/rmitbot_vision/vision_opencv) by extension 'ros'
[0.228s] Level 1:colcon.colcon_core.package_identification:_identify(src/rmitbot_vision/vision_opencv) by extensions ['cmake', 'python']
[0.228s] Level 1:colcon.colcon_core.package_identification:_identify(src/rmitbot_vision/vision_opencv) by extension 'cmake'
[0.228s] Level 1:colcon.colcon_core.package_identification:_identify(src/rmitbot_vision/vision_opencv) by extension 'python'
[0.228s] Level 1:colcon.colcon_core.package_identification:_identify(src/rmitbot_vision/vision_opencv) by extensions ['python_setup_py']
[0.228s] Level 1:colcon.colcon_core.package_identification:_identify(src/rmitbot_vision/vision_opencv) by extension 'python_setup_py'
[0.229s] Level 1:colcon.colcon_core.package_identification:_identify(src/rmitbot_vision/vision_opencv/cv_bridge) by extensions ['ignore', 'ignore_ament_install']
[0.229s] Level 1:colcon.colcon_core.package_identification:_identify(src/rmitbot_vision/vision_opencv/cv_bridge) by extension 'ignore'
[0.229s] Level 1:colcon.colcon_core.package_identification:_identify(src/rmitbot_vision/vision_opencv/cv_bridge) by extension 'ignore_ament_install'
[0.229s] Level 1:colcon.colcon_core.package_identification:_identify(src/rmitbot_vision/vision_opencv/cv_bridge) by extensions ['colcon_pkg']
[0.229s] Level 1:colcon.colcon_core.package_identification:_identify(src/rmitbot_vision/vision_opencv/cv_bridge) by extension 'colcon_pkg'
[0.229s] Level 1:colcon.colcon_core.package_identification:_identify(src/rmitbot_vision/vision_opencv/cv_bridge) by extensions ['colcon_meta']
[0.229s] Level 1:colcon.colcon_core.package_identification:_identify(src/rmitbot_vision/vision_opencv/cv_bridge) by extension 'colcon_meta'
[0.229s] Level 1:colcon.colcon_core.package_identification:_identify(src/rmitbot_vision/vision_opencv/cv_bridge) by extensions ['ros']
[0.229s] Level 1:colcon.colcon_core.package_identification:_identify(src/rmitbot_vision/vision_opencv/cv_bridge) by extension 'ros'
[0.230s] DEBUG:colcon.colcon_core.package_identification:Package 'src/rmitbot_vision/vision_opencv/cv_bridge' with type 'ros.ament_cmake' and name 'cv_bridge'
[0.230s] Level 1:colcon.colcon_core.package_identification:_identify(src/rmitbot_vision/vision_opencv/image_geometry) by extensions ['ignore', 'ignore_ament_install']
[0.230s] Level 1:colcon.colcon_core.package_identification:_identify(src/rmitbot_vision/vision_opencv/image_geometry) by extension 'ignore'
[0.230s] Level 1:colcon.colcon_core.package_identification:_identify(src/rmitbot_vision/vision_opencv/image_geometry) by extension 'ignore_ament_install'
[0.230s] Level 1:colcon.colcon_core.package_identification:_identify(src/rmitbot_vision/vision_opencv/image_geometry) by extensions ['colcon_pkg']
[0.230s] Level 1:colcon.colcon_core.package_identification:_identify(src/rmitbot_vision/vision_opencv/image_geometry) by extension 'colcon_pkg'
[0.230s] Level 1:colcon.colcon_core.package_identification:_identify(src/rmitbot_vision/vision_opencv/image_geometry) by extensions ['colcon_meta']
[0.230s] Level 1:colcon.colcon_core.package_identification:_identify(src/rmitbot_vision/vision_opencv/image_geometry) by extension 'colcon_meta'
[0.230s] Level 1:colcon.colcon_core.package_identification:_identify(src/rmitbot_vision/vision_opencv/image_geometry) by extensions ['ros']
[0.230s] Level 1:colcon.colcon_core.package_identification:_identify(src/rmitbot_vision/vision_opencv/image_geometry) by extension 'ros'
[0.231s] DEBUG:colcon.colcon_core.package_identification:Package 'src/rmitbot_vision/vision_opencv/image_geometry' with type 'ros.ament_cmake' and name 'image_geometry'
[0.231s] Level 1:colcon.colcon_core.package_identification:_identify(src/rmitbot_vision/vision_opencv/opencv_tests) by extensions ['ignore', 'ignore_ament_install']
[0.231s] Level 1:colcon.colcon_core.package_identification:_identify(src/rmitbot_vision/vision_opencv/opencv_tests) by extension 'ignore'
[0.231s] Level 1:colcon.colcon_core.package_identification:_identify(src/rmitbot_vision/vision_opencv/opencv_tests) by extension 'ignore_ament_install'
[0.231s] Level 1:colcon.colcon_core.package_identification:_identify(src/rmitbot_vision/vision_opencv/opencv_tests) by extensions ['colcon_pkg']
[0.231s] Level 1:colcon.colcon_core.package_identification:_identify(src/rmitbot_vision/vision_opencv/opencv_tests) by extension 'colcon_pkg'
[0.231s] Level 1:colcon.colcon_core.package_identification:_identify(src/rmitbot_vision/vision_opencv/opencv_tests) by extensions ['colcon_meta']
[0.231s] Level 1:colcon.colcon_core.package_identification:_identify(src/rmitbot_vision/vision_opencv/opencv_tests) by extension 'colcon_meta'
[0.231s] Level 1:colcon.colcon_core.package_identification:_identify(src/rmitbot_vision/vision_opencv/opencv_tests) by extensions ['ros']
[0.231s] Level 1:colcon.colcon_core.package_identification:_identify(src/rmitbot_vision/vision_opencv/opencv_tests) by extension 'ros'
[0.232s] DEBUG:colcon.colcon_core.package_identification:Package 'src/rmitbot_vision/vision_opencv/opencv_tests' with type 'ros.ament_python' and name 'opencv_tests'
[0.232s] Level 1:colcon.colcon_core.package_identification:_identify(src/rmitbot_vision/vision_opencv/vision_opencv) by extensions ['ignore', 'ignore_ament_install']
[0.232s] Level 1:colcon.colcon_core.package_identification:_identify(src/rmitbot_vision/vision_opencv/vision_opencv) by extension 'ignore'
[0.232s] Level 1:colcon.colcon_core.package_identification:_identify(src/rmitbot_vision/vision_opencv/vision_opencv) by extension 'ignore_ament_install'
[0.232s] Level 1:colcon.colcon_core.package_identification:_identify(src/rmitbot_vision/vision_opencv/vision_opencv) by extensions ['colcon_pkg']
[0.232s] Level 1:colcon.colcon_core.package_identification:_identify(src/rmitbot_vision/vision_opencv/vision_opencv) by extension 'colcon_pkg'
[0.232s] Level 1:colcon.colcon_core.package_identification:_identify(src/rmitbot_vision/vision_opencv/vision_opencv) by extensions ['colcon_meta']
[0.232s] Level 1:colcon.colcon_core.package_identification:_identify(src/rmitbot_vision/vision_opencv/vision_opencv) by extension 'colcon_meta'
[0.232s] Level 1:colcon.colcon_core.package_identification:_identify(src/rmitbot_vision/vision_opencv/vision_opencv) by extensions ['ros']
[0.232s] Level 1:colcon.colcon_core.package_identification:_identify(src/rmitbot_vision/vision_opencv/vision_opencv) by extension 'ros'
[0.233s] DEBUG:colcon.colcon_core.package_identification:Package 'src/rmitbot_vision/vision_opencv/vision_opencv' with type 'ros.ament_cmake' and name 'vision_opencv'
[0.233s] Level 1:colcon.colcon_core.package_discovery:discover_packages(recursive) using defaults
[0.233s] Level 1:colcon.colcon_core.package_discovery:discover_packages(ignore) discover
[0.233s] Level 1:colcon.colcon_core.package_discovery:discover_packages(ignore) using defaults
[0.233s] Level 1:colcon.colcon_core.package_discovery:discover_packages(path) discover
[0.233s] Level 1:colcon.colcon_core.package_discovery:discover_packages(path) using defaults
[0.255s] Level 5:colcon.colcon_core.verb:set package 'Darknet' build argument 'cmake_args' from command line to 'None'
[0.255s] Level 5:colcon.colcon_core.verb:set package 'Darknet' build argument 'cmake_target' from command line to 'None'
[0.255s] Level 5:colcon.colcon_core.verb:set package 'Darknet' build argument 'cmake_target_skip_unavailable' from command line to 'False'
[0.255s] Level 5:colcon.colcon_core.verb:set package 'Darknet' build argument 'cmake_clean_cache' from command line to 'False'
[0.255s] Level 5:colcon.colcon_core.verb:set package 'Darknet' build argument 'cmake_clean_first' from command line to 'False'
[0.255s] Level 5:colcon.colcon_core.verb:set package 'Darknet' build argument 'cmake_force_configure' from command line to 'False'
[0.255s] Level 5:colcon.colcon_core.verb:set package 'Darknet' build argument 'ament_cmake_args' from command line to 'None'
[0.255s] Level 5:colcon.colcon_core.verb:set package 'Darknet' build argument 'catkin_cmake_args' from command line to 'None'
[0.255s] Level 5:colcon.colcon_core.verb:set package 'Darknet' build argument 'catkin_skip_building_tests' from command line to 'False'
[0.255s] DEBUG:colcon.colcon_core.verb:Building package 'Darknet' with the following arguments: {'ament_cmake_args': None, 'build_base': '/home/ngan/Documents/test_github/lesson6_ws/build/Darknet', 'catkin_cmake_args': None, 'catkin_skip_building_tests': False, 'cmake_args': None, 'cmake_clean_cache': False, 'cmake_clean_first': False, 'cmake_force_configure': False, 'cmake_target': None, 'cmake_target_skip_unavailable': False, 'install_base': '/home/ngan/Documents/test_github/lesson6_ws/install/Darknet', 'merge_install': False, 'path': '/home/ngan/Documents/test_github/lesson6_ws/src/rmitbot_vision/darknet_ros/darknet_ros/darknet', 'symlink_install': False, 'test_result_base': None}
[0.255s] Level 5:colcon.colcon_core.verb:set package 'cv_bridge' build argument 'cmake_args' from command line to 'None'
[0.255s] Level 5:colcon.colcon_core.verb:set package 'cv_bridge' build argument 'cmake_target' from command line to 'None'
[0.255s] Level 5:colcon.colcon_core.verb:set package 'cv_bridge' build argument 'cmake_target_skip_unavailable' from command line to 'False'
[0.255s] Level 5:colcon.colcon_core.verb:set package 'cv_bridge' build argument 'cmake_clean_cache' from command line to 'False'
[0.255s] Level 5:colcon.colcon_core.verb:set package 'cv_bridge' build argument 'cmake_clean_first' from command line to 'False'
[0.255s] Level 5:colcon.colcon_core.verb:set package 'cv_bridge' build argument 'cmake_force_configure' from command line to 'False'
[0.255s] Level 5:colcon.colcon_core.verb:set package 'cv_bridge' build argument 'ament_cmake_args' from command line to 'None'
[0.255s] Level 5:colcon.colcon_core.verb:set package 'cv_bridge' build argument 'catkin_cmake_args' from command line to 'None'
[0.256s] Level 5:colcon.colcon_core.verb:set package 'cv_bridge' build argument 'catkin_skip_building_tests' from command line to 'False'
[0.256s] DEBUG:colcon.colcon_core.verb:Building package 'cv_bridge' with the following arguments: {'ament_cmake_args': None, 'build_base': '/home/ngan/Documents/test_github/lesson6_ws/build/cv_bridge', 'catkin_cmake_args': None, 'catkin_skip_building_tests': False, 'cmake_args': None, 'cmake_clean_cache': False, 'cmake_clean_first': False, 'cmake_force_configure': False, 'cmake_target': None, 'cmake_target_skip_unavailable': False, 'install_base': '/home/ngan/Documents/test_github/lesson6_ws/install/cv_bridge', 'merge_install': False, 'path': '/home/ngan/Documents/test_github/lesson6_ws/src/rmitbot_vision/vision_opencv/cv_bridge', 'symlink_install': False, 'test_result_base': None}
[0.256s] Level 5:colcon.colcon_core.verb:set package 'darknet_ros_msgs' build argument 'cmake_args' from command line to 'None'
[0.256s] Level 5:colcon.colcon_core.verb:set package 'darknet_ros_msgs' build argument 'cmake_target' from command line to 'None'
[0.256s] Level 5:colcon.colcon_core.verb:set package 'darknet_ros_msgs' build argument 'cmake_target_skip_unavailable' from command line to 'False'
[0.256s] Level 5:colcon.colcon_core.verb:set package 'darknet_ros_msgs' build argument 'cmake_clean_cache' from command line to 'False'
[0.256s] Level 5:colcon.colcon_core.verb:set package 'darknet_ros_msgs' build argument 'cmake_clean_first' from command line to 'False'
[0.256s] Level 5:colcon.colcon_core.verb:set package 'darknet_ros_msgs' build argument 'cmake_force_configure' from command line to 'False'
[0.256s] Level 5:colcon.colcon_core.verb:set package 'darknet_ros_msgs' build argument 'ament_cmake_args' from command line to 'None'
[0.256s] Level 5:colcon.colcon_core.verb:set package 'darknet_ros_msgs' build argument 'catkin_cmake_args' from command line to 'None'
[0.256s] Level 5:colcon.colcon_core.verb:set package 'darknet_ros_msgs' build argument 'catkin_skip_building_tests' from command line to 'False'
[0.256s] DEBUG:colcon.colcon_core.verb:Building package 'darknet_ros_msgs' with the following arguments: {'ament_cmake_args': None, 'build_base': '/home/ngan/Documents/test_github/lesson6_ws/build/darknet_ros_msgs', 'catkin_cmake_args': None, 'catkin_skip_building_tests': False, 'cmake_args': None, 'cmake_clean_cache': False, 'cmake_clean_first': False, 'cmake_force_configure': False, 'cmake_target': None, 'cmake_target_skip_unavailable': False, 'install_base': '/home/ngan/Documents/test_github/lesson6_ws/install/darknet_ros_msgs', 'merge_install': False, 'path': '/home/ngan/Documents/test_github/lesson6_ws/src/rmitbot_vision/darknet_ros/darknet_ros/darknet_ros_msgs', 'symlink_install': False, 'test_result_base': None}
[0.256s] Level 5:colcon.colcon_core.verb:set package 'image_geometry' build argument 'cmake_args' from command line to 'None'
[0.256s] Level 5:colcon.colcon_core.verb:set package 'image_geometry' build argument 'cmake_target' from command line to 'None'
[0.256s] Level 5:colcon.colcon_core.verb:set package 'image_geometry' build argument 'cmake_target_skip_unavailable' from command line to 'False'
[0.256s] Level 5:colcon.colcon_core.verb:set package 'image_geometry' build argument 'cmake_clean_cache' from command line to 'False'
[0.256s] Level 5:colcon.colcon_core.verb:set package 'image_geometry' build argument 'cmake_clean_first' from command line to 'False'
[0.256s] Level 5:colcon.colcon_core.verb:set package 'image_geometry' build argument 'cmake_force_configure' from command line to 'False'
[0.256s] Level 5:colcon.colcon_core.verb:set package 'image_geometry' build argument 'ament_cmake_args' from command line to 'None'
[0.256s] Level 5:colcon.colcon_core.verb:set package 'image_geometry' build argument 'catkin_cmake_args' from command line to 'None'
[0.256s] Level 5:colcon.colcon_core.verb:set package 'image_geometry' build argument 'catkin_skip_building_tests' from command line to 'False'
[0.256s] DEBUG:colcon.colcon_core.verb:Building package 'image_geometry' with the following arguments: {'ament_cmake_args': None, 'build_base': '/home/ngan/Documents/test_github/lesson6_ws/build/image_geometry', 'catkin_cmake_args': None, 'catkin_skip_building_tests': False, 'cmake_args': None, 'cmake_clean_cache': False, 'cmake_clean_first': False, 'cmake_force_configure': False, 'cmake_target': None, 'cmake_target_skip_unavailable': False, 'install_base': '/home/ngan/Documents/test_github/lesson6_ws/install/image_geometry', 'merge_install': False, 'path': '/home/ngan/Documents/test_github/lesson6_ws/src/rmitbot_vision/vision_opencv/image_geometry', 'symlink_install': False, 'test_result_base': None}
[0.257s] Level 5:colcon.colcon_core.verb:set package 'rmitbot_bringup' build argument 'cmake_args' from command line to 'None'
[0.257s] Level 5:colcon.colcon_core.verb:set package 'rmitbot_bringup' build argument 'cmake_target' from command line to 'None'
[0.257s] Level 5:colcon.colcon_core.verb:set package 'rmitbot_bringup' build argument 'cmake_target_skip_unavailable' from command line to 'False'
[0.257s] Level 5:colcon.colcon_core.verb:set package 'rmitbot_bringup' build argument 'cmake_clean_cache' from command line to 'False'
[0.257s] Level 5:colcon.colcon_core.verb:set package 'rmitbot_bringup' build argument 'cmake_clean_first' from command line to 'False'
[0.257s] Level 5:colcon.colcon_core.verb:set package 'rmitbot_bringup' build argument 'cmake_force_configure' from command line to 'False'
[0.257s] Level 5:colcon.colcon_core.verb:set package 'rmitbot_bringup' build argument 'ament_cmake_args' from command line to 'None'
[0.257s] Level 5:colcon.colcon_core.verb:set package 'rmitbot_bringup' build argument 'catkin_cmake_args' from command line to 'None'
[0.257s] Level 5:colcon.colcon_core.verb:set package 'rmitbot_bringup' build argument 'catkin_skip_building_tests' from command line to 'False'
[0.257s] DEBUG:colcon.colcon_core.verb:Building package 'rmitbot_bringup' with the following arguments: {'ament_cmake_args': None, 'build_base': '/home/ngan/Documents/test_github/lesson6_ws/build/rmitbot_bringup', 'catkin_cmake_args': None, 'catkin_skip_building_tests': False, 'cmake_args': None, 'cmake_clean_cache': False, 'cmake_clean_first': False, 'cmake_force_configure': False, 'cmake_target': None, 'cmake_target_skip_unavailable': False, 'install_base': '/home/ngan/Documents/test_github/lesson6_ws/install/rmitbot_bringup', 'merge_install': False, 'path': '/home/ngan/Documents/test_github/lesson6_ws/src/rmitbot_bringup', 'symlink_install': False, 'test_result_base': None}
[0.257s] Level 5:colcon.colcon_core.verb:set package 'rmitbot_controller' build argument 'cmake_args' from command line to 'None'
[0.257s] Level 5:colcon.colcon_core.verb:set package 'rmitbot_controller' build argument 'cmake_target' from command line to 'None'
[0.257s] Level 5:colcon.colcon_core.verb:set package 'rmitbot_controller' build argument 'cmake_target_skip_unavailable' from command line to 'False'
[0.257s] Level 5:colcon.colcon_core.verb:set package 'rmitbot_controller' build argument 'cmake_clean_cache' from command line to 'False'
[0.257s] Level 5:colcon.colcon_core.verb:set package 'rmitbot_controller' build argument 'cmake_clean_first' from command line to 'False'
[0.257s] Level 5:colcon.colcon_core.verb:set package 'rmitbot_controller' build argument 'cmake_force_configure' from command line to 'False'
[0.257s] Level 5:colcon.colcon_core.verb:set package 'rmitbot_controller' build argument 'ament_cmake_args' from command line to 'None'
[0.257s] Level 5:colcon.colcon_core.verb:set package 'rmitbot_controller' build argument 'catkin_cmake_args' from command line to 'None'
[0.257s] Level 5:colcon.colcon_core.verb:set package 'rmitbot_controller' build argument 'catkin_skip_building_tests' from command line to 'False'
[0.257s] DEBUG:colcon.colcon_core.verb:Building package 'rmitbot_controller' with the following arguments: {'ament_cmake_args': None, 'build_base': '/home/ngan/Documents/test_github/lesson6_ws/build/rmitbot_controller', 'catkin_cmake_args': None, 'catkin_skip_building_tests': False, 'cmake_args': None, 'cmake_clean_cache': False, 'cmake_clean_first': False, 'cmake_force_configure': False, 'cmake_target': None, 'cmake_target_skip_unavailable': False, 'install_base': '/home/ngan/Documents/test_github/lesson6_ws/install/rmitbot_controller', 'merge_install': False, 'path': '/home/ngan/Documents/test_github/lesson6_ws/src/rmitbot_controller', 'symlink_install': False, 'test_result_base': None}
[0.257s] Level 5:colcon.colcon_core.verb:set package 'rmitbot_description' build argument 'cmake_args' from command line to 'None'
[0.257s] Level 5:colcon.colcon_core.verb:set package 'rmitbot_description' build argument 'cmake_target' from command line to 'None'
[0.257s] Level 5:colcon.colcon_core.verb:set package 'rmitbot_description' build argument 'cmake_target_skip_unavailable' from command line to 'False'
[0.257s] Level 5:colcon.colcon_core.verb:set package 'rmitbot_description' build argument 'cmake_clean_cache' from command line to 'False'
[0.257s] Level 5:colcon.colcon_core.verb:set package 'rmitbot_description' build argument 'cmake_clean_first' from command line to 'False'
[0.257s] Level 5:colcon.colcon_core.verb:set package 'rmitbot_description' build argument 'cmake_force_configure' from command line to 'False'
[0.257s] Level 5:colcon.colcon_core.verb:set package 'rmitbot_description' build argument 'ament_cmake_args' from command line to 'None'
[0.257s] Level 5:colcon.colcon_core.verb:set package 'rmitbot_description' build argument 'catkin_cmake_args' from command line to 'None'
[0.257s] Level 5:colcon.colcon_core.verb:set package 'rmitbot_description' build argument 'catkin_skip_building_tests' from command line to 'False'
[0.257s] DEBUG:colcon.colcon_core.verb:Building package 'rmitbot_description' with the following arguments: {'ament_cmake_args': None, 'build_base': '/home/ngan/Documents/test_github/lesson6_ws/build/rmitbot_description', 'catkin_cmake_args': None, 'catkin_skip_building_tests': False, 'cmake_args': None, 'cmake_clean_cache': False, 'cmake_clean_first': False, 'cmake_force_configure': False, 'cmake_target': None, 'cmake_target_skip_unavailable': False, 'install_base': '/home/ngan/Documents/test_github/lesson6_ws/install/rmitbot_description', 'merge_install': False, 'path': '/home/ngan/Documents/test_github/lesson6_ws/src/rmitbot_description', 'symlink_install': False, 'test_result_base': None}
[0.258s] Level 5:colcon.colcon_core.verb:set package 'rmitbot_firmware' build argument 'cmake_args' from command line to 'None'
[0.258s] Level 5:colcon.colcon_core.verb:set package 'rmitbot_firmware' build argument 'cmake_target' from command line to 'None'
[0.258s] Level 5:colcon.colcon_core.verb:set package 'rmitbot_firmware' build argument 'cmake_target_skip_unavailable' from command line to 'False'
[0.258s] Level 5:colcon.colcon_core.verb:set package 'rmitbot_firmware' build argument 'cmake_clean_cache' from command line to 'False'
[0.258s] Level 5:colcon.colcon_core.verb:set package 'rmitbot_firmware' build argument 'cmake_clean_first' from command line to 'False'
[0.258s] Level 5:colcon.colcon_core.verb:set package 'rmitbot_firmware' build argument 'cmake_force_configure' from command line to 'False'
[0.258s] Level 5:colcon.colcon_core.verb:set package 'rmitbot_firmware' build argument 'ament_cmake_args' from command line to 'None'
[0.258s] Level 5:colcon.colcon_core.verb:set package 'rmitbot_firmware' build argument 'catkin_cmake_args' from command line to 'None'
[0.258s] Level 5:colcon.colcon_core.verb:set package 'rmitbot_firmware' build argument 'catkin_skip_building_tests' from command line to 'False'
[0.258s] DEBUG:colcon.colcon_core.verb:Building package 'rmitbot_firmware' with the following arguments: {'ament_cmake_args': None, 'build_base': '/home/ngan/Documents/test_github/lesson6_ws/build/rmitbot_firmware', 'catkin_cmake_args': None, 'catkin_skip_building_tests': False, 'cmake_args': None, 'cmake_clean_cache': False, 'cmake_clean_first': False, 'cmake_force_configure': False, 'cmake_target': None, 'cmake_target_skip_unavailable': False, 'install_base': '/home/ngan/Documents/test_github/lesson6_ws/install/rmitbot_firmware', 'merge_install': False, 'path': '/home/ngan/Documents/test_github/lesson6_ws/src/rmitbot_firmware', 'symlink_install': False, 'test_result_base': None}
[0.258s] Level 5:colcon.colcon_core.verb:set package 'rmitbot_localization' build argument 'cmake_args' from command line to 'None'
[0.258s] Level 5:colcon.colcon_core.verb:set package 'rmitbot_localization' build argument 'cmake_target' from command line to 'None'
[0.258s] Level 5:colcon.colcon_core.verb:set package 'rmitbot_localization' build argument 'cmake_target_skip_unavailable' from command line to 'False'
[0.258s] Level 5:colcon.colcon_core.verb:set package 'rmitbot_localization' build argument 'cmake_clean_cache' from command line to 'False'
[0.258s] Level 5:colcon.colcon_core.verb:set package 'rmitbot_localization' build argument 'cmake_clean_first' from command line to 'False'
[0.258s] Level 5:colcon.colcon_core.verb:set package 'rmitbot_localization' build argument 'cmake_force_configure' from command line to 'False'
[0.258s] Level 5:colcon.colcon_core.verb:set package 'rmitbot_localization' build argument 'ament_cmake_args' from command line to 'None'
[0.258s] Level 5:colcon.colcon_core.verb:set package 'rmitbot_localization' build argument 'catkin_cmake_args' from command line to 'None'
[0.258s] Level 5:colcon.colcon_core.verb:set package 'rmitbot_localization' build argument 'catkin_skip_building_tests' from command line to 'False'
[0.258s] DEBUG:colcon.colcon_core.verb:Building package 'rmitbot_localization' with the following arguments: {'ament_cmake_args': None, 'build_base': '/home/ngan/Documents/test_github/lesson6_ws/build/rmitbot_localization', 'catkin_cmake_args': None, 'catkin_skip_building_tests': False, 'cmake_args': None, 'cmake_clean_cache': False, 'cmake_clean_first': False, 'cmake_force_configure': False, 'cmake_target': None, 'cmake_target_skip_unavailable': False, 'install_base': '/home/ngan/Documents/test_github/lesson6_ws/install/rmitbot_localization', 'merge_install': False, 'path': '/home/ngan/Documents/test_github/lesson6_ws/src/rmitbot_localization', 'symlink_install': False, 'test_result_base': None}
[0.258s] Level 5:colcon.colcon_core.verb:set package 'rmitbot_mapping' build argument 'cmake_args' from command line to 'None'
[0.258s] Level 5:colcon.colcon_core.verb:set package 'rmitbot_mapping' build argument 'cmake_target' from command line to 'None'
[0.258s] Level 5:colcon.colcon_core.verb:set package 'rmitbot_mapping' build argument 'cmake_target_skip_unavailable' from command line to 'False'
[0.258s] Level 5:colcon.colcon_core.verb:set package 'rmitbot_mapping' build argument 'cmake_clean_cache' from command line to 'False'
[0.258s] Level 5:colcon.colcon_core.verb:set package 'rmitbot_mapping' build argument 'cmake_clean_first' from command line to 'False'
[0.258s] Level 5:colcon.colcon_core.verb:set package 'rmitbot_mapping' build argument 'cmake_force_configure' from command line to 'False'
[0.258s] Level 5:colcon.colcon_core.verb:set package 'rmitbot_mapping' build argument 'ament_cmake_args' from command line to 'None'
[0.258s] Level 5:colcon.colcon_core.verb:set package 'rmitbot_mapping' build argument 'catkin_cmake_args' from command line to 'None'
[0.258s] Level 5:colcon.colcon_core.verb:set package 'rmitbot_mapping' build argument 'catkin_skip_building_tests' from command line to 'False'
[0.259s] DEBUG:colcon.colcon_core.verb:Building package 'rmitbot_mapping' with the following arguments: {'ament_cmake_args': None, 'build_base': '/home/ngan/Documents/test_github/lesson6_ws/build/rmitbot_mapping', 'catkin_cmake_args': None, 'catkin_skip_building_tests': False, 'cmake_args': None, 'cmake_clean_cache': False, 'cmake_clean_first': False, 'cmake_force_configure': False, 'cmake_target': None, 'cmake_target_skip_unavailable': False, 'install_base': '/home/ngan/Documents/test_github/lesson6_ws/install/rmitbot_mapping', 'merge_install': False, 'path': '/home/ngan/Documents/test_github/lesson6_ws/src/rmitbot_mapping', 'symlink_install': False, 'test_result_base': None}
[0.259s] Level 5:colcon.colcon_core.verb:set package 'darknet_ros' build argument 'cmake_args' from command line to 'None'
[0.259s] Level 5:colcon.colcon_core.verb:set package 'darknet_ros' build argument 'cmake_target' from command line to 'None'
[0.259s] Level 5:colcon.colcon_core.verb:set package 'darknet_ros' build argument 'cmake_target_skip_unavailable' from command line to 'False'
[0.259s] Level 5:colcon.colcon_core.verb:set package 'darknet_ros' build argument 'cmake_clean_cache' from command line to 'False'
[0.259s] Level 5:colcon.colcon_core.verb:set package 'darknet_ros' build argument 'cmake_clean_first' from command line to 'False'
[0.259s] Level 5:colcon.colcon_core.verb:set package 'darknet_ros' build argument 'cmake_force_configure' from command line to 'False'
[0.259s] Level 5:colcon.colcon_core.verb:set package 'darknet_ros' build argument 'ament_cmake_args' from command line to 'None'
[0.259s] Level 5:colcon.colcon_core.verb:set package 'darknet_ros' build argument 'catkin_cmake_args' from command line to 'None'
[0.259s] Level 5:colcon.colcon_core.verb:set package 'darknet_ros' build argument 'catkin_skip_building_tests' from command line to 'False'
[0.259s] DEBUG:colcon.colcon_core.verb:Building package 'darknet_ros' with the following arguments: {'ament_cmake_args': None, 'build_base': '/home/ngan/Documents/test_github/lesson6_ws/build/darknet_ros', 'catkin_cmake_args': None, 'catkin_skip_building_tests': False, 'cmake_args': None, 'cmake_clean_cache': False, 'cmake_clean_first': False, 'cmake_force_configure': False, 'cmake_target': None, 'cmake_target_skip_unavailable': False, 'install_base': '/home/ngan/Documents/test_github/lesson6_ws/install/darknet_ros', 'merge_install': False, 'path': '/home/ngan/Documents/test_github/lesson6_ws/src/rmitbot_vision/darknet_ros/darknet_ros/darknet_ros', 'symlink_install': False, 'test_result_base': None}
[0.259s] Level 5:colcon.colcon_core.verb:set package 'opencv_tests' build argument 'cmake_args' from command line to 'None'
[0.259s] Level 5:colcon.colcon_core.verb:set package 'opencv_tests' build argument 'cmake_target' from command line to 'None'
[0.259s] Level 5:colcon.colcon_core.verb:set package 'opencv_tests' build argument 'cmake_target_skip_unavailable' from command line to 'False'
[0.259s] Level 5:colcon.colcon_core.verb:set package 'opencv_tests' build argument 'cmake_clean_cache' from command line to 'False'
[0.259s] Level 5:colcon.colcon_core.verb:set package 'opencv_tests' build argument 'cmake_clean_first' from command line to 'False'
[0.259s] Level 5:colcon.colcon_core.verb:set package 'opencv_tests' build argument 'cmake_force_configure' from command line to 'False'
[0.259s] Level 5:colcon.colcon_core.verb:set package 'opencv_tests' build argument 'ament_cmake_args' from command line to 'None'
[0.259s] Level 5:colcon.colcon_core.verb:set package 'opencv_tests' build argument 'catkin_cmake_args' from command line to 'None'
[0.259s] Level 5:colcon.colcon_core.verb:set package 'opencv_tests' build argument 'catkin_skip_building_tests' from command line to 'False'
[0.259s] DEBUG:colcon.colcon_core.verb:Building package 'opencv_tests' with the following arguments: {'ament_cmake_args': None, 'build_base': '/home/ngan/Documents/test_github/lesson6_ws/build/opencv_tests', 'catkin_cmake_args': None, 'catkin_skip_building_tests': False, 'cmake_args': None, 'cmake_clean_cache': False, 'cmake_clean_first': False, 'cmake_force_configure': False, 'cmake_target': None, 'cmake_target_skip_unavailable': False, 'install_base': '/home/ngan/Documents/test_github/lesson6_ws/install/opencv_tests', 'merge_install': False, 'path': '/home/ngan/Documents/test_github/lesson6_ws/src/rmitbot_vision/vision_opencv/opencv_tests', 'symlink_install': False, 'test_result_base': None}
[0.259s] Level 5:colcon.colcon_core.verb:set package 'stop_sign_control' build argument 'cmake_args' from command line to 'None'
[0.259s] Level 5:colcon.colcon_core.verb:set package 'stop_sign_control' build argument 'cmake_target' from command line to 'None'
[0.259s] Level 5:colcon.colcon_core.verb:set package 'stop_sign_control' build argument 'cmake_target_skip_unavailable' from command line to 'False'
[0.260s] Level 5:colcon.colcon_core.verb:set package 'stop_sign_control' build argument 'cmake_clean_cache' from command line to 'False'
[0.260s] Level 5:colcon.colcon_core.verb:set package 'stop_sign_control' build argument 'cmake_clean_first' from command line to 'False'
[0.260s] Level 5:colcon.colcon_core.verb:set package 'stop_sign_control' build argument 'cmake_force_configure' from command line to 'False'
[0.260s] Level 5:colcon.colcon_core.verb:set package 'stop_sign_control' build argument 'ament_cmake_args' from command line to 'None'
[0.260s] Level 5:colcon.colcon_core.verb:set package 'stop_sign_control' build argument 'catkin_cmake_args' from command line to 'None'
[0.260s] Level 5:colcon.colcon_core.verb:set package 'stop_sign_control' build argument 'catkin_skip_building_tests' from command line to 'False'
[0.260s] DEBUG:colcon.colcon_core.verb:Building package 'stop_sign_control' with the following arguments: {'ament_cmake_args': None, 'build_base': '/home/ngan/Documents/test_github/lesson6_ws/build/stop_sign_control', 'catkin_cmake_args': None, 'catkin_skip_building_tests': False, 'cmake_args': None, 'cmake_clean_cache': False, 'cmake_clean_first': False, 'cmake_force_configure': False, 'cmake_target': None, 'cmake_target_skip_unavailable': False, 'install_base': '/home/ngan/Documents/test_github/lesson6_ws/install/stop_sign_control', 'merge_install': False, 'path': '/home/ngan/Documents/test_github/lesson6_ws/src/rmitbot_vision/stop_sign_control', 'symlink_install': False, 'test_result_base': None}
[0.260s] Level 5:colcon.colcon_core.verb:set package 'vision_opencv' build argument 'cmake_args' from command line to 'None'
[0.260s] Level 5:colcon.colcon_core.verb:set package 'vision_opencv' build argument 'cmake_target' from command line to 'None'
[0.260s] Level 5:colcon.colcon_core.verb:set package 'vision_opencv' build argument 'cmake_target_skip_unavailable' from command line to 'False'
[0.260s] Level 5:colcon.colcon_core.verb:set package 'vision_opencv' build argument 'cmake_clean_cache' from command line to 'False'
[0.260s] Level 5:colcon.colcon_core.verb:set package 'vision_opencv' build argument 'cmake_clean_first' from command line to 'False'
[0.260s] Level 5:colcon.colcon_core.verb:set package 'vision_opencv' build argument 'cmake_force_configure' from command line to 'False'
[0.260s] Level 5:colcon.colcon_core.verb:set package 'vision_opencv' build argument 'ament_cmake_args' from command line to 'None'
[0.260s] Level 5:colcon.colcon_core.verb:set package 'vision_opencv' build argument 'catkin_cmake_args' from command line to 'None'
[0.260s] Level 5:colcon.colcon_core.verb:set package 'vision_opencv' build argument 'catkin_skip_building_tests' from command line to 'False'
[0.260s] DEBUG:colcon.colcon_core.verb:Building package 'vision_opencv' with the following arguments: {'ament_cmake_args': None, 'build_base': '/home/ngan/Documents/test_github/lesson6_ws/build/vision_opencv', 'catkin_cmake_args': None, 'catkin_skip_building_tests': False, 'cmake_args': None, 'cmake_clean_cache': False, 'cmake_clean_first': False, 'cmake_force_configure': False, 'cmake_target': None, 'cmake_target_skip_unavailable': False, 'install_base': '/home/ngan/Documents/test_github/lesson6_ws/install/vision_opencv', 'merge_install': False, 'path': '/home/ngan/Documents/test_github/lesson6_ws/src/rmitbot_vision/vision_opencv/vision_opencv', 'symlink_install': False, 'test_result_base': None}
[0.260s] INFO:colcon.colcon_core.executor:Executing jobs using 'parallel' executor
[0.261s] DEBUG:colcon.colcon_parallel_executor.executor.parallel:run_until_complete
[0.262s] INFO:colcon.colcon_ros.task.ament_cmake.build:Building ROS package in '/home/ngan/Documents/test_github/lesson6_ws/src/rmitbot_vision/vision_opencv/cv_bridge' with build type 'ament_cmake'
[0.262s] INFO:colcon.colcon_cmake.task.cmake.build:Building CMake package in '/home/ngan/Documents/test_github/lesson6_ws/src/rmitbot_vision/vision_opencv/cv_bridge'
[0.265s] INFO:colcon.colcon_core.plugin_system:Skipping extension 'colcon_core.shell.bat': Not used on non-Windows systems
[0.265s] DEBUG:colcon.colcon_core.shell:Skip shell extension 'dsv' for command environment
[0.276s] INFO:colcon.colcon_ros.task.ament_cmake.build:Building ROS package in '/home/ngan/Documents/test_github/lesson6_ws/src/rmitbot_vision/darknet_ros/darknet_ros/darknet_ros_msgs' with build type 'ament_cmake'
[0.276s] INFO:colcon.colcon_cmake.task.cmake.build:Building CMake package in '/home/ngan/Documents/test_github/lesson6_ws/src/rmitbot_vision/darknet_ros/darknet_ros/darknet_ros_msgs'
[0.277s] DEBUG:colcon.colcon_core.shell:Skip shell extension 'dsv' for command environment
[0.282s] INFO:colcon.colcon_ros.task.ament_cmake.build:Building ROS package in '/home/ngan/Documents/test_github/lesson6_ws/src/rmitbot_vision/vision_opencv/image_geometry' with build type 'ament_cmake'
[0.282s] INFO:colcon.colcon_cmake.task.cmake.build:Building CMake package in '/home/ngan/Documents/test_github/lesson6_ws/src/rmitbot_vision/vision_opencv/image_geometry'
[0.282s] DEBUG:colcon.colcon_core.shell:Skip shell extension 'dsv' for command environment
[0.288s] INFO:colcon.colcon_cmake.task.cmake.build:Building CMake package in '/home/ngan/Documents/test_github/lesson6_ws/src/rmitbot_vision/darknet_ros/darknet_ros/darknet'
[0.289s] DEBUG:colcon.colcon_core.shell:Skip shell extension 'dsv' for command environment
[0.303s] DEBUG:colcon.colcon_core.event_handler.log_command:Invoking command in '/home/ngan/Documents/test_github/lesson6_ws/build/cv_bridge': CMAKE_PREFIX_PATH=${CMAKE_PREFIX_PATH}:/home/ngan/Documents/test_github/lesson6_ws/install/stop_sign_control:/home/ngan/Documents/test_github/lesson6_ws/install/opencv_tests:/opt/ros/jazzy DEBUGINFOD_URLS=https://debuginfod.ubuntu.com /usr/bin/cmake --build /home/ngan/Documents/test_github/lesson6_ws/build/cv_bridge -- -j4 -l4
[0.305s] DEBUG:colcon.colcon_core.event_handler.log_command:Invoking command in '/home/ngan/Documents/test_github/lesson6_ws/build/darknet_ros_msgs': CMAKE_PREFIX_PATH=${CMAKE_PREFIX_PATH}:/home/ngan/Documents/test_github/lesson6_ws/install/stop_sign_control:/home/ngan/Documents/test_github/lesson6_ws/install/opencv_tests:/opt/ros/jazzy DEBUGINFOD_URLS=https://debuginfod.ubuntu.com /usr/bin/cmake --build /home/ngan/Documents/test_github/lesson6_ws/build/darknet_ros_msgs -- -j4 -l4
[0.318s] DEBUG:colcon.colcon_core.event_handler.log_command:Invoking command in '/home/ngan/Documents/test_github/lesson6_ws/build/image_geometry': CMAKE_PREFIX_PATH=${CMAKE_PREFIX_PATH}:/home/ngan/Documents/test_github/lesson6_ws/install/stop_sign_control:/home/ngan/Documents/test_github/lesson6_ws/install/opencv_tests:/opt/ros/jazzy DEBUGINFOD_URLS=https://debuginfod.ubuntu.com /usr/bin/cmake --build /home/ngan/Documents/test_github/lesson6_ws/build/image_geometry -- -j4 -l4
[0.328s] DEBUG:colcon.colcon_core.event_handler.log_command:Invoking command in '/home/ngan/Documents/test_github/lesson6_ws/build/Darknet': DEBUGINFOD_URLS=https://debuginfod.ubuntu.com /usr/bin/cmake --build /home/ngan/Documents/test_github/lesson6_ws/build/Darknet -- -j4 -l4
[0.843s] DEBUG:colcon.colcon_core.event_handler.log_command:Invoked command in '/home/ngan/Documents/test_github/lesson6_ws/build/Darknet' returned '0': DEBUGINFOD_URLS=https://debuginfod.ubuntu.com /usr/bin/cmake --build /home/ngan/Documents/test_github/lesson6_ws/build/Darknet -- -j4 -l4
[0.930s] DEBUG:colcon.colcon_core.event_handler.log_command:Invoking command in '/home/ngan/Documents/test_github/lesson6_ws/build/Darknet': DEBUGINFOD_URLS=https://debuginfod.ubuntu.com /usr/bin/cmake --install /home/ngan/Documents/test_github/lesson6_ws/build/Darknet
[1.036s] Level 1:colcon.colcon_core.environment:create_environment_scripts_only(Darknet)
[1.044s] DEBUG:colcon.colcon_core.event_handler.log_command:Invoked command in '/home/ngan/Documents/test_github/lesson6_ws/build/Darknet' returned '0': DEBUGINFOD_URLS=https://debuginfod.ubuntu.com /usr/bin/cmake --install /home/ngan/Documents/test_github/lesson6_ws/build/Darknet
[1.046s] Level 1:colcon.colcon_core.environment:checking '/home/ngan/Documents/test_github/lesson6_ws/install/Darknet' for CMake module files
[1.047s] Level 1:colcon.colcon_core.environment:checking '/home/ngan/Documents/test_github/lesson6_ws/install/Darknet' for CMake config files
[1.047s] Level 1:colcon.colcon_core.shell:create_environment_hook('Darknet', 'cmake_prefix_path')
[1.048s] INFO:colcon.colcon_core.shell:Creating environment descriptor '/home/ngan/Documents/test_github/lesson6_ws/install/Darknet/share/Darknet/hook/cmake_prefix_path.dsv'
[1.062s] INFO:colcon.colcon_core.shell:Creating environment hook '/home/ngan/Documents/test_github/lesson6_ws/install/Darknet/share/Darknet/hook/cmake_prefix_path.sh'
[1.068s] Level 1:colcon.colcon_core.environment:checking '/home/ngan/Documents/test_github/lesson6_ws/install/Darknet/bin'
[1.069s] Level 1:colcon.colcon_core.environment:checking '/home/ngan/Documents/test_github/lesson6_ws/install/Darknet/lib/pkgconfig/Darknet.pc'
[1.112s] Level 1:colcon.colcon_core.environment:checking '/home/ngan/Documents/test_github/lesson6_ws/install/Darknet/lib/python3.12/site-packages'
[1.113s] Level 1:colcon.colcon_core.environment:checking '/home/ngan/Documents/test_github/lesson6_ws/install/Darknet/bin'
[1.122s] INFO:colcon.colcon_core.shell:Creating package descriptor '/home/ngan/Documents/test_github/lesson6_ws/install/Darknet/share/Darknet/package.dsv'
[1.130s] INFO:colcon.colcon_core.shell:Creating package script '/home/ngan/Documents/test_github/lesson6_ws/install/Darknet/share/Darknet/package.sh'
[1.132s] INFO:colcon.colcon_core.shell:Creating package script '/home/ngan/Documents/test_github/lesson6_ws/install/Darknet/share/Darknet/package.bash'
[1.137s] INFO:colcon.colcon_core.shell:Creating package script '/home/ngan/Documents/test_github/lesson6_ws/install/Darknet/share/Darknet/package.zsh'
[1.147s] Level 1:colcon.colcon_core.environment:create_file_with_runtime_dependencies(/home/ngan/Documents/test_github/lesson6_ws/install/Darknet/share/colcon-core/packages/Darknet)
[1.155s] INFO:colcon.colcon_ros.task.ament_cmake.build:Building ROS package in '/home/ngan/Documents/test_github/lesson6_ws/src/rmitbot_bringup' with build type 'ament_cmake'
[1.156s] INFO:colcon.colcon_cmake.task.cmake.build:Building CMake package in '/home/ngan/Documents/test_github/lesson6_ws/src/rmitbot_bringup'
[1.157s] DEBUG:colcon.colcon_core.shell:Skip shell extension 'dsv' for command environment
[1.233s] DEBUG:colcon.colcon_core.event_handler.log_command:Invoking command in '/home/ngan/Documents/test_github/lesson6_ws/build/rmitbot_bringup': CMAKE_PREFIX_PATH=${CMAKE_PREFIX_PATH}:/home/ngan/Documents/test_github/lesson6_ws/install/stop_sign_control:/home/ngan/Documents/test_github/lesson6_ws/install/opencv_tests:/opt/ros/jazzy DEBUGINFOD_URLS=https://debuginfod.ubuntu.com /usr/bin/cmake --build /home/ngan/Documents/test_github/lesson6_ws/build/rmitbot_bringup -- -j4 -l4
[1.504s] DEBUG:colcon.colcon_core.event_handler.log_command:Invoked command in '/home/ngan/Documents/test_github/lesson6_ws/build/rmitbot_bringup' returned '0': CMAKE_PREFIX_PATH=${CMAKE_PREFIX_PATH}:/home/ngan/Documents/test_github/lesson6_ws/install/stop_sign_control:/home/ngan/Documents/test_github/lesson6_ws/install/opencv_tests:/opt/ros/jazzy DEBUGINFOD_URLS=https://debuginfod.ubuntu.com /usr/bin/cmake --build /home/ngan/Documents/test_github/lesson6_ws/build/rmitbot_bringup -- -j4 -l4
[1.507s] DEBUG:colcon.colcon_core.event_handler.log_command:Invoking command in '/home/ngan/Documents/test_github/lesson6_ws/build/rmitbot_bringup': CMAKE_PREFIX_PATH=${CMAKE_PREFIX_PATH}:/home/ngan/Documents/test_github/lesson6_ws/install/stop_sign_control:/home/ngan/Documents/test_github/lesson6_ws/install/opencv_tests:/opt/ros/jazzy DEBUGINFOD_URLS=https://debuginfod.ubuntu.com /usr/bin/cmake --install /home/ngan/Documents/test_github/lesson6_ws/build/rmitbot_bringup
[1.573s] Level 1:colcon.colcon_core.environment:create_environment_scripts_only(rmitbot_bringup)
[1.574s] Level 1:colcon.colcon_core.environment:checking '/home/ngan/Documents/test_github/lesson6_ws/install/rmitbot_bringup' for CMake module files
[1.575s] Level 1:colcon.colcon_core.environment:checking '/home/ngan/Documents/test_github/lesson6_ws/install/rmitbot_bringup' for CMake config files
[1.576s] Level 1:colcon.colcon_core.shell:create_environment_hook('rmitbot_bringup', 'cmake_prefix_path')
[1.576s] INFO:colcon.colcon_core.shell:Creating environment descriptor '/home/ngan/Documents/test_github/lesson6_ws/install/rmitbot_bringup/share/rmitbot_bringup/hook/cmake_prefix_path.dsv'
[1.577s] INFO:colcon.colcon_core.shell:Creating environment hook '/home/ngan/Documents/test_github/lesson6_ws/install/rmitbot_bringup/share/rmitbot_bringup/hook/cmake_prefix_path.sh'
[1.586s] DEBUG:colcon.colcon_core.event_handler.log_command:Invoked command in '/home/ngan/Documents/test_github/lesson6_ws/build/rmitbot_bringup' returned '0': CMAKE_PREFIX_PATH=${CMAKE_PREFIX_PATH}:/home/ngan/Documents/test_github/lesson6_ws/install/stop_sign_control:/home/ngan/Documents/test_github/lesson6_ws/install/opencv_tests:/opt/ros/jazzy DEBUGINFOD_URLS=https://debuginfod.ubuntu.com /usr/bin/cmake --install /home/ngan/Documents/test_github/lesson6_ws/build/rmitbot_bringup
[1.589s] Level 1:colcon.colcon_core.environment:checking '/home/ngan/Documents/test_github/lesson6_ws/install/rmitbot_bringup/bin'
[1.589s] Level 1:colcon.colcon_core.environment:checking '/home/ngan/Documents/test_github/lesson6_ws/install/rmitbot_bringup/lib/pkgconfig/rmitbot_bringup.pc'
[1.595s] Level 1:colcon.colcon_core.environment:checking '/home/ngan/Documents/test_github/lesson6_ws/install/rmitbot_bringup/lib/python3.12/site-packages'
[1.596s] Level 1:colcon.colcon_core.environment:checking '/home/ngan/Documents/test_github/lesson6_ws/install/rmitbot_bringup/bin'
[1.603s] INFO:colcon.colcon_core.shell:Creating package descriptor '/home/ngan/Documents/test_github/lesson6_ws/install/rmitbot_bringup/share/rmitbot_bringup/package.dsv'
[1.604s] INFO:colcon.colcon_core.shell:Creating package script '/home/ngan/Documents/test_github/lesson6_ws/install/rmitbot_bringup/share/rmitbot_bringup/package.sh'
[1.604s] INFO:colcon.colcon_core.shell:Creating package script '/home/ngan/Documents/test_github/lesson6_ws/install/rmitbot_bringup/share/rmitbot_bringup/package.bash'
[1.610s] INFO:colcon.colcon_core.shell:Creating package script '/home/ngan/Documents/test_github/lesson6_ws/install/rmitbot_bringup/share/rmitbot_bringup/package.zsh'
[1.611s] Level 1:colcon.colcon_core.environment:create_file_with_runtime_dependencies(/home/ngan/Documents/test_github/lesson6_ws/install/rmitbot_bringup/share/colcon-core/packages/rmitbot_bringup)
[1.618s] Level 1:colcon.colcon_core.environment:create_environment_scripts_only(rmitbot_bringup)
[1.618s] Level 1:colcon.colcon_core.environment:checking '/home/ngan/Documents/test_github/lesson6_ws/install/rmitbot_bringup' for CMake module files
[1.621s] Level 1:colcon.colcon_core.environment:checking '/home/ngan/Documents/test_github/lesson6_ws/install/rmitbot_bringup' for CMake config files
[1.621s] Level 1:colcon.colcon_core.shell:create_environment_hook('rmitbot_bringup', 'cmake_prefix_path')
[1.622s] INFO:colcon.colcon_core.shell:Creating environment descriptor '/home/ngan/Documents/test_github/lesson6_ws/install/rmitbot_bringup/share/rmitbot_bringup/hook/cmake_prefix_path.dsv'
[1.629s] INFO:colcon.colcon_core.shell:Creating environment hook '/home/ngan/Documents/test_github/lesson6_ws/install/rmitbot_bringup/share/rmitbot_bringup/hook/cmake_prefix_path.sh'
[1.630s] Level 1:colcon.colcon_core.environment:checking '/home/ngan/Documents/test_github/lesson6_ws/install/rmitbot_bringup/bin'
[1.630s] Level 1:colcon.colcon_core.environment:checking '/home/ngan/Documents/test_github/lesson6_ws/install/rmitbot_bringup/lib/pkgconfig/rmitbot_bringup.pc'
[1.630s] Level 1:colcon.colcon_core.environment:checking '/home/ngan/Documents/test_github/lesson6_ws/install/rmitbot_bringup/lib/python3.12/site-packages'
[1.631s] Level 1:colcon.colcon_core.environment:checking '/home/ngan/Documents/test_github/lesson6_ws/install/rmitbot_bringup/bin'
[1.631s] INFO:colcon.colcon_core.shell:Creating package descriptor '/home/ngan/Documents/test_github/lesson6_ws/install/rmitbot_bringup/share/rmitbot_bringup/package.dsv'
[1.643s] INFO:colcon.colcon_core.shell:Creating package script '/home/ngan/Documents/test_github/lesson6_ws/install/rmitbot_bringup/share/rmitbot_bringup/package.sh'
[1.644s] INFO:colcon.colcon_core.shell:Creating package script '/home/ngan/Documents/test_github/lesson6_ws/install/rmitbot_bringup/share/rmitbot_bringup/package.bash'
[1.646s] INFO:colcon.colcon_core.shell:Creating package script '/home/ngan/Documents/test_github/lesson6_ws/install/rmitbot_bringup/share/rmitbot_bringup/package.zsh'
[1.648s] Level 1:colcon.colcon_core.environment:create_file_with_runtime_dependencies(/home/ngan/Documents/test_github/lesson6_ws/install/rmitbot_bringup/share/colcon-core/packages/rmitbot_bringup)
[1.649s] INFO:colcon.colcon_ros.task.ament_cmake.build:Building ROS package in '/home/ngan/Documents/test_github/lesson6_ws/src/rmitbot_controller' with build type 'ament_cmake'
[1.649s] INFO:colcon.colcon_cmake.task.cmake.build:Building CMake package in '/home/ngan/Documents/test_github/lesson6_ws/src/rmitbot_controller'
[1.650s] DEBUG:colcon.colcon_core.shell:Skip shell extension 'dsv' for command environment
[1.681s] DEBUG:colcon.colcon_core.event_handler.log_command:Invoking command in '/home/ngan/Documents/test_github/lesson6_ws/build/rmitbot_controller': CMAKE_PREFIX_PATH=${CMAKE_PREFIX_PATH}:/home/ngan/Documents/test_github/lesson6_ws/install/stop_sign_control:/home/ngan/Documents/test_github/lesson6_ws/install/opencv_tests:/opt/ros/jazzy DEBUGINFOD_URLS=https://debuginfod.ubuntu.com /usr/bin/cmake --build /home/ngan/Documents/test_github/lesson6_ws/build/rmitbot_controller -- -j4 -l4
[1.935s] DEBUG:colcon.colcon_core.event_handler.log_command:Invoked command in '/home/ngan/Documents/test_github/lesson6_ws/build/darknet_ros_msgs' returned '0': CMAKE_PREFIX_PATH=${CMAKE_PREFIX_PATH}:/home/ngan/Documents/test_github/lesson6_ws/install/stop_sign_control:/home/ngan/Documents/test_github/lesson6_ws/install/opencv_tests:/opt/ros/jazzy DEBUGINFOD_URLS=https://debuginfod.ubuntu.com /usr/bin/cmake --build /home/ngan/Documents/test_github/lesson6_ws/build/darknet_ros_msgs -- -j4 -l4
[1.941s] DEBUG:colcon.colcon_core.event_handler.log_command:Invoking command in '/home/ngan/Documents/test_github/lesson6_ws/build/darknet_ros_msgs': CMAKE_PREFIX_PATH=${CMAKE_PREFIX_PATH}:/home/ngan/Documents/test_github/lesson6_ws/install/stop_sign_control:/home/ngan/Documents/test_github/lesson6_ws/install/opencv_tests:/opt/ros/jazzy DEBUGINFOD_URLS=https://debuginfod.ubuntu.com /usr/bin/cmake --install /home/ngan/Documents/test_github/lesson6_ws/build/darknet_ros_msgs
[1.948s] DEBUG:colcon.colcon_core.event_handler.log_command:Invoked command in '/home/ngan/Documents/test_github/lesson6_ws/build/rmitbot_controller' returned '0': CMAKE_PREFIX_PATH=${CMAKE_PREFIX_PATH}:/home/ngan/Documents/test_github/lesson6_ws/install/stop_sign_control:/home/ngan/Documents/test_github/lesson6_ws/install/opencv_tests:/opt/ros/jazzy DEBUGINFOD_URLS=https://debuginfod.ubuntu.com /usr/bin/cmake --build /home/ngan/Documents/test_github/lesson6_ws/build/rmitbot_controller -- -j4 -l4
[1.949s] DEBUG:colcon.colcon_core.event_handler.log_command:Invoking command in '/home/ngan/Documents/test_github/lesson6_ws/build/rmitbot_controller': CMAKE_PREFIX_PATH=${CMAKE_PREFIX_PATH}:/home/ngan/Documents/test_github/lesson6_ws/install/stop_sign_control:/home/ngan/Documents/test_github/lesson6_ws/install/opencv_tests:/opt/ros/jazzy DEBUGINFOD_URLS=https://debuginfod.ubuntu.com /usr/bin/cmake --install /home/ngan/Documents/test_github/lesson6_ws/build/rmitbot_controller
[1.974s] Level 1:colcon.colcon_core.environment:create_environment_scripts_only(rmitbot_controller)
[1.975s] Level 1:colcon.colcon_core.environment:checking '/home/ngan/Documents/test_github/lesson6_ws/install/rmitbot_controller' for CMake module files
[1.976s] Level 1:colcon.colcon_core.environment:checking '/home/ngan/Documents/test_github/lesson6_ws/install/rmitbot_controller' for CMake config files
[1.979s] DEBUG:colcon.colcon_core.event_handler.log_command:Invoked command in '/home/ngan/Documents/test_github/lesson6_ws/build/rmitbot_controller' returned '0': CMAKE_PREFIX_PATH=${CMAKE_PREFIX_PATH}:/home/ngan/Documents/test_github/lesson6_ws/install/stop_sign_control:/home/ngan/Documents/test_github/lesson6_ws/install/opencv_tests:/opt/ros/jazzy DEBUGINFOD_URLS=https://debuginfod.ubuntu.com /usr/bin/cmake --install /home/ngan/Documents/test_github/lesson6_ws/build/rmitbot_controller
[1.980s] Level 1:colcon.colcon_core.shell:create_environment_hook('rmitbot_controller', 'cmake_prefix_path')
[1.980s] INFO:colcon.colcon_core.shell:Creating environment descriptor '/home/ngan/Documents/test_github/lesson6_ws/install/rmitbot_controller/share/rmitbot_controller/hook/cmake_prefix_path.dsv'
[1.982s] INFO:colcon.colcon_core.shell:Creating environment hook '/home/ngan/Documents/test_github/lesson6_ws/install/rmitbot_controller/share/rmitbot_controller/hook/cmake_prefix_path.sh'
[1.985s] Level 1:colcon.colcon_core.environment:checking '/home/ngan/Documents/test_github/lesson6_ws/install/rmitbot_controller/bin'
[1.985s] Level 1:colcon.colcon_core.environment:checking '/home/ngan/Documents/test_github/lesson6_ws/install/rmitbot_controller/lib/pkgconfig/rmitbot_controller.pc'
[1.986s] Level 1:colcon.colcon_core.environment:checking '/home/ngan/Documents/test_github/lesson6_ws/install/rmitbot_controller/lib/python3.12/site-packages'
[1.986s] Level 1:colcon.colcon_core.environment:checking '/home/ngan/Documents/test_github/lesson6_ws/install/rmitbot_controller/bin'
[1.987s] INFO:colcon.colcon_core.shell:Creating package descriptor '/home/ngan/Documents/test_github/lesson6_ws/install/rmitbot_controller/share/rmitbot_controller/package.dsv'
[1.988s] INFO:colcon.colcon_core.shell:Creating package script '/home/ngan/Documents/test_github/lesson6_ws/install/rmitbot_controller/share/rmitbot_controller/package.sh'
[1.993s] INFO:colcon.colcon_core.shell:Creating package script '/home/ngan/Documents/test_github/lesson6_ws/install/rmitbot_controller/share/rmitbot_controller/package.bash'
[2.014s] INFO:colcon.colcon_core.shell:Creating package script '/home/ngan/Documents/test_github/lesson6_ws/install/rmitbot_controller/share/rmitbot_controller/package.zsh'
[2.015s] Level 1:colcon.colcon_core.environment:create_file_with_runtime_dependencies(/home/ngan/Documents/test_github/lesson6_ws/install/rmitbot_controller/share/colcon-core/packages/rmitbot_controller)
[2.016s] Level 1:colcon.colcon_core.environment:create_environment_scripts_only(rmitbot_controller)
[2.026s] Level 1:colcon.colcon_core.environment:checking '/home/ngan/Documents/test_github/lesson6_ws/install/rmitbot_controller' for CMake module files
[2.029s] Level 1:colcon.colcon_core.environment:checking '/home/ngan/Documents/test_github/lesson6_ws/install/rmitbot_controller' for CMake config files
[2.037s] Level 1:colcon.colcon_core.shell:create_environment_hook('rmitbot_controller', 'cmake_prefix_path')
[2.037s] INFO:colcon.colcon_core.shell:Creating environment descriptor '/home/ngan/Documents/test_github/lesson6_ws/install/rmitbot_controller/share/rmitbot_controller/hook/cmake_prefix_path.dsv'
[2.038s] INFO:colcon.colcon_core.shell:Creating environment hook '/home/ngan/Documents/test_github/lesson6_ws/install/rmitbot_controller/share/rmitbot_controller/hook/cmake_prefix_path.sh'
[2.044s] Level 1:colcon.colcon_core.environment:checking '/home/ngan/Documents/test_github/lesson6_ws/install/rmitbot_controller/bin'
[2.044s] Level 1:colcon.colcon_core.environment:checking '/home/ngan/Documents/test_github/lesson6_ws/install/rmitbot_controller/lib/pkgconfig/rmitbot_controller.pc'
[2.045s] Level 1:colcon.colcon_core.environment:checking '/home/ngan/Documents/test_github/lesson6_ws/install/rmitbot_controller/lib/python3.12/site-packages'
[2.045s] Level 1:colcon.colcon_core.environment:checking '/home/ngan/Documents/test_github/lesson6_ws/install/rmitbot_controller/bin'
[2.047s] INFO:colcon.colcon_core.shell:Creating package descriptor '/home/ngan/Documents/test_github/lesson6_ws/install/rmitbot_controller/share/rmitbot_controller/package.dsv'
[2.058s] INFO:colcon.colcon_core.shell:Creating package script '/home/ngan/Documents/test_github/lesson6_ws/install/rmitbot_controller/share/rmitbot_controller/package.sh'
[2.064s] INFO:colcon.colcon_core.shell:Creating package script '/home/ngan/Documents/test_github/lesson6_ws/install/rmitbot_controller/share/rmitbot_controller/package.bash'
[2.071s] INFO:colcon.colcon_core.shell:Creating package script '/home/ngan/Documents/test_github/lesson6_ws/install/rmitbot_controller/share/rmitbot_controller/package.zsh'
[2.073s] Level 1:colcon.colcon_core.environment:create_file_with_runtime_dependencies(/home/ngan/Documents/test_github/lesson6_ws/install/rmitbot_controller/share/colcon-core/packages/rmitbot_controller)
[2.076s] INFO:colcon.colcon_ros.task.ament_cmake.build:Building ROS package in '/home/ngan/Documents/test_github/lesson6_ws/src/rmitbot_description' with build type 'ament_cmake'
[2.076s] INFO:colcon.colcon_cmake.task.cmake.build:Building CMake package in '/home/ngan/Documents/test_github/lesson6_ws/src/rmitbot_description'
[2.076s] DEBUG:colcon.colcon_core.shell:Skip shell extension 'dsv' for command environment
[2.119s] DEBUG:colcon.colcon_core.event_handler.log_command:Invoking command in '/home/ngan/Documents/test_github/lesson6_ws/build/rmitbot_description': CMAKE_PREFIX_PATH=${CMAKE_PREFIX_PATH}:/home/ngan/Documents/test_github/lesson6_ws/install/stop_sign_control:/home/ngan/Documents/test_github/lesson6_ws/install/opencv_tests:/opt/ros/jazzy DEBUGINFOD_URLS=https://debuginfod.ubuntu.com /usr/bin/cmake --build /home/ngan/Documents/test_github/lesson6_ws/build/rmitbot_description -- -j4 -l4
[2.427s] DEBUG:colcon.colcon_core.event_handler.log_command:Invoked command in '/home/ngan/Documents/test_github/lesson6_ws/build/rmitbot_description' returned '0': CMAKE_PREFIX_PATH=${CMAKE_PREFIX_PATH}:/home/ngan/Documents/test_github/lesson6_ws/install/stop_sign_control:/home/ngan/Documents/test_github/lesson6_ws/install/opencv_tests:/opt/ros/jazzy DEBUGINFOD_URLS=https://debuginfod.ubuntu.com /usr/bin/cmake --build /home/ngan/Documents/test_github/lesson6_ws/build/rmitbot_description -- -j4 -l4
[2.427s] DEBUG:colcon.colcon_core.event_handler.log_command:Invoking command in '/home/ngan/Documents/test_github/lesson6_ws/build/rmitbot_description': CMAKE_PREFIX_PATH=${CMAKE_PREFIX_PATH}:/home/ngan/Documents/test_github/lesson6_ws/install/stop_sign_control:/home/ngan/Documents/test_github/lesson6_ws/install/opencv_tests:/opt/ros/jazzy DEBUGINFOD_URLS=https://debuginfod.ubuntu.com /usr/bin/cmake --install /home/ngan/Documents/test_github/lesson6_ws/build/rmitbot_description
[2.449s] Level 1:colcon.colcon_core.environment:create_environment_scripts_only(darknet_ros_msgs)
[2.450s] Level 1:colcon.colcon_core.environment:checking '/home/ngan/Documents/test_github/lesson6_ws/install/darknet_ros_msgs' for CMake module files
[2.451s] Level 1:colcon.colcon_core.environment:checking '/home/ngan/Documents/test_github/lesson6_ws/install/darknet_ros_msgs' for CMake config files
[2.452s] Level 1:colcon.colcon_core.shell:create_environment_hook('darknet_ros_msgs', 'cmake_prefix_path')
[2.452s] INFO:colcon.colcon_core.shell:Creating environment descriptor '/home/ngan/Documents/test_github/lesson6_ws/install/darknet_ros_msgs/share/darknet_ros_msgs/hook/cmake_prefix_path.dsv'
[2.465s] INFO:colcon.colcon_core.shell:Creating environment hook '/home/ngan/Documents/test_github/lesson6_ws/install/darknet_ros_msgs/share/darknet_ros_msgs/hook/cmake_prefix_path.sh'
[2.474s] Level 1:colcon.colcon_core.environment:checking '/home/ngan/Documents/test_github/lesson6_ws/install/darknet_ros_msgs/lib'
[2.474s] Level 1:colcon.colcon_core.shell:create_environment_hook('darknet_ros_msgs', 'ld_library_path_lib')
[2.475s] INFO:colcon.colcon_core.shell:Creating environment descriptor '/home/ngan/Documents/test_github/lesson6_ws/install/darknet_ros_msgs/share/darknet_ros_msgs/hook/ld_library_path_lib.dsv'
[2.503s] INFO:colcon.colcon_core.shell:Creating environment hook '/home/ngan/Documents/test_github/lesson6_ws/install/darknet_ros_msgs/share/darknet_ros_msgs/hook/ld_library_path_lib.sh'
[2.503s] Level 1:colcon.colcon_core.environment:checking '/home/ngan/Documents/test_github/lesson6_ws/install/darknet_ros_msgs/bin'
[2.504s] Level 1:colcon.colcon_core.environment:checking '/home/ngan/Documents/test_github/lesson6_ws/install/darknet_ros_msgs/lib/pkgconfig/darknet_ros_msgs.pc'
[2.504s] Level 1:colcon.colcon_core.environment:checking '/home/ngan/Documents/test_github/lesson6_ws/install/darknet_ros_msgs/lib/python3.12/site-packages'
[2.507s] Level 1:colcon.colcon_core.shell:create_environment_hook('darknet_ros_msgs', 'pythonpath')
[2.507s] INFO:colcon.colcon_core.shell:Creating environment descriptor '/home/ngan/Documents/test_github/lesson6_ws/install/darknet_ros_msgs/share/darknet_ros_msgs/hook/pythonpath.dsv'
[2.515s] INFO:colcon.colcon_core.shell:Creating environment hook '/home/ngan/Documents/test_github/lesson6_ws/install/darknet_ros_msgs/share/darknet_ros_msgs/hook/pythonpath.sh'
[2.521s] Level 1:colcon.colcon_core.environment:checking '/home/ngan/Documents/test_github/lesson6_ws/install/darknet_ros_msgs/bin'
[2.522s] INFO:colcon.colcon_core.shell:Creating package descriptor '/home/ngan/Documents/test_github/lesson6_ws/install/darknet_ros_msgs/share/darknet_ros_msgs/package.dsv'
[2.523s] INFO:colcon.colcon_core.shell:Creating package script '/home/ngan/Documents/test_github/lesson6_ws/install/darknet_ros_msgs/share/darknet_ros_msgs/package.sh'
[2.530s] INFO:colcon.colcon_core.shell:Creating package script '/home/ngan/Documents/test_github/lesson6_ws/install/darknet_ros_msgs/share/darknet_ros_msgs/package.bash'
[2.532s] DEBUG:colcon.colcon_core.event_handler.log_command:Invoked command in '/home/ngan/Documents/test_github/lesson6_ws/build/darknet_ros_msgs' returned '0': CMAKE_PREFIX_PATH=${CMAKE_PREFIX_PATH}:/home/ngan/Documents/test_github/lesson6_ws/install/stop_sign_control:/home/ngan/Documents/test_github/lesson6_ws/install/opencv_tests:/opt/ros/jazzy DEBUGINFOD_URLS=https://debuginfod.ubuntu.com /usr/bin/cmake --install /home/ngan/Documents/test_github/lesson6_ws/build/darknet_ros_msgs
[2.532s] INFO:colcon.colcon_core.shell:Creating package script '/home/ngan/Documents/test_github/lesson6_ws/install/darknet_ros_msgs/share/darknet_ros_msgs/package.zsh'
[2.540s] Level 1:colcon.colcon_core.environment:create_file_with_runtime_dependencies(/home/ngan/Documents/test_github/lesson6_ws/install/darknet_ros_msgs/share/colcon-core/packages/darknet_ros_msgs)
[2.541s] Level 1:colcon.colcon_core.environment:create_environment_scripts_only(darknet_ros_msgs)
[2.542s] Level 1:colcon.colcon_core.environment:checking '/home/ngan/Documents/test_github/lesson6_ws/install/darknet_ros_msgs' for CMake module files
[2.546s] Level 1:colcon.colcon_core.environment:checking '/home/ngan/Documents/test_github/lesson6_ws/install/darknet_ros_msgs' for CMake config files
[2.547s] Level 1:colcon.colcon_core.shell:create_environment_hook('darknet_ros_msgs', 'cmake_prefix_path')
[2.547s] INFO:colcon.colcon_core.shell:Creating environment descriptor '/home/ngan/Documents/test_github/lesson6_ws/install/darknet_ros_msgs/share/darknet_ros_msgs/hook/cmake_prefix_path.dsv'
[2.547s] INFO:colcon.colcon_core.shell:Creating environment hook '/home/ngan/Documents/test_github/lesson6_ws/install/darknet_ros_msgs/share/darknet_ros_msgs/hook/cmake_prefix_path.sh'
[2.555s] Level 1:colcon.colcon_core.environment:checking '/home/ngan/Documents/test_github/lesson6_ws/install/darknet_ros_msgs/lib'
[2.555s] Level 1:colcon.colcon_core.shell:create_environment_hook('darknet_ros_msgs', 'ld_library_path_lib')
[2.555s] INFO:colcon.colcon_core.shell:Creating environment descriptor '/home/ngan/Documents/test_github/lesson6_ws/install/darknet_ros_msgs/share/darknet_ros_msgs/hook/ld_library_path_lib.dsv'
[2.556s] INFO:colcon.colcon_core.shell:Creating environment hook '/home/ngan/Documents/test_github/lesson6_ws/install/darknet_ros_msgs/share/darknet_ros_msgs/hook/ld_library_path_lib.sh'
[2.557s] Level 1:colcon.colcon_core.environment:checking '/home/ngan/Documents/test_github/lesson6_ws/install/darknet_ros_msgs/bin'
[2.557s] Level 1:colcon.colcon_core.environment:checking '/home/ngan/Documents/test_github/lesson6_ws/install/darknet_ros_msgs/lib/pkgconfig/darknet_ros_msgs.pc'
[2.559s] Level 1:colcon.colcon_core.environment:checking '/home/ngan/Documents/test_github/lesson6_ws/install/darknet_ros_msgs/lib/python3.12/site-packages'
[2.559s] Level 1:colcon.colcon_core.shell:create_environment_hook('darknet_ros_msgs', 'pythonpath')
[2.560s] INFO:colcon.colcon_core.shell:Creating environment descriptor '/home/ngan/Documents/test_github/lesson6_ws/install/darknet_ros_msgs/share/darknet_ros_msgs/hook/pythonpath.dsv'
[2.560s] INFO:colcon.colcon_core.shell:Creating environment hook '/home/ngan/Documents/test_github/lesson6_ws/install/darknet_ros_msgs/share/darknet_ros_msgs/hook/pythonpath.sh'
[2.562s] Level 1:colcon.colcon_core.environment:checking '/home/ngan/Documents/test_github/lesson6_ws/install/darknet_ros_msgs/bin'
[2.562s] INFO:colcon.colcon_core.shell:Creating package descriptor '/home/ngan/Documents/test_github/lesson6_ws/install/darknet_ros_msgs/share/darknet_ros_msgs/package.dsv'
[2.563s] INFO:colcon.colcon_core.shell:Creating package script '/home/ngan/Documents/test_github/lesson6_ws/install/darknet_ros_msgs/share/darknet_ros_msgs/package.sh'
[2.563s] INFO:colcon.colcon_core.shell:Creating package script '/home/ngan/Documents/test_github/lesson6_ws/install/darknet_ros_msgs/share/darknet_ros_msgs/package.bash'
[2.564s] INFO:colcon.colcon_core.shell:Creating package script '/home/ngan/Documents/test_github/lesson6_ws/install/darknet_ros_msgs/share/darknet_ros_msgs/package.zsh'
[2.568s] Level 1:colcon.colcon_core.environment:create_file_with_runtime_dependencies(/home/ngan/Documents/test_github/lesson6_ws/install/darknet_ros_msgs/share/colcon-core/packages/darknet_ros_msgs)
[2.569s] Level 1:colcon.colcon_core.environment:create_environment_scripts_only(rmitbot_description)
[2.571s] Level 1:colcon.colcon_core.environment:checking '/home/ngan/Documents/test_github/lesson6_ws/install/rmitbot_description' for CMake module files
[2.572s] Level 1:colcon.colcon_core.environment:checking '/home/ngan/Documents/test_github/lesson6_ws/install/rmitbot_description' for CMake config files
[2.572s] Level 1:colcon.colcon_core.shell:create_environment_hook('rmitbot_description', 'cmake_prefix_path')
[2.573s] INFO:colcon.colcon_core.shell:Creating environment descriptor '/home/ngan/Documents/test_github/lesson6_ws/install/rmitbot_description/share/rmitbot_description/hook/cmake_prefix_path.dsv'
[2.570s] DEBUG:colcon.colcon_core.event_handler.log_command:Invoked command in '/home/ngan/Documents/test_github/lesson6_ws/build/rmitbot_description' returned '0': CMAKE_PREFIX_PATH=${CMAKE_PREFIX_PATH}:/home/ngan/Documents/test_github/lesson6_ws/install/stop_sign_control:/home/ngan/Documents/test_github/lesson6_ws/install/opencv_tests:/opt/ros/jazzy DEBUGINFOD_URLS=https://debuginfod.ubuntu.com /usr/bin/cmake --install /home/ngan/Documents/test_github/lesson6_ws/build/rmitbot_description
[2.579s] INFO:colcon.colcon_core.shell:Creating environment hook '/home/ngan/Documents/test_github/lesson6_ws/install/rmitbot_description/share/rmitbot_description/hook/cmake_prefix_path.sh'
[2.583s] Level 1:colcon.colcon_core.environment:checking '/home/ngan/Documents/test_github/lesson6_ws/install/rmitbot_description/bin'
[2.583s] Level 1:colcon.colcon_core.environment:checking '/home/ngan/Documents/test_github/lesson6_ws/install/rmitbot_description/lib/pkgconfig/rmitbot_description.pc'
[2.583s] Level 1:colcon.colcon_core.environment:checking '/home/ngan/Documents/test_github/lesson6_ws/install/rmitbot_description/lib/python3.12/site-packages'
[2.584s] Level 1:colcon.colcon_core.environment:checking '/home/ngan/Documents/test_github/lesson6_ws/install/rmitbot_description/bin'
[2.584s] INFO:colcon.colcon_core.shell:Creating package descriptor '/home/ngan/Documents/test_github/lesson6_ws/install/rmitbot_description/share/rmitbot_description/package.dsv'
[2.584s] INFO:colcon.colcon_core.shell:Creating package script '/home/ngan/Documents/test_github/lesson6_ws/install/rmitbot_description/share/rmitbot_description/package.sh'
[2.588s] INFO:colcon.colcon_core.shell:Creating package script '/home/ngan/Documents/test_github/lesson6_ws/install/rmitbot_description/share/rmitbot_description/package.bash'
[2.588s] INFO:colcon.colcon_core.shell:Creating package script '/home/ngan/Documents/test_github/lesson6_ws/install/rmitbot_description/share/rmitbot_description/package.zsh'
[2.592s] Level 1:colcon.colcon_core.environment:create_file_with_runtime_dependencies(/home/ngan/Documents/test_github/lesson6_ws/install/rmitbot_description/share/colcon-core/packages/rmitbot_description)
[2.593s] Level 1:colcon.colcon_core.environment:create_environment_scripts_only(rmitbot_description)
[2.594s] Level 1:colcon.colcon_core.environment:checking '/home/ngan/Documents/test_github/lesson6_ws/install/rmitbot_description' for CMake module files
[2.595s] Level 1:colcon.colcon_core.environment:checking '/home/ngan/Documents/test_github/lesson6_ws/install/rmitbot_description' for CMake config files
[2.595s] Level 1:colcon.colcon_core.shell:create_environment_hook('rmitbot_description', 'cmake_prefix_path')
[2.595s] INFO:colcon.colcon_core.shell:Creating environment descriptor '/home/ngan/Documents/test_github/lesson6_ws/install/rmitbot_description/share/rmitbot_description/hook/cmake_prefix_path.dsv'
[2.596s] INFO:colcon.colcon_core.shell:Creating environment hook '/home/ngan/Documents/test_github/lesson6_ws/install/rmitbot_description/share/rmitbot_description/hook/cmake_prefix_path.sh'
[2.599s] Level 1:colcon.colcon_core.environment:checking '/home/ngan/Documents/test_github/lesson6_ws/install/rmitbot_description/bin'
[2.600s] Level 1:colcon.colcon_core.environment:checking '/home/ngan/Documents/test_github/lesson6_ws/install/rmitbot_description/lib/pkgconfig/rmitbot_description.pc'
[2.601s] Level 1:colcon.colcon_core.environment:checking '/home/ngan/Documents/test_github/lesson6_ws/install/rmitbot_description/lib/python3.12/site-packages'
[2.601s] Level 1:colcon.colcon_core.environment:checking '/home/ngan/Documents/test_github/lesson6_ws/install/rmitbot_description/bin'
[2.602s] INFO:colcon.colcon_core.shell:Creating package descriptor '/home/ngan/Documents/test_github/lesson6_ws/install/rmitbot_description/share/rmitbot_description/package.dsv'
[2.604s] INFO:colcon.colcon_core.shell:Creating package script '/home/ngan/Documents/test_github/lesson6_ws/install/rmitbot_description/share/rmitbot_description/package.sh'
[2.605s] INFO:colcon.colcon_core.shell:Creating package script '/home/ngan/Documents/test_github/lesson6_ws/install/rmitbot_description/share/rmitbot_description/package.bash'
[2.607s] INFO:colcon.colcon_core.shell:Creating package script '/home/ngan/Documents/test_github/lesson6_ws/install/rmitbot_description/share/rmitbot_description/package.zsh'
[2.608s] Level 1:colcon.colcon_core.environment:create_file_with_runtime_dependencies(/home/ngan/Documents/test_github/lesson6_ws/install/rmitbot_description/share/colcon-core/packages/rmitbot_description)
[2.610s] INFO:colcon.colcon_ros.task.ament_cmake.build:Building ROS package in '/home/ngan/Documents/test_github/lesson6_ws/src/rmitbot_firmware' with build type 'ament_cmake'
[2.611s] INFO:colcon.colcon_cmake.task.cmake.build:Building CMake package in '/home/ngan/Documents/test_github/lesson6_ws/src/rmitbot_firmware'
[2.611s] DEBUG:colcon.colcon_core.shell:Skip shell extension 'dsv' for command environment
[2.640s] INFO:colcon.colcon_ros.task.ament_cmake.build:Building ROS package in '/home/ngan/Documents/test_github/lesson6_ws/src/rmitbot_localization' with build type 'ament_cmake'
[2.641s] INFO:colcon.colcon_cmake.task.cmake.build:Building CMake package in '/home/ngan/Documents/test_github/lesson6_ws/src/rmitbot_localization'
[2.641s] DEBUG:colcon.colcon_core.shell:Skip shell extension 'dsv' for command environment
[2.669s] DEBUG:colcon.colcon_core.event_handler.log_command:Invoked command in '/home/ngan/Documents/test_github/lesson6_ws/build/cv_bridge' returned '0': CMAKE_PREFIX_PATH=${CMAKE_PREFIX_PATH}:/home/ngan/Documents/test_github/lesson6_ws/install/stop_sign_control:/home/ngan/Documents/test_github/lesson6_ws/install/opencv_tests:/opt/ros/jazzy DEBUGINFOD_URLS=https://debuginfod.ubuntu.com /usr/bin/cmake --build /home/ngan/Documents/test_github/lesson6_ws/build/cv_bridge -- -j4 -l4
[2.669s] DEBUG:colcon.colcon_core.event_handler.log_command:Invoking command in '/home/ngan/Documents/test_github/lesson6_ws/build/cv_bridge': CMAKE_PREFIX_PATH=${CMAKE_PREFIX_PATH}:/home/ngan/Documents/test_github/lesson6_ws/install/stop_sign_control:/home/ngan/Documents/test_github/lesson6_ws/install/opencv_tests:/opt/ros/jazzy DEBUGINFOD_URLS=https://debuginfod.ubuntu.com /usr/bin/cmake --install /home/ngan/Documents/test_github/lesson6_ws/build/cv_bridge
[2.678s] DEBUG:colcon.colcon_core.event_handler.log_command:Invoking command in '/home/ngan/Documents/test_github/lesson6_ws/build/rmitbot_firmware': CMAKE_PREFIX_PATH=${CMAKE_PREFIX_PATH}:/home/ngan/Documents/test_github/lesson6_ws/install/stop_sign_control:/home/ngan/Documents/test_github/lesson6_ws/install/opencv_tests:/opt/ros/jazzy DEBUGINFOD_URLS=https://debuginfod.ubuntu.com /usr/bin/cmake --build /home/ngan/Documents/test_github/lesson6_ws/build/rmitbot_firmware -- -j4 -l4
[2.696s] DEBUG:colcon.colcon_core.event_handler.log_command:Invoking command in '/home/ngan/Documents/test_github/lesson6_ws/build/rmitbot_localization': CMAKE_PREFIX_PATH=${CMAKE_PREFIX_PATH}:/home/ngan/Documents/test_github/lesson6_ws/install/stop_sign_control:/home/ngan/Documents/test_github/lesson6_ws/install/opencv_tests:/opt/ros/jazzy DEBUGINFOD_URLS=https://debuginfod.ubuntu.com /usr/bin/cmake --build /home/ngan/Documents/test_github/lesson6_ws/build/rmitbot_localization -- -j4 -l4
[2.707s] DEBUG:colcon.colcon_core.event_handler.log_command:Invoked command in '/home/ngan/Documents/test_github/lesson6_ws/build/image_geometry' returned '0': CMAKE_PREFIX_PATH=${CMAKE_PREFIX_PATH}:/home/ngan/Documents/test_github/lesson6_ws/install/stop_sign_control:/home/ngan/Documents/test_github/lesson6_ws/install/opencv_tests:/opt/ros/jazzy DEBUGINFOD_URLS=https://debuginfod.ubuntu.com /usr/bin/cmake --build /home/ngan/Documents/test_github/lesson6_ws/build/image_geometry -- -j4 -l4
[2.708s] DEBUG:colcon.colcon_core.event_handler.log_command:Invoking command in '/home/ngan/Documents/test_github/lesson6_ws/build/image_geometry': CMAKE_PREFIX_PATH=${CMAKE_PREFIX_PATH}:/home/ngan/Documents/test_github/lesson6_ws/install/stop_sign_control:/home/ngan/Documents/test_github/lesson6_ws/install/opencv_tests:/opt/ros/jazzy DEBUGINFOD_URLS=https://debuginfod.ubuntu.com /usr/bin/cmake --install /home/ngan/Documents/test_github/lesson6_ws/build/image_geometry
[2.864s] DEBUG:colcon.colcon_core.event_handler.log_command:Invoked command in '/home/ngan/Documents/test_github/lesson6_ws/build/rmitbot_localization' returned '0': CMAKE_PREFIX_PATH=${CMAKE_PREFIX_PATH}:/home/ngan/Documents/test_github/lesson6_ws/install/stop_sign_control:/home/ngan/Documents/test_github/lesson6_ws/install/opencv_tests:/opt/ros/jazzy DEBUGINFOD_URLS=https://debuginfod.ubuntu.com /usr/bin/cmake --build /home/ngan/Documents/test_github/lesson6_ws/build/rmitbot_localization -- -j4 -l4
[2.865s] DEBUG:colcon.colcon_core.event_handler.log_command:Invoking command in '/home/ngan/Documents/test_github/lesson6_ws/build/rmitbot_localization': CMAKE_PREFIX_PATH=${CMAKE_PREFIX_PATH}:/home/ngan/Documents/test_github/lesson6_ws/install/stop_sign_control:/home/ngan/Documents/test_github/lesson6_ws/install/opencv_tests:/opt/ros/jazzy DEBUGINFOD_URLS=https://debuginfod.ubuntu.com /usr/bin/cmake --install /home/ngan/Documents/test_github/lesson6_ws/build/rmitbot_localization
[2.897s] Level 1:colcon.colcon_core.environment:create_environment_scripts_only(rmitbot_localization)
[2.898s] Level 1:colcon.colcon_core.environment:checking '/home/ngan/Documents/test_github/lesson6_ws/install/rmitbot_localization' for CMake module files
[2.898s] Level 1:colcon.colcon_core.environment:checking '/home/ngan/Documents/test_github/lesson6_ws/install/rmitbot_localization' for CMake config files
[2.901s] DEBUG:colcon.colcon_core.event_handler.log_command:Invoked command in '/home/ngan/Documents/test_github/lesson6_ws/build/rmitbot_localization' returned '0': CMAKE_PREFIX_PATH=${CMAKE_PREFIX_PATH}:/home/ngan/Documents/test_github/lesson6_ws/install/stop_sign_control:/home/ngan/Documents/test_github/lesson6_ws/install/opencv_tests:/opt/ros/jazzy DEBUGINFOD_URLS=https://debuginfod.ubuntu.com /usr/bin/cmake --install /home/ngan/Documents/test_github/lesson6_ws/build/rmitbot_localization
[2.904s] Level 1:colcon.colcon_core.shell:create_environment_hook('rmitbot_localization', 'cmake_prefix_path')
[2.904s] INFO:colcon.colcon_core.shell:Creating environment descriptor '/home/ngan/Documents/test_github/lesson6_ws/install/rmitbot_localization/share/rmitbot_localization/hook/cmake_prefix_path.dsv'
[2.905s] INFO:colcon.colcon_core.shell:Creating environment hook '/home/ngan/Documents/test_github/lesson6_ws/install/rmitbot_localization/share/rmitbot_localization/hook/cmake_prefix_path.sh'
[2.906s] Level 1:colcon.colcon_core.environment:checking '/home/ngan/Documents/test_github/lesson6_ws/install/rmitbot_localization/bin'
[2.906s] Level 1:colcon.colcon_core.environment:checking '/home/ngan/Documents/test_github/lesson6_ws/install/rmitbot_localization/lib/pkgconfig/rmitbot_localization.pc'
[2.907s] Level 1:colcon.colcon_core.environment:checking '/home/ngan/Documents/test_github/lesson6_ws/install/rmitbot_localization/lib/python3.12/site-packages'
[2.912s] Level 1:colcon.colcon_core.environment:checking '/home/ngan/Documents/test_github/lesson6_ws/install/rmitbot_localization/bin'
[2.912s] INFO:colcon.colcon_core.shell:Creating package descriptor '/home/ngan/Documents/test_github/lesson6_ws/install/rmitbot_localization/share/rmitbot_localization/package.dsv'
[2.913s] INFO:colcon.colcon_core.shell:Creating package script '/home/ngan/Documents/test_github/lesson6_ws/install/rmitbot_localization/share/rmitbot_localization/package.sh'
[2.914s] INFO:colcon.colcon_core.shell:Creating package script '/home/ngan/Documents/test_github/lesson6_ws/install/rmitbot_localization/share/rmitbot_localization/package.bash'
[2.919s] INFO:colcon.colcon_core.shell:Creating package script '/home/ngan/Documents/test_github/lesson6_ws/install/rmitbot_localization/share/rmitbot_localization/package.zsh'
[2.921s] Level 1:colcon.colcon_core.environment:create_file_with_runtime_dependencies(/home/ngan/Documents/test_github/lesson6_ws/install/rmitbot_localization/share/colcon-core/packages/rmitbot_localization)
[2.922s] Level 1:colcon.colcon_core.environment:create_environment_scripts_only(rmitbot_localization)
[2.923s] Level 1:colcon.colcon_core.environment:checking '/home/ngan/Documents/test_github/lesson6_ws/install/rmitbot_localization' for CMake module files
[2.925s] Level 1:colcon.colcon_core.environment:checking '/home/ngan/Documents/test_github/lesson6_ws/install/rmitbot_localization' for CMake config files
[2.925s] Level 1:colcon.colcon_core.shell:create_environment_hook('rmitbot_localization', 'cmake_prefix_path')
[2.926s] INFO:colcon.colcon_core.shell:Creating environment descriptor '/home/ngan/Documents/test_github/lesson6_ws/install/rmitbot_localization/share/rmitbot_localization/hook/cmake_prefix_path.dsv'
[2.926s] INFO:colcon.colcon_core.shell:Creating environment hook '/home/ngan/Documents/test_github/lesson6_ws/install/rmitbot_localization/share/rmitbot_localization/hook/cmake_prefix_path.sh'
[2.931s] Level 1:colcon.colcon_core.environment:checking '/home/ngan/Documents/test_github/lesson6_ws/install/rmitbot_localization/bin'
[2.931s] Level 1:colcon.colcon_core.environment:checking '/home/ngan/Documents/test_github/lesson6_ws/install/rmitbot_localization/lib/pkgconfig/rmitbot_localization.pc'
[2.932s] Level 1:colcon.colcon_core.environment:checking '/home/ngan/Documents/test_github/lesson6_ws/install/rmitbot_localization/lib/python3.12/site-packages'
[2.932s] Level 1:colcon.colcon_core.environment:checking '/home/ngan/Documents/test_github/lesson6_ws/install/rmitbot_localization/bin'
[2.933s] INFO:colcon.colcon_core.shell:Creating package descriptor '/home/ngan/Documents/test_github/lesson6_ws/install/rmitbot_localization/share/rmitbot_localization/package.dsv'
[2.941s] INFO:colcon.colcon_core.shell:Creating package script '/home/ngan/Documents/test_github/lesson6_ws/install/rmitbot_localization/share/rmitbot_localization/package.sh'
[2.942s] INFO:colcon.colcon_core.shell:Creating package script '/home/ngan/Documents/test_github/lesson6_ws/install/rmitbot_localization/share/rmitbot_localization/package.bash'
[2.942s] INFO:colcon.colcon_core.shell:Creating package script '/home/ngan/Documents/test_github/lesson6_ws/install/rmitbot_localization/share/rmitbot_localization/package.zsh'
[2.943s] Level 1:colcon.colcon_core.environment:create_file_with_runtime_dependencies(/home/ngan/Documents/test_github/lesson6_ws/install/rmitbot_localization/share/colcon-core/packages/rmitbot_localization)
[2.948s] INFO:colcon.colcon_ros.task.ament_cmake.build:Building ROS package in '/home/ngan/Documents/test_github/lesson6_ws/src/rmitbot_mapping' with build type 'ament_cmake'
[2.949s] INFO:colcon.colcon_cmake.task.cmake.build:Building CMake package in '/home/ngan/Documents/test_github/lesson6_ws/src/rmitbot_mapping'
[2.949s] DEBUG:colcon.colcon_core.shell:Skip shell extension 'dsv' for command environment
[3.026s] DEBUG:colcon.colcon_core.event_handler.log_command:Invoking command in '/home/ngan/Documents/test_github/lesson6_ws/build/rmitbot_mapping': CMAKE_PREFIX_PATH=${CMAKE_PREFIX_PATH}:/home/ngan/Documents/test_github/lesson6_ws/install/stop_sign_control:/home/ngan/Documents/test_github/lesson6_ws/install/opencv_tests:/opt/ros/jazzy DEBUGINFOD_URLS=https://debuginfod.ubuntu.com /usr/bin/cmake --build /home/ngan/Documents/test_github/lesson6_ws/build/rmitbot_mapping -- -j4 -l4
[3.034s] Level 1:colcon.colcon_core.environment:create_environment_scripts_only(cv_bridge)
[3.034s] Level 1:colcon.colcon_core.environment:checking '/home/ngan/Documents/test_github/lesson6_ws/install/cv_bridge' for CMake module files
[3.035s] Level 1:colcon.colcon_core.environment:checking '/home/ngan/Documents/test_github/lesson6_ws/install/cv_bridge' for CMake config files
[3.044s] Level 1:colcon.colcon_core.shell:create_environment_hook('cv_bridge', 'cmake_prefix_path')
[3.048s] INFO:colcon.colcon_core.shell:Creating environment descriptor '/home/ngan/Documents/test_github/lesson6_ws/install/cv_bridge/share/cv_bridge/hook/cmake_prefix_path.dsv'
[3.050s] DEBUG:colcon.colcon_core.event_handler.log_command:Invoked command in '/home/ngan/Documents/test_github/lesson6_ws/build/cv_bridge' returned '0': CMAKE_PREFIX_PATH=${CMAKE_PREFIX_PATH}:/home/ngan/Documents/test_github/lesson6_ws/install/stop_sign_control:/home/ngan/Documents/test_github/lesson6_ws/install/opencv_tests:/opt/ros/jazzy DEBUGINFOD_URLS=https://debuginfod.ubuntu.com /usr/bin/cmake --install /home/ngan/Documents/test_github/lesson6_ws/build/cv_bridge
[3.050s] INFO:colcon.colcon_core.shell:Creating environment hook '/home/ngan/Documents/test_github/lesson6_ws/install/cv_bridge/share/cv_bridge/hook/cmake_prefix_path.sh'
[3.052s] Level 1:colcon.colcon_core.environment:checking '/home/ngan/Documents/test_github/lesson6_ws/install/cv_bridge/lib'
[3.052s] Level 1:colcon.colcon_core.shell:create_environment_hook('cv_bridge', 'ld_library_path_lib')
[3.052s] INFO:colcon.colcon_core.shell:Creating environment descriptor '/home/ngan/Documents/test_github/lesson6_ws/install/cv_bridge/share/cv_bridge/hook/ld_library_path_lib.dsv'
[3.053s] INFO:colcon.colcon_core.shell:Creating environment hook '/home/ngan/Documents/test_github/lesson6_ws/install/cv_bridge/share/cv_bridge/hook/ld_library_path_lib.sh'
[3.057s] Level 1:colcon.colcon_core.environment:checking '/home/ngan/Documents/test_github/lesson6_ws/install/cv_bridge/bin'
[3.057s] Level 1:colcon.colcon_core.environment:checking '/home/ngan/Documents/test_github/lesson6_ws/install/cv_bridge/lib/pkgconfig/cv_bridge.pc'
[3.057s] Level 1:colcon.colcon_core.environment:checking '/home/ngan/Documents/test_github/lesson6_ws/install/cv_bridge/lib/python3.12/site-packages'
[3.057s] Level 1:colcon.colcon_core.shell:create_environment_hook('cv_bridge', 'pythonpath')
[3.058s] INFO:colcon.colcon_core.shell:Creating environment descriptor '/home/ngan/Documents/test_github/lesson6_ws/install/cv_bridge/share/cv_bridge/hook/pythonpath.dsv'
[3.058s] INFO:colcon.colcon_core.shell:Creating environment hook '/home/ngan/Documents/test_github/lesson6_ws/install/cv_bridge/share/cv_bridge/hook/pythonpath.sh'
[3.063s] Level 1:colcon.colcon_core.environment:checking '/home/ngan/Documents/test_github/lesson6_ws/install/cv_bridge/bin'
[3.064s] INFO:colcon.colcon_core.shell:Creating package descriptor '/home/ngan/Documents/test_github/lesson6_ws/install/cv_bridge/share/cv_bridge/package.dsv'
[3.064s] INFO:colcon.colcon_core.shell:Creating package script '/home/ngan/Documents/test_github/lesson6_ws/install/cv_bridge/share/cv_bridge/package.sh'
[3.065s] INFO:colcon.colcon_core.shell:Creating package script '/home/ngan/Documents/test_github/lesson6_ws/install/cv_bridge/share/cv_bridge/package.bash'
[3.066s] INFO:colcon.colcon_core.shell:Creating package script '/home/ngan/Documents/test_github/lesson6_ws/install/cv_bridge/share/cv_bridge/package.zsh'
[3.067s] Level 1:colcon.colcon_core.environment:create_file_with_runtime_dependencies(/home/ngan/Documents/test_github/lesson6_ws/install/cv_bridge/share/colcon-core/packages/cv_bridge)
[3.068s] Level 1:colcon.colcon_core.environment:create_environment_scripts_only(cv_bridge)
[3.068s] Level 1:colcon.colcon_core.environment:checking '/home/ngan/Documents/test_github/lesson6_ws/install/cv_bridge' for CMake module files
[3.069s] Level 1:colcon.colcon_core.environment:checking '/home/ngan/Documents/test_github/lesson6_ws/install/cv_bridge' for CMake config files
[3.069s] Level 1:colcon.colcon_core.shell:create_environment_hook('cv_bridge', 'cmake_prefix_path')
[3.070s] INFO:colcon.colcon_core.shell:Creating environment descriptor '/home/ngan/Documents/test_github/lesson6_ws/install/cv_bridge/share/cv_bridge/hook/cmake_prefix_path.dsv'
[3.070s] INFO:colcon.colcon_core.shell:Creating environment hook '/home/ngan/Documents/test_github/lesson6_ws/install/cv_bridge/share/cv_bridge/hook/cmake_prefix_path.sh'
[3.071s] Level 1:colcon.colcon_core.environment:checking '/home/ngan/Documents/test_github/lesson6_ws/install/cv_bridge/lib'
[3.080s] Level 1:colcon.colcon_core.shell:create_environment_hook('cv_bridge', 'ld_library_path_lib')
[3.080s] INFO:colcon.colcon_core.shell:Creating environment descriptor '/home/ngan/Documents/test_github/lesson6_ws/install/cv_bridge/share/cv_bridge/hook/ld_library_path_lib.dsv'
[3.081s] INFO:colcon.colcon_core.shell:Creating environment hook '/home/ngan/Documents/test_github/lesson6_ws/install/cv_bridge/share/cv_bridge/hook/ld_library_path_lib.sh'
[3.082s] Level 1:colcon.colcon_core.environment:checking '/home/ngan/Documents/test_github/lesson6_ws/install/cv_bridge/bin'
[3.082s] Level 1:colcon.colcon_core.environment:checking '/home/ngan/Documents/test_github/lesson6_ws/install/cv_bridge/lib/pkgconfig/cv_bridge.pc'
[3.083s] Level 1:colcon.colcon_core.environment:checking '/home/ngan/Documents/test_github/lesson6_ws/install/cv_bridge/lib/python3.12/site-packages'
[3.083s] Level 1:colcon.colcon_core.shell:create_environment_hook('cv_bridge', 'pythonpath')
[3.083s] INFO:colcon.colcon_core.shell:Creating environment descriptor '/home/ngan/Documents/test_github/lesson6_ws/install/cv_bridge/share/cv_bridge/hook/pythonpath.dsv'
[3.084s] INFO:colcon.colcon_core.shell:Creating environment hook '/home/ngan/Documents/test_github/lesson6_ws/install/cv_bridge/share/cv_bridge/hook/pythonpath.sh'
[3.085s] Level 1:colcon.colcon_core.environment:checking '/home/ngan/Documents/test_github/lesson6_ws/install/cv_bridge/bin'
[3.085s] INFO:colcon.colcon_core.shell:Creating package descriptor '/home/ngan/Documents/test_github/lesson6_ws/install/cv_bridge/share/cv_bridge/package.dsv'
[3.087s] INFO:colcon.colcon_core.shell:Creating package script '/home/ngan/Documents/test_github/lesson6_ws/install/cv_bridge/share/cv_bridge/package.sh'
[3.088s] INFO:colcon.colcon_core.shell:Creating package script '/home/ngan/Documents/test_github/lesson6_ws/install/cv_bridge/share/cv_bridge/package.bash'
[3.089s] INFO:colcon.colcon_core.shell:Creating package script '/home/ngan/Documents/test_github/lesson6_ws/install/cv_bridge/share/cv_bridge/package.zsh'
[3.090s] Level 1:colcon.colcon_core.environment:create_file_with_runtime_dependencies(/home/ngan/Documents/test_github/lesson6_ws/install/cv_bridge/share/colcon-core/packages/cv_bridge)
[3.091s] Level 1:colcon.colcon_core.environment:create_environment_scripts_only(image_geometry)
[3.092s] Level 1:colcon.colcon_core.environment:checking '/home/ngan/Documents/test_github/lesson6_ws/install/image_geometry' for CMake module files
[3.093s] Level 1:colcon.colcon_core.environment:checking '/home/ngan/Documents/test_github/lesson6_ws/install/image_geometry' for CMake config files
[3.094s] Level 1:colcon.colcon_core.shell:create_environment_hook('image_geometry', 'cmake_prefix_path')
[3.092s] DEBUG:colcon.colcon_core.event_handler.log_command:Invoked command in '/home/ngan/Documents/test_github/lesson6_ws/build/image_geometry' returned '0': CMAKE_PREFIX_PATH=${CMAKE_PREFIX_PATH}:/home/ngan/Documents/test_github/lesson6_ws/install/stop_sign_control:/home/ngan/Documents/test_github/lesson6_ws/install/opencv_tests:/opt/ros/jazzy DEBUGINFOD_URLS=https://debuginfod.ubuntu.com /usr/bin/cmake --install /home/ngan/Documents/test_github/lesson6_ws/build/image_geometry
[3.097s] INFO:colcon.colcon_core.shell:Creating environment descriptor '/home/ngan/Documents/test_github/lesson6_ws/install/image_geometry/share/image_geometry/hook/cmake_prefix_path.dsv'
[3.098s] INFO:colcon.colcon_core.shell:Creating environment hook '/home/ngan/Documents/test_github/lesson6_ws/install/image_geometry/share/image_geometry/hook/cmake_prefix_path.sh'
[3.099s] Level 1:colcon.colcon_core.environment:checking '/home/ngan/Documents/test_github/lesson6_ws/install/image_geometry/lib'
[3.100s] Level 1:colcon.colcon_core.shell:create_environment_hook('image_geometry', 'ld_library_path_lib')
[3.100s] INFO:colcon.colcon_core.shell:Creating environment descriptor '/home/ngan/Documents/test_github/lesson6_ws/install/image_geometry/share/image_geometry/hook/ld_library_path_lib.dsv'
[3.100s] INFO:colcon.colcon_core.shell:Creating environment hook '/home/ngan/Documents/test_github/lesson6_ws/install/image_geometry/share/image_geometry/hook/ld_library_path_lib.sh'
[3.101s] Level 1:colcon.colcon_core.environment:checking '/home/ngan/Documents/test_github/lesson6_ws/install/image_geometry/bin'
[3.101s] Level 1:colcon.colcon_core.environment:checking '/home/ngan/Documents/test_github/lesson6_ws/install/image_geometry/lib/pkgconfig/image_geometry.pc'
[3.102s] Level 1:colcon.colcon_core.environment:checking '/home/ngan/Documents/test_github/lesson6_ws/install/image_geometry/lib/python3.12/site-packages'
[3.102s] Level 1:colcon.colcon_core.shell:create_environment_hook('image_geometry', 'pythonpath')
[3.102s] INFO:colcon.colcon_core.shell:Creating environment descriptor '/home/ngan/Documents/test_github/lesson6_ws/install/image_geometry/share/image_geometry/hook/pythonpath.dsv'
[3.103s] INFO:colcon.colcon_core.shell:Creating environment hook '/home/ngan/Documents/test_github/lesson6_ws/install/image_geometry/share/image_geometry/hook/pythonpath.sh'
[3.104s] Level 1:colcon.colcon_core.environment:checking '/home/ngan/Documents/test_github/lesson6_ws/install/image_geometry/bin'
[3.104s] INFO:colcon.colcon_core.shell:Creating package descriptor '/home/ngan/Documents/test_github/lesson6_ws/install/image_geometry/share/image_geometry/package.dsv'
[3.105s] INFO:colcon.colcon_core.shell:Creating package script '/home/ngan/Documents/test_github/lesson6_ws/install/image_geometry/share/image_geometry/package.sh'
[3.105s] INFO:colcon.colcon_core.shell:Creating package script '/home/ngan/Documents/test_github/lesson6_ws/install/image_geometry/share/image_geometry/package.bash'
[3.106s] INFO:colcon.colcon_core.shell:Creating package script '/home/ngan/Documents/test_github/lesson6_ws/install/image_geometry/share/image_geometry/package.zsh'
[3.107s] Level 1:colcon.colcon_core.environment:create_file_with_runtime_dependencies(/home/ngan/Documents/test_github/lesson6_ws/install/image_geometry/share/colcon-core/packages/image_geometry)
[3.107s] Level 1:colcon.colcon_core.environment:create_environment_scripts_only(image_geometry)
[3.108s] Level 1:colcon.colcon_core.environment:checking '/home/ngan/Documents/test_github/lesson6_ws/install/image_geometry' for CMake module files
[3.108s] Level 1:colcon.colcon_core.environment:checking '/home/ngan/Documents/test_github/lesson6_ws/install/image_geometry' for CMake config files
[3.119s] Level 1:colcon.colcon_core.shell:create_environment_hook('image_geometry', 'cmake_prefix_path')
[3.120s] INFO:colcon.colcon_core.shell:Creating environment descriptor '/home/ngan/Documents/test_github/lesson6_ws/install/image_geometry/share/image_geometry/hook/cmake_prefix_path.dsv'
[3.120s] INFO:colcon.colcon_core.shell:Creating environment hook '/home/ngan/Documents/test_github/lesson6_ws/install/image_geometry/share/image_geometry/hook/cmake_prefix_path.sh'
[3.133s] Level 1:colcon.colcon_core.environment:checking '/home/ngan/Documents/test_github/lesson6_ws/install/image_geometry/lib'
[3.133s] Level 1:colcon.colcon_core.shell:create_environment_hook('image_geometry', 'ld_library_path_lib')
[3.134s] INFO:colcon.colcon_core.shell:Creating environment descriptor '/home/ngan/Documents/test_github/lesson6_ws/install/image_geometry/share/image_geometry/hook/ld_library_path_lib.dsv'
[3.138s] INFO:colcon.colcon_core.shell:Creating environment hook '/home/ngan/Documents/test_github/lesson6_ws/install/image_geometry/share/image_geometry/hook/ld_library_path_lib.sh'
[3.139s] Level 1:colcon.colcon_core.environment:checking '/home/ngan/Documents/test_github/lesson6_ws/install/image_geometry/bin'
[3.139s] Level 1:colcon.colcon_core.environment:checking '/home/ngan/Documents/test_github/lesson6_ws/install/image_geometry/lib/pkgconfig/image_geometry.pc'
[3.141s] Level 1:colcon.colcon_core.environment:checking '/home/ngan/Documents/test_github/lesson6_ws/install/image_geometry/lib/python3.12/site-packages'
[3.141s] Level 1:colcon.colcon_core.shell:create_environment_hook('image_geometry', 'pythonpath')
[3.142s] INFO:colcon.colcon_core.shell:Creating environment descriptor '/home/ngan/Documents/test_github/lesson6_ws/install/image_geometry/share/image_geometry/hook/pythonpath.dsv'
[3.148s] INFO:colcon.colcon_core.shell:Creating environment hook '/home/ngan/Documents/test_github/lesson6_ws/install/image_geometry/share/image_geometry/hook/pythonpath.sh'
[3.149s] Level 1:colcon.colcon_core.environment:checking '/home/ngan/Documents/test_github/lesson6_ws/install/image_geometry/bin'
[3.150s] INFO:colcon.colcon_core.shell:Creating package descriptor '/home/ngan/Documents/test_github/lesson6_ws/install/image_geometry/share/image_geometry/package.dsv'
[3.151s] INFO:colcon.colcon_core.shell:Creating package script '/home/ngan/Documents/test_github/lesson6_ws/install/image_geometry/share/image_geometry/package.sh'
[3.155s] INFO:colcon.colcon_core.shell:Creating package script '/home/ngan/Documents/test_github/lesson6_ws/install/image_geometry/share/image_geometry/package.bash'
[3.156s] INFO:colcon.colcon_core.shell:Creating package script '/home/ngan/Documents/test_github/lesson6_ws/install/image_geometry/share/image_geometry/package.zsh'
[3.157s] Level 1:colcon.colcon_core.environment:create_file_with_runtime_dependencies(/home/ngan/Documents/test_github/lesson6_ws/install/image_geometry/share/colcon-core/packages/image_geometry)
[3.160s] INFO:colcon.colcon_ros.task.ament_cmake.build:Building ROS package in '/home/ngan/Documents/test_github/lesson6_ws/src/rmitbot_vision/darknet_ros/darknet_ros/darknet_ros' with build type 'ament_cmake'
[3.160s] INFO:colcon.colcon_cmake.task.cmake.build:Building CMake package in '/home/ngan/Documents/test_github/lesson6_ws/src/rmitbot_vision/darknet_ros/darknet_ros/darknet_ros'
[3.161s] DEBUG:colcon.colcon_core.shell:Skip shell extension 'dsv' for command environment
[3.191s] INFO:colcon.colcon_ros.task.ament_python.build:Building ROS package in '/home/ngan/Documents/test_github/lesson6_ws/src/rmitbot_vision/vision_opencv/opencv_tests' with build type 'ament_python'
[3.193s] Level 1:colcon.colcon_core.shell:create_environment_hook('opencv_tests', 'ament_prefix_path')
[3.193s] INFO:colcon.colcon_core.shell:Creating environment descriptor '/home/ngan/Documents/test_github/lesson6_ws/install/opencv_tests/share/opencv_tests/hook/ament_prefix_path.dsv'
[3.194s] INFO:colcon.colcon_core.shell:Creating environment hook '/home/ngan/Documents/test_github/lesson6_ws/install/opencv_tests/share/opencv_tests/hook/ament_prefix_path.sh'
[3.195s] DEBUG:colcon.colcon_core.shell:Skip shell extension 'dsv' for command environment
[3.232s] DEBUG:colcon.colcon_core.event_handler.log_command:Invoked command in '/home/ngan/Documents/test_github/lesson6_ws/build/rmitbot_firmware' returned '0': CMAKE_PREFIX_PATH=${CMAKE_PREFIX_PATH}:/home/ngan/Documents/test_github/lesson6_ws/install/stop_sign_control:/home/ngan/Documents/test_github/lesson6_ws/install/opencv_tests:/opt/ros/jazzy DEBUGINFOD_URLS=https://debuginfod.ubuntu.com /usr/bin/cmake --build /home/ngan/Documents/test_github/lesson6_ws/build/rmitbot_firmware -- -j4 -l4
[3.233s] DEBUG:colcon.colcon_core.event_handler.log_command:Invoking command in '/home/ngan/Documents/test_github/lesson6_ws/build/rmitbot_firmware': CMAKE_PREFIX_PATH=${CMAKE_PREFIX_PATH}:/home/ngan/Documents/test_github/lesson6_ws/install/stop_sign_control:/home/ngan/Documents/test_github/lesson6_ws/install/opencv_tests:/opt/ros/jazzy DEBUGINFOD_URLS=https://debuginfod.ubuntu.com /usr/bin/cmake --install /home/ngan/Documents/test_github/lesson6_ws/build/rmitbot_firmware
[3.240s] DEBUG:colcon.colcon_core.event_handler.log_command:Invoked command in '/home/ngan/Documents/test_github/lesson6_ws/build/rmitbot_mapping' returned '0': CMAKE_PREFIX_PATH=${CMAKE_PREFIX_PATH}:/home/ngan/Documents/test_github/lesson6_ws/install/stop_sign_control:/home/ngan/Documents/test_github/lesson6_ws/install/opencv_tests:/opt/ros/jazzy DEBUGINFOD_URLS=https://debuginfod.ubuntu.com /usr/bin/cmake --build /home/ngan/Documents/test_github/lesson6_ws/build/rmitbot_mapping -- -j4 -l4
[3.241s] DEBUG:colcon.colcon_core.event_handler.log_command:Invoking command in '/home/ngan/Documents/test_github/lesson6_ws/build/rmitbot_mapping': CMAKE_PREFIX_PATH=${CMAKE_PREFIX_PATH}:/home/ngan/Documents/test_github/lesson6_ws/install/stop_sign_control:/home/ngan/Documents/test_github/lesson6_ws/install/opencv_tests:/opt/ros/jazzy DEBUGINFOD_URLS=https://debuginfod.ubuntu.com /usr/bin/cmake --install /home/ngan/Documents/test_github/lesson6_ws/build/rmitbot_mapping
[3.262s] DEBUG:colcon.colcon_core.event_handler.log_command:Invoking command in '/home/ngan/Documents/test_github/lesson6_ws/build/darknet_ros': CMAKE_PREFIX_PATH=/home/ngan/Documents/test_github/lesson6_ws/install/darknet_ros_msgs:/home/ngan/Documents/test_github/lesson6_ws/install/cv_bridge:/home/ngan/Documents/test_github/lesson6_ws/install/vision_opencv:/home/ngan/Documents/test_github/lesson6_ws/install/rmitbot_mapping:/home/ngan/Documents/test_github/lesson6_ws/install/rmitbot_localization:/home/ngan/Documents/test_github/lesson6_ws/install/rmitbot_firmware:/home/ngan/Documents/test_github/lesson6_ws/install/rmitbot_description:/home/ngan/Documents/test_github/lesson6_ws/install/rmitbot_controller:/home/ngan/Documents/test_github/lesson6_ws/install/rmitbot_bringup:/home/ngan/Documents/test_github/lesson6_ws/install/image_geometry:/home/ngan/Documents/test_github/lesson6_ws/install/darknet_ros:/home/ngan/Documents/test_github/lesson6_ws/install/Darknet:/opt/ros/jazzy/opt/gz_sim_vendor:/opt/ros/jazzy/opt/gz_sensors_vendor:/opt/ros/jazzy/opt/gz_physics_vendor:/opt/ros/jazzy/opt/sdformat_vendor:/opt/ros/jazzy/opt/gz_gui_vendor:/opt/ros/jazzy/opt/gz_transport_vendor:/opt/ros/jazzy/opt/gz_rendering_vendor:/opt/ros/jazzy/opt/gz_plugin_vendor:/opt/ros/jazzy/opt/gz_fuel_tools_vendor:/opt/ros/jazzy/opt/gz_msgs_vendor:/opt/ros/jazzy/opt/gz_common_vendor:/opt/ros/jazzy/opt/gz_math_vendor:/opt/ros/jazzy/opt/gz_utils_vendor:/opt/ros/jazzy/opt/gz_tools_vendor:/opt/ros/jazzy/opt/gz_ogre_next_vendor:/opt/ros/jazzy/opt/gz_dartsim_vendor:/opt/ros/jazzy/opt/gz_cmake_vendor:/home/ngan/Documents/test_github/lesson6_ws/install/stop_sign_control:/home/ngan/Documents/test_github/lesson6_ws/install/opencv_tests:/opt/ros/jazzy DEBUGINFOD_URLS=https://debuginfod.ubuntu.com LD_LIBRARY_PATH=/home/ngan/Documents/test_github/lesson6_ws/install/darknet_ros_msgs/lib:/home/ngan/Documents/test_github/lesson6_ws/install/cv_bridge/lib:/home/ngan/Documents/test_github/lesson6_ws/install/rmitbot_firmware/lib:/home/ngan/Documents/test_github/lesson6_ws/install/image_geometry/lib:/home/ngan/Documents/test_github/lesson6_ws/install/darknet_ros/lib:/opt/ros/jazzy/opt/gz_sim_vendor/lib:/opt/ros/jazzy/opt/gz_sensors_vendor/lib:/opt/ros/jazzy/opt/gz_physics_vendor/lib:/opt/ros/jazzy/opt/sdformat_vendor/lib:/opt/ros/jazzy/opt/rviz_ogre_vendor/lib:/opt/ros/jazzy/lib/aarch64-linux-gnu:/opt/ros/jazzy/opt/gz_gui_vendor/lib:/opt/ros/jazzy/opt/gz_transport_vendor/lib:/opt/ros/jazzy/opt/gz_rendering_vendor/lib:/opt/ros/jazzy/opt/gz_plugin_vendor/lib:/opt/ros/jazzy/opt/gz_fuel_tools_vendor/lib:/opt/ros/jazzy/opt/gz_msgs_vendor/lib:/opt/ros/jazzy/opt/gz_common_vendor/lib:/opt/ros/jazzy/opt/gz_math_vendor/lib:/opt/ros/jazzy/opt/gz_utils_vendor/lib:/opt/ros/jazzy/opt/gz_tools_vendor/lib:/opt/ros/jazzy/opt/gz_ogre_next_vendor/lib:/opt/ros/jazzy/opt/gz_dartsim_vendor/lib:/opt/ros/jazzy/opt/gz_cmake_vendor/lib:/opt/ros/jazzy/lib PYTHONPATH=/home/ngan/Documents/test_github/lesson6_ws/install/darknet_ros_msgs/lib/python3.12/site-packages:/home/ngan/Documents/test_github/lesson6_ws/install/cv_bridge/lib/python3.12/site-packages:/home/ngan/Documents/test_github/lesson6_ws/install/stop_sign_control/lib/python3.12/site-packages:/home/ngan/Documents/test_github/lesson6_ws/install/opencv_tests/lib/python3.12/site-packages:/home/ngan/Documents/test_github/lesson6_ws/install/image_geometry/lib/python3.12/site-packages:/opt/ros/jazzy/lib/python3.12/site-packages /usr/bin/cmake --build /home/ngan/Documents/test_github/lesson6_ws/build/darknet_ros -- -j4 -l4
[3.999s] INFO:colcon.colcon_core.task.python.build:Building Python package in '/home/ngan/Documents/test_github/lesson6_ws/src/rmitbot_vision/vision_opencv/opencv_tests'
[4.000s] DEBUG:colcon.colcon_core.shell:Skip shell extension 'dsv' for command environment
[4.011s] Level 1:colcon.colcon_core.environment:create_environment_scripts_only(rmitbot_mapping)
[4.011s] DEBUG:colcon.colcon_core.event_handler.log_command:Invoked command in '/home/ngan/Documents/test_github/lesson6_ws/build/rmitbot_mapping' returned '0': CMAKE_PREFIX_PATH=${CMAKE_PREFIX_PATH}:/home/ngan/Documents/test_github/lesson6_ws/install/stop_sign_control:/home/ngan/Documents/test_github/lesson6_ws/install/opencv_tests:/opt/ros/jazzy DEBUGINFOD_URLS=https://debuginfod.ubuntu.com /usr/bin/cmake --install /home/ngan/Documents/test_github/lesson6_ws/build/rmitbot_mapping
[4.012s] Level 1:colcon.colcon_core.environment:checking '/home/ngan/Documents/test_github/lesson6_ws/install/rmitbot_mapping' for CMake module files
[4.013s] Level 1:colcon.colcon_core.environment:checking '/home/ngan/Documents/test_github/lesson6_ws/install/rmitbot_mapping' for CMake config files
[4.013s] Level 1:colcon.colcon_core.shell:create_environment_hook('rmitbot_mapping', 'cmake_prefix_path')
[4.013s] INFO:colcon.colcon_core.shell:Creating environment descriptor '/home/ngan/Documents/test_github/lesson6_ws/install/rmitbot_mapping/share/rmitbot_mapping/hook/cmake_prefix_path.dsv'
[4.014s] INFO:colcon.colcon_core.shell:Creating environment hook '/home/ngan/Documents/test_github/lesson6_ws/install/rmitbot_mapping/share/rmitbot_mapping/hook/cmake_prefix_path.sh'
[4.015s] Level 1:colcon.colcon_core.environment:checking '/home/ngan/Documents/test_github/lesson6_ws/install/rmitbot_mapping/bin'
[4.015s] Level 1:colcon.colcon_core.environment:checking '/home/ngan/Documents/test_github/lesson6_ws/install/rmitbot_mapping/lib/pkgconfig/rmitbot_mapping.pc'
[4.015s] Level 1:colcon.colcon_core.environment:checking '/home/ngan/Documents/test_github/lesson6_ws/install/rmitbot_mapping/lib/python3.12/site-packages'
[4.016s] Level 1:colcon.colcon_core.environment:checking '/home/ngan/Documents/test_github/lesson6_ws/install/rmitbot_mapping/bin'
[4.016s] INFO:colcon.colcon_core.shell:Creating package descriptor '/home/ngan/Documents/test_github/lesson6_ws/install/rmitbot_mapping/share/rmitbot_mapping/package.dsv'
[4.017s] INFO:colcon.colcon_core.shell:Creating package script '/home/ngan/Documents/test_github/lesson6_ws/install/rmitbot_mapping/share/rmitbot_mapping/package.sh'
[4.018s] INFO:colcon.colcon_core.shell:Creating package script '/home/ngan/Documents/test_github/lesson6_ws/install/rmitbot_mapping/share/rmitbot_mapping/package.bash'
[4.019s] INFO:colcon.colcon_core.shell:Creating package script '/home/ngan/Documents/test_github/lesson6_ws/install/rmitbot_mapping/share/rmitbot_mapping/package.zsh'
[4.020s] Level 1:colcon.colcon_core.environment:create_file_with_runtime_dependencies(/home/ngan/Documents/test_github/lesson6_ws/install/rmitbot_mapping/share/colcon-core/packages/rmitbot_mapping)
[4.021s] Level 1:colcon.colcon_core.environment:create_environment_scripts_only(rmitbot_mapping)
[4.021s] Level 1:colcon.colcon_core.environment:checking '/home/ngan/Documents/test_github/lesson6_ws/install/rmitbot_mapping' for CMake module files
[4.022s] Level 1:colcon.colcon_core.environment:checking '/home/ngan/Documents/test_github/lesson6_ws/install/rmitbot_mapping' for CMake config files
[4.022s] Level 1:colcon.colcon_core.shell:create_environment_hook('rmitbot_mapping', 'cmake_prefix_path')
[4.022s] INFO:colcon.colcon_core.shell:Creating environment descriptor '/home/ngan/Documents/test_github/lesson6_ws/install/rmitbot_mapping/share/rmitbot_mapping/hook/cmake_prefix_path.dsv'
[4.023s] INFO:colcon.colcon_core.shell:Creating environment hook '/home/ngan/Documents/test_github/lesson6_ws/install/rmitbot_mapping/share/rmitbot_mapping/hook/cmake_prefix_path.sh'
[4.023s] Level 1:colcon.colcon_core.environment:checking '/home/ngan/Documents/test_github/lesson6_ws/install/rmitbot_mapping/bin'
[4.024s] Level 1:colcon.colcon_core.environment:checking '/home/ngan/Documents/test_github/lesson6_ws/install/rmitbot_mapping/lib/pkgconfig/rmitbot_mapping.pc'
[4.024s] Level 1:colcon.colcon_core.environment:checking '/home/ngan/Documents/test_github/lesson6_ws/install/rmitbot_mapping/lib/python3.12/site-packages'
[4.024s] Level 1:colcon.colcon_core.environment:checking '/home/ngan/Documents/test_github/lesson6_ws/install/rmitbot_mapping/bin'
[4.024s] INFO:colcon.colcon_core.shell:Creating package descriptor '/home/ngan/Documents/test_github/lesson6_ws/install/rmitbot_mapping/share/rmitbot_mapping/package.dsv'
[4.025s] INFO:colcon.colcon_core.shell:Creating package script '/home/ngan/Documents/test_github/lesson6_ws/install/rmitbot_mapping/share/rmitbot_mapping/package.sh'
[4.026s] INFO:colcon.colcon_core.shell:Creating package script '/home/ngan/Documents/test_github/lesson6_ws/install/rmitbot_mapping/share/rmitbot_mapping/package.bash'
[4.026s] INFO:colcon.colcon_core.shell:Creating package script '/home/ngan/Documents/test_github/lesson6_ws/install/rmitbot_mapping/share/rmitbot_mapping/package.zsh'
[4.027s] Level 1:colcon.colcon_core.environment:create_file_with_runtime_dependencies(/home/ngan/Documents/test_github/lesson6_ws/install/rmitbot_mapping/share/colcon-core/packages/rmitbot_mapping)
[4.028s] DEBUG:colcon.colcon_core.event_handler.log_command:Invoked command in '/home/ngan/Documents/test_github/lesson6_ws/build/darknet_ros' returned '0': CMAKE_PREFIX_PATH=/home/ngan/Documents/test_github/lesson6_ws/install/darknet_ros_msgs:/home/ngan/Documents/test_github/lesson6_ws/install/cv_bridge:/home/ngan/Documents/test_github/lesson6_ws/install/vision_opencv:/home/ngan/Documents/test_github/lesson6_ws/install/rmitbot_mapping:/home/ngan/Documents/test_github/lesson6_ws/install/rmitbot_localization:/home/ngan/Documents/test_github/lesson6_ws/install/rmitbot_firmware:/home/ngan/Documents/test_github/lesson6_ws/install/rmitbot_description:/home/ngan/Documents/test_github/lesson6_ws/install/rmitbot_controller:/home/ngan/Documents/test_github/lesson6_ws/install/rmitbot_bringup:/home/ngan/Documents/test_github/lesson6_ws/install/image_geometry:/home/ngan/Documents/test_github/lesson6_ws/install/darknet_ros:/home/ngan/Documents/test_github/lesson6_ws/install/Darknet:/opt/ros/jazzy/opt/gz_sim_vendor:/opt/ros/jazzy/opt/gz_sensors_vendor:/opt/ros/jazzy/opt/gz_physics_vendor:/opt/ros/jazzy/opt/sdformat_vendor:/opt/ros/jazzy/opt/gz_gui_vendor:/opt/ros/jazzy/opt/gz_transport_vendor:/opt/ros/jazzy/opt/gz_rendering_vendor:/opt/ros/jazzy/opt/gz_plugin_vendor:/opt/ros/jazzy/opt/gz_fuel_tools_vendor:/opt/ros/jazzy/opt/gz_msgs_vendor:/opt/ros/jazzy/opt/gz_common_vendor:/opt/ros/jazzy/opt/gz_math_vendor:/opt/ros/jazzy/opt/gz_utils_vendor:/opt/ros/jazzy/opt/gz_tools_vendor:/opt/ros/jazzy/opt/gz_ogre_next_vendor:/opt/ros/jazzy/opt/gz_dartsim_vendor:/opt/ros/jazzy/opt/gz_cmake_vendor:/home/ngan/Documents/test_github/lesson6_ws/install/stop_sign_control:/home/ngan/Documents/test_github/lesson6_ws/install/opencv_tests:/opt/ros/jazzy DEBUGINFOD_URLS=https://debuginfod.ubuntu.com LD_LIBRARY_PATH=/home/ngan/Documents/test_github/lesson6_ws/install/darknet_ros_msgs/lib:/home/ngan/Documents/test_github/lesson6_ws/install/cv_bridge/lib:/home/ngan/Documents/test_github/lesson6_ws/install/rmitbot_firmware/lib:/home/ngan/Documents/test_github/lesson6_ws/install/image_geometry/lib:/home/ngan/Documents/test_github/lesson6_ws/install/darknet_ros/lib:/opt/ros/jazzy/opt/gz_sim_vendor/lib:/opt/ros/jazzy/opt/gz_sensors_vendor/lib:/opt/ros/jazzy/opt/gz_physics_vendor/lib:/opt/ros/jazzy/opt/sdformat_vendor/lib:/opt/ros/jazzy/opt/rviz_ogre_vendor/lib:/opt/ros/jazzy/lib/aarch64-linux-gnu:/opt/ros/jazzy/opt/gz_gui_vendor/lib:/opt/ros/jazzy/opt/gz_transport_vendor/lib:/opt/ros/jazzy/opt/gz_rendering_vendor/lib:/opt/ros/jazzy/opt/gz_plugin_vendor/lib:/opt/ros/jazzy/opt/gz_fuel_tools_vendor/lib:/opt/ros/jazzy/opt/gz_msgs_vendor/lib:/opt/ros/jazzy/opt/gz_common_vendor/lib:/opt/ros/jazzy/opt/gz_math_vendor/lib:/opt/ros/jazzy/opt/gz_utils_vendor/lib:/opt/ros/jazzy/opt/gz_tools_vendor/lib:/opt/ros/jazzy/opt/gz_ogre_next_vendor/lib:/opt/ros/jazzy/opt/gz_dartsim_vendor/lib:/opt/ros/jazzy/opt/gz_cmake_vendor/lib:/opt/ros/jazzy/lib PYTHONPATH=/home/ngan/Documents/test_github/lesson6_ws/install/darknet_ros_msgs/lib/python3.12/site-packages:/home/ngan/Documents/test_github/lesson6_ws/install/cv_bridge/lib/python3.12/site-packages:/home/ngan/Documents/test_github/lesson6_ws/install/stop_sign_control/lib/python3.12/site-packages:/home/ngan/Documents/test_github/lesson6_ws/install/opencv_tests/lib/python3.12/site-packages:/home/ngan/Documents/test_github/lesson6_ws/install/image_geometry/lib/python3.12/site-packages:/opt/ros/jazzy/lib/python3.12/site-packages /usr/bin/cmake --build /home/ngan/Documents/test_github/lesson6_ws/build/darknet_ros -- -j4 -l4
[4.032s] DEBUG:colcon.colcon_core.event_handler.log_command:Invoking command in '/home/ngan/Documents/test_github/lesson6_ws/build/darknet_ros': CMAKE_PREFIX_PATH=/home/ngan/Documents/test_github/lesson6_ws/install/darknet_ros_msgs:/home/ngan/Documents/test_github/lesson6_ws/install/cv_bridge:/home/ngan/Documents/test_github/lesson6_ws/install/vision_opencv:/home/ngan/Documents/test_github/lesson6_ws/install/rmitbot_mapping:/home/ngan/Documents/test_github/lesson6_ws/install/rmitbot_localization:/home/ngan/Documents/test_github/lesson6_ws/install/rmitbot_firmware:/home/ngan/Documents/test_github/lesson6_ws/install/rmitbot_description:/home/ngan/Documents/test_github/lesson6_ws/install/rmitbot_controller:/home/ngan/Documents/test_github/lesson6_ws/install/rmitbot_bringup:/home/ngan/Documents/test_github/lesson6_ws/install/image_geometry:/home/ngan/Documents/test_github/lesson6_ws/install/darknet_ros:/home/ngan/Documents/test_github/lesson6_ws/install/Darknet:/opt/ros/jazzy/opt/gz_sim_vendor:/opt/ros/jazzy/opt/gz_sensors_vendor:/opt/ros/jazzy/opt/gz_physics_vendor:/opt/ros/jazzy/opt/sdformat_vendor:/opt/ros/jazzy/opt/gz_gui_vendor:/opt/ros/jazzy/opt/gz_transport_vendor:/opt/ros/jazzy/opt/gz_rendering_vendor:/opt/ros/jazzy/opt/gz_plugin_vendor:/opt/ros/jazzy/opt/gz_fuel_tools_vendor:/opt/ros/jazzy/opt/gz_msgs_vendor:/opt/ros/jazzy/opt/gz_common_vendor:/opt/ros/jazzy/opt/gz_math_vendor:/opt/ros/jazzy/opt/gz_utils_vendor:/opt/ros/jazzy/opt/gz_tools_vendor:/opt/ros/jazzy/opt/gz_ogre_next_vendor:/opt/ros/jazzy/opt/gz_dartsim_vendor:/opt/ros/jazzy/opt/gz_cmake_vendor:/home/ngan/Documents/test_github/lesson6_ws/install/stop_sign_control:/home/ngan/Documents/test_github/lesson6_ws/install/opencv_tests:/opt/ros/jazzy DEBUGINFOD_URLS=https://debuginfod.ubuntu.com LD_LIBRARY_PATH=/home/ngan/Documents/test_github/lesson6_ws/install/darknet_ros_msgs/lib:/home/ngan/Documents/test_github/lesson6_ws/install/cv_bridge/lib:/home/ngan/Documents/test_github/lesson6_ws/install/rmitbot_firmware/lib:/home/ngan/Documents/test_github/lesson6_ws/install/image_geometry/lib:/home/ngan/Documents/test_github/lesson6_ws/install/darknet_ros/lib:/opt/ros/jazzy/opt/gz_sim_vendor/lib:/opt/ros/jazzy/opt/gz_sensors_vendor/lib:/opt/ros/jazzy/opt/gz_physics_vendor/lib:/opt/ros/jazzy/opt/sdformat_vendor/lib:/opt/ros/jazzy/opt/rviz_ogre_vendor/lib:/opt/ros/jazzy/lib/aarch64-linux-gnu:/opt/ros/jazzy/opt/gz_gui_vendor/lib:/opt/ros/jazzy/opt/gz_transport_vendor/lib:/opt/ros/jazzy/opt/gz_rendering_vendor/lib:/opt/ros/jazzy/opt/gz_plugin_vendor/lib:/opt/ros/jazzy/opt/gz_fuel_tools_vendor/lib:/opt/ros/jazzy/opt/gz_msgs_vendor/lib:/opt/ros/jazzy/opt/gz_common_vendor/lib:/opt/ros/jazzy/opt/gz_math_vendor/lib:/opt/ros/jazzy/opt/gz_utils_vendor/lib:/opt/ros/jazzy/opt/gz_tools_vendor/lib:/opt/ros/jazzy/opt/gz_ogre_next_vendor/lib:/opt/ros/jazzy/opt/gz_dartsim_vendor/lib:/opt/ros/jazzy/opt/gz_cmake_vendor/lib:/opt/ros/jazzy/lib PYTHONPATH=/home/ngan/Documents/test_github/lesson6_ws/install/darknet_ros_msgs/lib/python3.12/site-packages:/home/ngan/Documents/test_github/lesson6_ws/install/cv_bridge/lib/python3.12/site-packages:/home/ngan/Documents/test_github/lesson6_ws/install/stop_sign_control/lib/python3.12/site-packages:/home/ngan/Documents/test_github/lesson6_ws/install/opencv_tests/lib/python3.12/site-packages:/home/ngan/Documents/test_github/lesson6_ws/install/image_geometry/lib/python3.12/site-packages:/opt/ros/jazzy/lib/python3.12/site-packages /usr/bin/cmake --install /home/ngan/Documents/test_github/lesson6_ws/build/darknet_ros
[4.034s] INFO:colcon.colcon_ros.task.ament_python.build:Building ROS package in '/home/ngan/Documents/test_github/lesson6_ws/src/rmitbot_vision/stop_sign_control' with build type 'ament_python'
[4.034s] Level 1:colcon.colcon_core.shell:create_environment_hook('stop_sign_control', 'ament_prefix_path')
[4.034s] INFO:colcon.colcon_core.shell:Creating environment descriptor '/home/ngan/Documents/test_github/lesson6_ws/install/stop_sign_control/share/stop_sign_control/hook/ament_prefix_path.dsv'
[4.046s] INFO:colcon.colcon_core.shell:Creating environment hook '/home/ngan/Documents/test_github/lesson6_ws/install/stop_sign_control/share/stop_sign_control/hook/ament_prefix_path.sh'
[4.048s] DEBUG:colcon.colcon_core.shell:Skip shell extension 'dsv' for command environment
[4.061s] Level 1:colcon.colcon_core.environment:create_environment_scripts_only(rmitbot_firmware)
[4.062s] Level 1:colcon.colcon_core.environment:checking '/home/ngan/Documents/test_github/lesson6_ws/install/rmitbot_firmware' for CMake module files
[4.067s] DEBUG:colcon.colcon_core.event_handler.log_command:Invoked command in '/home/ngan/Documents/test_github/lesson6_ws/build/rmitbot_firmware' returned '0': CMAKE_PREFIX_PATH=${CMAKE_PREFIX_PATH}:/home/ngan/Documents/test_github/lesson6_ws/install/stop_sign_control:/home/ngan/Documents/test_github/lesson6_ws/install/opencv_tests:/opt/ros/jazzy DEBUGINFOD_URLS=https://debuginfod.ubuntu.com /usr/bin/cmake --install /home/ngan/Documents/test_github/lesson6_ws/build/rmitbot_firmware
[4.077s] Level 1:colcon.colcon_core.environment:checking '/home/ngan/Documents/test_github/lesson6_ws/install/rmitbot_firmware' for CMake config files
[4.085s] Level 1:colcon.colcon_core.shell:create_environment_hook('rmitbot_firmware', 'cmake_prefix_path')
[4.090s] INFO:colcon.colcon_core.shell:Creating environment descriptor '/home/ngan/Documents/test_github/lesson6_ws/install/rmitbot_firmware/share/rmitbot_firmware/hook/cmake_prefix_path.dsv'
[4.110s] INFO:colcon.colcon_core.shell:Creating environment hook '/home/ngan/Documents/test_github/lesson6_ws/install/rmitbot_firmware/share/rmitbot_firmware/hook/cmake_prefix_path.sh'
[4.127s] Level 1:colcon.colcon_core.environment:checking '/home/ngan/Documents/test_github/lesson6_ws/install/rmitbot_firmware/lib'
[4.127s] Level 1:colcon.colcon_core.shell:create_environment_hook('rmitbot_firmware', 'ld_library_path_lib')
[4.127s] INFO:colcon.colcon_core.shell:Creating environment descriptor '/home/ngan/Documents/test_github/lesson6_ws/install/rmitbot_firmware/share/rmitbot_firmware/hook/ld_library_path_lib.dsv'
[4.128s] INFO:colcon.colcon_core.shell:Creating environment hook '/home/ngan/Documents/test_github/lesson6_ws/install/rmitbot_firmware/share/rmitbot_firmware/hook/ld_library_path_lib.sh'
[4.130s] Level 1:colcon.colcon_core.environment:checking '/home/ngan/Documents/test_github/lesson6_ws/install/rmitbot_firmware/bin'
[4.130s] Level 1:colcon.colcon_core.environment:checking '/home/ngan/Documents/test_github/lesson6_ws/install/rmitbot_firmware/lib/pkgconfig/rmitbot_firmware.pc'
[4.131s] Level 1:colcon.colcon_core.environment:checking '/home/ngan/Documents/test_github/lesson6_ws/install/rmitbot_firmware/lib/python3.12/site-packages'
[4.131s] Level 1:colcon.colcon_core.environment:checking '/home/ngan/Documents/test_github/lesson6_ws/install/rmitbot_firmware/bin'
[4.135s] INFO:colcon.colcon_core.shell:Creating package descriptor '/home/ngan/Documents/test_github/lesson6_ws/install/rmitbot_firmware/share/rmitbot_firmware/package.dsv'
[4.136s] INFO:colcon.colcon_core.shell:Creating package script '/home/ngan/Documents/test_github/lesson6_ws/install/rmitbot_firmware/share/rmitbot_firmware/package.sh'
[4.140s] INFO:colcon.colcon_core.shell:Creating package script '/home/ngan/Documents/test_github/lesson6_ws/install/rmitbot_firmware/share/rmitbot_firmware/package.bash'
[4.141s] INFO:colcon.colcon_core.shell:Creating package script '/home/ngan/Documents/test_github/lesson6_ws/install/rmitbot_firmware/share/rmitbot_firmware/package.zsh'
[4.144s] Level 1:colcon.colcon_core.environment:create_file_with_runtime_dependencies(/home/ngan/Documents/test_github/lesson6_ws/install/rmitbot_firmware/share/colcon-core/packages/rmitbot_firmware)
[4.146s] Level 1:colcon.colcon_core.environment:create_environment_scripts_only(rmitbot_firmware)
[4.150s] Level 1:colcon.colcon_core.environment:checking '/home/ngan/Documents/test_github/lesson6_ws/install/rmitbot_firmware' for CMake module files
[4.150s] Level 1:colcon.colcon_core.environment:checking '/home/ngan/Documents/test_github/lesson6_ws/install/rmitbot_firmware' for CMake config files
[4.151s] Level 1:colcon.colcon_core.shell:create_environment_hook('rmitbot_firmware', 'cmake_prefix_path')
[4.151s] INFO:colcon.colcon_core.shell:Creating environment descriptor '/home/ngan/Documents/test_github/lesson6_ws/install/rmitbot_firmware/share/rmitbot_firmware/hook/cmake_prefix_path.dsv'
[4.152s] INFO:colcon.colcon_core.shell:Creating environment hook '/home/ngan/Documents/test_github/lesson6_ws/install/rmitbot_firmware/share/rmitbot_firmware/hook/cmake_prefix_path.sh'
[4.156s] Level 1:colcon.colcon_core.environment:checking '/home/ngan/Documents/test_github/lesson6_ws/install/rmitbot_firmware/lib'
[4.156s] Level 1:colcon.colcon_core.shell:create_environment_hook('rmitbot_firmware', 'ld_library_path_lib')
[4.156s] INFO:colcon.colcon_core.shell:Creating environment descriptor '/home/ngan/Documents/test_github/lesson6_ws/install/rmitbot_firmware/share/rmitbot_firmware/hook/ld_library_path_lib.dsv'
[4.157s] INFO:colcon.colcon_core.shell:Creating environment hook '/home/ngan/Documents/test_github/lesson6_ws/install/rmitbot_firmware/share/rmitbot_firmware/hook/ld_library_path_lib.sh'
[4.161s] Level 1:colcon.colcon_core.environment:checking '/home/ngan/Documents/test_github/lesson6_ws/install/rmitbot_firmware/bin'
[4.161s] Level 1:colcon.colcon_core.environment:checking '/home/ngan/Documents/test_github/lesson6_ws/install/rmitbot_firmware/lib/pkgconfig/rmitbot_firmware.pc'
[4.162s] Level 1:colcon.colcon_core.environment:checking '/home/ngan/Documents/test_github/lesson6_ws/install/rmitbot_firmware/lib/python3.12/site-packages'
[4.162s] Level 1:colcon.colcon_core.environment:checking '/home/ngan/Documents/test_github/lesson6_ws/install/rmitbot_firmware/bin'
[4.166s] INFO:colcon.colcon_core.shell:Creating package descriptor '/home/ngan/Documents/test_github/lesson6_ws/install/rmitbot_firmware/share/rmitbot_firmware/package.dsv'
[4.167s] INFO:colcon.colcon_core.shell:Creating package script '/home/ngan/Documents/test_github/lesson6_ws/install/rmitbot_firmware/share/rmitbot_firmware/package.sh'
[4.168s] INFO:colcon.colcon_core.shell:Creating package script '/home/ngan/Documents/test_github/lesson6_ws/install/rmitbot_firmware/share/rmitbot_firmware/package.bash'
[4.169s] INFO:colcon.colcon_core.shell:Creating package script '/home/ngan/Documents/test_github/lesson6_ws/install/rmitbot_firmware/share/rmitbot_firmware/package.zsh'
[4.172s] Level 1:colcon.colcon_core.environment:create_file_with_runtime_dependencies(/home/ngan/Documents/test_github/lesson6_ws/install/rmitbot_firmware/share/colcon-core/packages/rmitbot_firmware)
[4.175s] INFO:colcon.colcon_ros.task.ament_cmake.build:Building ROS package in '/home/ngan/Documents/test_github/lesson6_ws/src/rmitbot_vision/vision_opencv/vision_opencv' with build type 'ament_cmake'
[4.182s] INFO:colcon.colcon_cmake.task.cmake.build:Building CMake package in '/home/ngan/Documents/test_github/lesson6_ws/src/rmitbot_vision/vision_opencv/vision_opencv'
[4.183s] DEBUG:colcon.colcon_core.shell:Skip shell extension 'dsv' for command environment
[4.239s] Level 1:colcon.colcon_core.environment:create_environment_scripts_only(darknet_ros)
[4.239s] Level 1:colcon.colcon_core.environment:checking '/home/ngan/Documents/test_github/lesson6_ws/install/darknet_ros' for CMake module files
[4.241s] DEBUG:colcon.colcon_core.event_handler.log_command:Invoked command in '/home/ngan/Documents/test_github/lesson6_ws/build/darknet_ros' returned '0': CMAKE_PREFIX_PATH=/home/ngan/Documents/test_github/lesson6_ws/install/darknet_ros_msgs:/home/ngan/Documents/test_github/lesson6_ws/install/cv_bridge:/home/ngan/Documents/test_github/lesson6_ws/install/vision_opencv:/home/ngan/Documents/test_github/lesson6_ws/install/rmitbot_mapping:/home/ngan/Documents/test_github/lesson6_ws/install/rmitbot_localization:/home/ngan/Documents/test_github/lesson6_ws/install/rmitbot_firmware:/home/ngan/Documents/test_github/lesson6_ws/install/rmitbot_description:/home/ngan/Documents/test_github/lesson6_ws/install/rmitbot_controller:/home/ngan/Documents/test_github/lesson6_ws/install/rmitbot_bringup:/home/ngan/Documents/test_github/lesson6_ws/install/image_geometry:/home/ngan/Documents/test_github/lesson6_ws/install/darknet_ros:/home/ngan/Documents/test_github/lesson6_ws/install/Darknet:/opt/ros/jazzy/opt/gz_sim_vendor:/opt/ros/jazzy/opt/gz_sensors_vendor:/opt/ros/jazzy/opt/gz_physics_vendor:/opt/ros/jazzy/opt/sdformat_vendor:/opt/ros/jazzy/opt/gz_gui_vendor:/opt/ros/jazzy/opt/gz_transport_vendor:/opt/ros/jazzy/opt/gz_rendering_vendor:/opt/ros/jazzy/opt/gz_plugin_vendor:/opt/ros/jazzy/opt/gz_fuel_tools_vendor:/opt/ros/jazzy/opt/gz_msgs_vendor:/opt/ros/jazzy/opt/gz_common_vendor:/opt/ros/jazzy/opt/gz_math_vendor:/opt/ros/jazzy/opt/gz_utils_vendor:/opt/ros/jazzy/opt/gz_tools_vendor:/opt/ros/jazzy/opt/gz_ogre_next_vendor:/opt/ros/jazzy/opt/gz_dartsim_vendor:/opt/ros/jazzy/opt/gz_cmake_vendor:/home/ngan/Documents/test_github/lesson6_ws/install/stop_sign_control:/home/ngan/Documents/test_github/lesson6_ws/install/opencv_tests:/opt/ros/jazzy DEBUGINFOD_URLS=https://debuginfod.ubuntu.com LD_LIBRARY_PATH=/home/ngan/Documents/test_github/lesson6_ws/install/darknet_ros_msgs/lib:/home/ngan/Documents/test_github/lesson6_ws/install/cv_bridge/lib:/home/ngan/Documents/test_github/lesson6_ws/install/rmitbot_firmware/lib:/home/ngan/Documents/test_github/lesson6_ws/install/image_geometry/lib:/home/ngan/Documents/test_github/lesson6_ws/install/darknet_ros/lib:/opt/ros/jazzy/opt/gz_sim_vendor/lib:/opt/ros/jazzy/opt/gz_sensors_vendor/lib:/opt/ros/jazzy/opt/gz_physics_vendor/lib:/opt/ros/jazzy/opt/sdformat_vendor/lib:/opt/ros/jazzy/opt/rviz_ogre_vendor/lib:/opt/ros/jazzy/lib/aarch64-linux-gnu:/opt/ros/jazzy/opt/gz_gui_vendor/lib:/opt/ros/jazzy/opt/gz_transport_vendor/lib:/opt/ros/jazzy/opt/gz_rendering_vendor/lib:/opt/ros/jazzy/opt/gz_plugin_vendor/lib:/opt/ros/jazzy/opt/gz_fuel_tools_vendor/lib:/opt/ros/jazzy/opt/gz_msgs_vendor/lib:/opt/ros/jazzy/opt/gz_common_vendor/lib:/opt/ros/jazzy/opt/gz_math_vendor/lib:/opt/ros/jazzy/opt/gz_utils_vendor/lib:/opt/ros/jazzy/opt/gz_tools_vendor/lib:/opt/ros/jazzy/opt/gz_ogre_next_vendor/lib:/opt/ros/jazzy/opt/gz_dartsim_vendor/lib:/opt/ros/jazzy/opt/gz_cmake_vendor/lib:/opt/ros/jazzy/lib PYTHONPATH=/home/ngan/Documents/test_github/lesson6_ws/install/darknet_ros_msgs/lib/python3.12/site-packages:/home/ngan/Documents/test_github/lesson6_ws/install/cv_bridge/lib/python3.12/site-packages:/home/ngan/Documents/test_github/lesson6_ws/install/stop_sign_control/lib/python3.12/site-packages:/home/ngan/Documents/test_github/lesson6_ws/install/opencv_tests/lib/python3.12/site-packages:/home/ngan/Documents/test_github/lesson6_ws/install/image_geometry/lib/python3.12/site-packages:/opt/ros/jazzy/lib/python3.12/site-packages /usr/bin/cmake --install /home/ngan/Documents/test_github/lesson6_ws/build/darknet_ros
[4.242s] Level 1:colcon.colcon_core.environment:checking '/home/ngan/Documents/test_github/lesson6_ws/install/darknet_ros' for CMake config files
[4.244s] Level 1:colcon.colcon_core.shell:create_environment_hook('darknet_ros', 'cmake_prefix_path')
[4.244s] INFO:colcon.colcon_core.shell:Creating environment descriptor '/home/ngan/Documents/test_github/lesson6_ws/install/darknet_ros/share/darknet_ros/hook/cmake_prefix_path.dsv'
[4.245s] INFO:colcon.colcon_core.shell:Creating environment hook '/home/ngan/Documents/test_github/lesson6_ws/install/darknet_ros/share/darknet_ros/hook/cmake_prefix_path.sh'
[4.252s] Level 1:colcon.colcon_core.environment:checking '/home/ngan/Documents/test_github/lesson6_ws/install/darknet_ros/lib'
[4.252s] Level 1:colcon.colcon_core.environment:checking '/home/ngan/Documents/test_github/lesson6_ws/install/darknet_ros/bin'
[4.253s] Level 1:colcon.colcon_core.environment:checking '/home/ngan/Documents/test_github/lesson6_ws/install/darknet_ros/lib/pkgconfig/darknet_ros.pc'
[4.260s] Level 1:colcon.colcon_core.environment:checking '/home/ngan/Documents/test_github/lesson6_ws/install/darknet_ros/lib/python3.12/site-packages'
[4.261s] Level 1:colcon.colcon_core.environment:checking '/home/ngan/Documents/test_github/lesson6_ws/install/darknet_ros/bin'
[4.268s] INFO:colcon.colcon_core.shell:Creating package descriptor '/home/ngan/Documents/test_github/lesson6_ws/install/darknet_ros/share/darknet_ros/package.dsv'
[4.269s] INFO:colcon.colcon_core.shell:Creating package script '/home/ngan/Documents/test_github/lesson6_ws/install/darknet_ros/share/darknet_ros/package.sh'
[4.269s] INFO:colcon.colcon_core.shell:Creating package script '/home/ngan/Documents/test_github/lesson6_ws/install/darknet_ros/share/darknet_ros/package.bash'
[4.270s] INFO:colcon.colcon_core.shell:Creating package script '/home/ngan/Documents/test_github/lesson6_ws/install/darknet_ros/share/darknet_ros/package.zsh'
[4.275s] Level 1:colcon.colcon_core.environment:create_file_with_runtime_dependencies(/home/ngan/Documents/test_github/lesson6_ws/install/darknet_ros/share/colcon-core/packages/darknet_ros)
[4.276s] Level 1:colcon.colcon_core.environment:create_environment_scripts_only(darknet_ros)
[4.276s] Level 1:colcon.colcon_core.environment:checking '/home/ngan/Documents/test_github/lesson6_ws/install/darknet_ros' for CMake module files
[4.277s] Level 1:colcon.colcon_core.environment:checking '/home/ngan/Documents/test_github/lesson6_ws/install/darknet_ros' for CMake config files
[4.284s] Level 1:colcon.colcon_core.shell:create_environment_hook('darknet_ros', 'cmake_prefix_path')
[4.285s] INFO:colcon.colcon_core.shell:Creating environment descriptor '/home/ngan/Documents/test_github/lesson6_ws/install/darknet_ros/share/darknet_ros/hook/cmake_prefix_path.dsv'
[4.285s] INFO:colcon.colcon_core.shell:Creating environment hook '/home/ngan/Documents/test_github/lesson6_ws/install/darknet_ros/share/darknet_ros/hook/cmake_prefix_path.sh'
[4.291s] Level 1:colcon.colcon_core.environment:checking '/home/ngan/Documents/test_github/lesson6_ws/install/darknet_ros/lib'
[4.296s] Level 1:colcon.colcon_core.environment:checking '/home/ngan/Documents/test_github/lesson6_ws/install/darknet_ros/bin'
[4.296s] Level 1:colcon.colcon_core.environment:checking '/home/ngan/Documents/test_github/lesson6_ws/install/darknet_ros/lib/pkgconfig/darknet_ros.pc'
[4.297s] Level 1:colcon.colcon_core.environment:checking '/home/ngan/Documents/test_github/lesson6_ws/install/darknet_ros/lib/python3.12/site-packages'
[4.297s] Level 1:colcon.colcon_core.environment:checking '/home/ngan/Documents/test_github/lesson6_ws/install/darknet_ros/bin'
[4.297s] INFO:colcon.colcon_core.shell:Creating package descriptor '/home/ngan/Documents/test_github/lesson6_ws/install/darknet_ros/share/darknet_ros/package.dsv'
[4.298s] INFO:colcon.colcon_core.shell:Creating package script '/home/ngan/Documents/test_github/lesson6_ws/install/darknet_ros/share/darknet_ros/package.sh'
[4.307s] INFO:colcon.colcon_core.shell:Creating package script '/home/ngan/Documents/test_github/lesson6_ws/install/darknet_ros/share/darknet_ros/package.bash'
[4.316s] INFO:colcon.colcon_core.shell:Creating package script '/home/ngan/Documents/test_github/lesson6_ws/install/darknet_ros/share/darknet_ros/package.zsh'
[4.318s] Level 1:colcon.colcon_core.environment:create_file_with_runtime_dependencies(/home/ngan/Documents/test_github/lesson6_ws/install/darknet_ros/share/colcon-core/packages/darknet_ros)
[5.028s] INFO:colcon.colcon_core.task.python.build:Building Python package in '/home/ngan/Documents/test_github/lesson6_ws/src/rmitbot_vision/stop_sign_control'
[5.049s] DEBUG:colcon.colcon_core.shell:Skip shell extension 'dsv' for command environment
[5.079s] DEBUG:colcon.colcon_core.event_handler.log_command:Invoking command in '/home/ngan/Documents/test_github/lesson6_ws/build/vision_opencv': CMAKE_PREFIX_PATH=/home/ngan/Documents/test_github/lesson6_ws/install/image_geometry:/home/ngan/Documents/test_github/lesson6_ws/install/cv_bridge:/home/ngan/Documents/test_github/lesson6_ws/install/vision_opencv:/home/ngan/Documents/test_github/lesson6_ws/install/rmitbot_mapping:/home/ngan/Documents/test_github/lesson6_ws/install/rmitbot_localization:/home/ngan/Documents/test_github/lesson6_ws/install/rmitbot_firmware:/home/ngan/Documents/test_github/lesson6_ws/install/rmitbot_description:/home/ngan/Documents/test_github/lesson6_ws/install/rmitbot_controller:/home/ngan/Documents/test_github/lesson6_ws/install/rmitbot_bringup:/home/ngan/Documents/test_github/lesson6_ws/install/darknet_ros:/home/ngan/Documents/test_github/lesson6_ws/install/darknet_ros_msgs:/home/ngan/Documents/test_github/lesson6_ws/install/Darknet:/opt/ros/jazzy/opt/gz_sim_vendor:/opt/ros/jazzy/opt/gz_sensors_vendor:/opt/ros/jazzy/opt/gz_physics_vendor:/opt/ros/jazzy/opt/sdformat_vendor:/opt/ros/jazzy/opt/gz_gui_vendor:/opt/ros/jazzy/opt/gz_transport_vendor:/opt/ros/jazzy/opt/gz_rendering_vendor:/opt/ros/jazzy/opt/gz_plugin_vendor:/opt/ros/jazzy/opt/gz_fuel_tools_vendor:/opt/ros/jazzy/opt/gz_msgs_vendor:/opt/ros/jazzy/opt/gz_common_vendor:/opt/ros/jazzy/opt/gz_math_vendor:/opt/ros/jazzy/opt/gz_utils_vendor:/opt/ros/jazzy/opt/gz_tools_vendor:/opt/ros/jazzy/opt/gz_ogre_next_vendor:/opt/ros/jazzy/opt/gz_dartsim_vendor:/opt/ros/jazzy/opt/gz_cmake_vendor:/home/ngan/Documents/test_github/lesson6_ws/install/stop_sign_control:/home/ngan/Documents/test_github/lesson6_ws/install/opencv_tests:/opt/ros/jazzy DEBUGINFOD_URLS=https://debuginfod.ubuntu.com LD_LIBRARY_PATH=/home/ngan/Documents/test_github/lesson6_ws/install/image_geometry/lib:/home/ngan/Documents/test_github/lesson6_ws/install/cv_bridge/lib:/home/ngan/Documents/test_github/lesson6_ws/install/rmitbot_firmware/lib:/home/ngan/Documents/test_github/lesson6_ws/install/darknet_ros/lib:/home/ngan/Documents/test_github/lesson6_ws/install/darknet_ros_msgs/lib:/opt/ros/jazzy/opt/gz_sim_vendor/lib:/opt/ros/jazzy/opt/gz_sensors_vendor/lib:/opt/ros/jazzy/opt/gz_physics_vendor/lib:/opt/ros/jazzy/opt/sdformat_vendor/lib:/opt/ros/jazzy/opt/rviz_ogre_vendor/lib:/opt/ros/jazzy/lib/aarch64-linux-gnu:/opt/ros/jazzy/opt/gz_gui_vendor/lib:/opt/ros/jazzy/opt/gz_transport_vendor/lib:/opt/ros/jazzy/opt/gz_rendering_vendor/lib:/opt/ros/jazzy/opt/gz_plugin_vendor/lib:/opt/ros/jazzy/opt/gz_fuel_tools_vendor/lib:/opt/ros/jazzy/opt/gz_msgs_vendor/lib:/opt/ros/jazzy/opt/gz_common_vendor/lib:/opt/ros/jazzy/opt/gz_math_vendor/lib:/opt/ros/jazzy/opt/gz_utils_vendor/lib:/opt/ros/jazzy/opt/gz_tools_vendor/lib:/opt/ros/jazzy/opt/gz_ogre_next_vendor/lib:/opt/ros/jazzy/opt/gz_dartsim_vendor/lib:/opt/ros/jazzy/opt/gz_cmake_vendor/lib:/opt/ros/jazzy/lib PYTHONPATH=/home/ngan/Documents/test_github/lesson6_ws/install/image_geometry/lib/python3.12/site-packages:/home/ngan/Documents/test_github/lesson6_ws/install/cv_bridge/lib/python3.12/site-packages:/home/ngan/Documents/test_github/lesson6_ws/install/stop_sign_control/lib/python3.12/site-packages:/home/ngan/Documents/test_github/lesson6_ws/install/opencv_tests/lib/python3.12/site-packages:/home/ngan/Documents/test_github/lesson6_ws/install/darknet_ros_msgs/lib/python3.12/site-packages:/opt/ros/jazzy/lib/python3.12/site-packages /usr/bin/cmake --build /home/ngan/Documents/test_github/lesson6_ws/build/vision_opencv -- -j4 -l4
[5.304s] DEBUG:colcon.colcon_core.event_handler.log_command:Invoked command in '/home/ngan/Documents/test_github/lesson6_ws/build/vision_opencv' returned '0': CMAKE_PREFIX_PATH=/home/ngan/Documents/test_github/lesson6_ws/install/image_geometry:/home/ngan/Documents/test_github/lesson6_ws/install/cv_bridge:/home/ngan/Documents/test_github/lesson6_ws/install/vision_opencv:/home/ngan/Documents/test_github/lesson6_ws/install/rmitbot_mapping:/home/ngan/Documents/test_github/lesson6_ws/install/rmitbot_localization:/home/ngan/Documents/test_github/lesson6_ws/install/rmitbot_firmware:/home/ngan/Documents/test_github/lesson6_ws/install/rmitbot_description:/home/ngan/Documents/test_github/lesson6_ws/install/rmitbot_controller:/home/ngan/Documents/test_github/lesson6_ws/install/rmitbot_bringup:/home/ngan/Documents/test_github/lesson6_ws/install/darknet_ros:/home/ngan/Documents/test_github/lesson6_ws/install/darknet_ros_msgs:/home/ngan/Documents/test_github/lesson6_ws/install/Darknet:/opt/ros/jazzy/opt/gz_sim_vendor:/opt/ros/jazzy/opt/gz_sensors_vendor:/opt/ros/jazzy/opt/gz_physics_vendor:/opt/ros/jazzy/opt/sdformat_vendor:/opt/ros/jazzy/opt/gz_gui_vendor:/opt/ros/jazzy/opt/gz_transport_vendor:/opt/ros/jazzy/opt/gz_rendering_vendor:/opt/ros/jazzy/opt/gz_plugin_vendor:/opt/ros/jazzy/opt/gz_fuel_tools_vendor:/opt/ros/jazzy/opt/gz_msgs_vendor:/opt/ros/jazzy/opt/gz_common_vendor:/opt/ros/jazzy/opt/gz_math_vendor:/opt/ros/jazzy/opt/gz_utils_vendor:/opt/ros/jazzy/opt/gz_tools_vendor:/opt/ros/jazzy/opt/gz_ogre_next_vendor:/opt/ros/jazzy/opt/gz_dartsim_vendor:/opt/ros/jazzy/opt/gz_cmake_vendor:/home/ngan/Documents/test_github/lesson6_ws/install/stop_sign_control:/home/ngan/Documents/test_github/lesson6_ws/install/opencv_tests:/opt/ros/jazzy DEBUGINFOD_URLS=https://debuginfod.ubuntu.com LD_LIBRARY_PATH=/home/ngan/Documents/test_github/lesson6_ws/install/image_geometry/lib:/home/ngan/Documents/test_github/lesson6_ws/install/cv_bridge/lib:/home/ngan/Documents/test_github/lesson6_ws/install/rmitbot_firmware/lib:/home/ngan/Documents/test_github/lesson6_ws/install/darknet_ros/lib:/home/ngan/Documents/test_github/lesson6_ws/install/darknet_ros_msgs/lib:/opt/ros/jazzy/opt/gz_sim_vendor/lib:/opt/ros/jazzy/opt/gz_sensors_vendor/lib:/opt/ros/jazzy/opt/gz_physics_vendor/lib:/opt/ros/jazzy/opt/sdformat_vendor/lib:/opt/ros/jazzy/opt/rviz_ogre_vendor/lib:/opt/ros/jazzy/lib/aarch64-linux-gnu:/opt/ros/jazzy/opt/gz_gui_vendor/lib:/opt/ros/jazzy/opt/gz_transport_vendor/lib:/opt/ros/jazzy/opt/gz_rendering_vendor/lib:/opt/ros/jazzy/opt/gz_plugin_vendor/lib:/opt/ros/jazzy/opt/gz_fuel_tools_vendor/lib:/opt/ros/jazzy/opt/gz_msgs_vendor/lib:/opt/ros/jazzy/opt/gz_common_vendor/lib:/opt/ros/jazzy/opt/gz_math_vendor/lib:/opt/ros/jazzy/opt/gz_utils_vendor/lib:/opt/ros/jazzy/opt/gz_tools_vendor/lib:/opt/ros/jazzy/opt/gz_ogre_next_vendor/lib:/opt/ros/jazzy/opt/gz_dartsim_vendor/lib:/opt/ros/jazzy/opt/gz_cmake_vendor/lib:/opt/ros/jazzy/lib PYTHONPATH=/home/ngan/Documents/test_github/lesson6_ws/install/image_geometry/lib/python3.12/site-packages:/home/ngan/Documents/test_github/lesson6_ws/install/cv_bridge/lib/python3.12/site-packages:/home/ngan/Documents/test_github/lesson6_ws/install/stop_sign_control/lib/python3.12/site-packages:/home/ngan/Documents/test_github/lesson6_ws/install/opencv_tests/lib/python3.12/site-packages:/home/ngan/Documents/test_github/lesson6_ws/install/darknet_ros_msgs/lib/python3.12/site-packages:/opt/ros/jazzy/lib/python3.12/site-packages /usr/bin/cmake --build /home/ngan/Documents/test_github/lesson6_ws/build/vision_opencv -- -j4 -l4
[5.306s] DEBUG:colcon.colcon_core.event_handler.log_command:Invoking command in '/home/ngan/Documents/test_github/lesson6_ws/build/vision_opencv': CMAKE_PREFIX_PATH=/home/ngan/Documents/test_github/lesson6_ws/install/image_geometry:/home/ngan/Documents/test_github/lesson6_ws/install/cv_bridge:/home/ngan/Documents/test_github/lesson6_ws/install/vision_opencv:/home/ngan/Documents/test_github/lesson6_ws/install/rmitbot_mapping:/home/ngan/Documents/test_github/lesson6_ws/install/rmitbot_localization:/home/ngan/Documents/test_github/lesson6_ws/install/rmitbot_firmware:/home/ngan/Documents/test_github/lesson6_ws/install/rmitbot_description:/home/ngan/Documents/test_github/lesson6_ws/install/rmitbot_controller:/home/ngan/Documents/test_github/lesson6_ws/install/rmitbot_bringup:/home/ngan/Documents/test_github/lesson6_ws/install/darknet_ros:/home/ngan/Documents/test_github/lesson6_ws/install/darknet_ros_msgs:/home/ngan/Documents/test_github/lesson6_ws/install/Darknet:/opt/ros/jazzy/opt/gz_sim_vendor:/opt/ros/jazzy/opt/gz_sensors_vendor:/opt/ros/jazzy/opt/gz_physics_vendor:/opt/ros/jazzy/opt/sdformat_vendor:/opt/ros/jazzy/opt/gz_gui_vendor:/opt/ros/jazzy/opt/gz_transport_vendor:/opt/ros/jazzy/opt/gz_rendering_vendor:/opt/ros/jazzy/opt/gz_plugin_vendor:/opt/ros/jazzy/opt/gz_fuel_tools_vendor:/opt/ros/jazzy/opt/gz_msgs_vendor:/opt/ros/jazzy/opt/gz_common_vendor:/opt/ros/jazzy/opt/gz_math_vendor:/opt/ros/jazzy/opt/gz_utils_vendor:/opt/ros/jazzy/opt/gz_tools_vendor:/opt/ros/jazzy/opt/gz_ogre_next_vendor:/opt/ros/jazzy/opt/gz_dartsim_vendor:/opt/ros/jazzy/opt/gz_cmake_vendor:/home/ngan/Documents/test_github/lesson6_ws/install/stop_sign_control:/home/ngan/Documents/test_github/lesson6_ws/install/opencv_tests:/opt/ros/jazzy DEBUGINFOD_URLS=https://debuginfod.ubuntu.com LD_LIBRARY_PATH=/home/ngan/Documents/test_github/lesson6_ws/install/image_geometry/lib:/home/ngan/Documents/test_github/lesson6_ws/install/cv_bridge/lib:/home/ngan/Documents/test_github/lesson6_ws/install/rmitbot_firmware/lib:/home/ngan/Documents/test_github/lesson6_ws/install/darknet_ros/lib:/home/ngan/Documents/test_github/lesson6_ws/install/darknet_ros_msgs/lib:/opt/ros/jazzy/opt/gz_sim_vendor/lib:/opt/ros/jazzy/opt/gz_sensors_vendor/lib:/opt/ros/jazzy/opt/gz_physics_vendor/lib:/opt/ros/jazzy/opt/sdformat_vendor/lib:/opt/ros/jazzy/opt/rviz_ogre_vendor/lib:/opt/ros/jazzy/lib/aarch64-linux-gnu:/opt/ros/jazzy/opt/gz_gui_vendor/lib:/opt/ros/jazzy/opt/gz_transport_vendor/lib:/opt/ros/jazzy/opt/gz_rendering_vendor/lib:/opt/ros/jazzy/opt/gz_plugin_vendor/lib:/opt/ros/jazzy/opt/gz_fuel_tools_vendor/lib:/opt/ros/jazzy/opt/gz_msgs_vendor/lib:/opt/ros/jazzy/opt/gz_common_vendor/lib:/opt/ros/jazzy/opt/gz_math_vendor/lib:/opt/ros/jazzy/opt/gz_utils_vendor/lib:/opt/ros/jazzy/opt/gz_tools_vendor/lib:/opt/ros/jazzy/opt/gz_ogre_next_vendor/lib:/opt/ros/jazzy/opt/gz_dartsim_vendor/lib:/opt/ros/jazzy/opt/gz_cmake_vendor/lib:/opt/ros/jazzy/lib PYTHONPATH=/home/ngan/Documents/test_github/lesson6_ws/install/image_geometry/lib/python3.12/site-packages:/home/ngan/Documents/test_github/lesson6_ws/install/cv_bridge/lib/python3.12/site-packages:/home/ngan/Documents/test_github/lesson6_ws/install/stop_sign_control/lib/python3.12/site-packages:/home/ngan/Documents/test_github/lesson6_ws/install/opencv_tests/lib/python3.12/site-packages:/home/ngan/Documents/test_github/lesson6_ws/install/darknet_ros_msgs/lib/python3.12/site-packages:/opt/ros/jazzy/lib/python3.12/site-packages /usr/bin/cmake --install /home/ngan/Documents/test_github/lesson6_ws/build/vision_opencv
[5.337s] Level 1:colcon.colcon_core.environment:create_environment_scripts_only(vision_opencv)
[5.338s] Level 1:colcon.colcon_core.environment:checking '/home/ngan/Documents/test_github/lesson6_ws/install/vision_opencv' for CMake module files
[5.339s] Level 1:colcon.colcon_core.environment:checking '/home/ngan/Documents/test_github/lesson6_ws/install/vision_opencv' for CMake config files
[5.339s] Level 1:colcon.colcon_core.shell:create_environment_hook('vision_opencv', 'cmake_prefix_path')
[5.341s] INFO:colcon.colcon_core.shell:Creating environment descriptor '/home/ngan/Documents/test_github/lesson6_ws/install/vision_opencv/share/vision_opencv/hook/cmake_prefix_path.dsv'
[5.342s] DEBUG:colcon.colcon_core.event_handler.log_command:Invoked command in '/home/ngan/Documents/test_github/lesson6_ws/build/vision_opencv' returned '0': CMAKE_PREFIX_PATH=/home/ngan/Documents/test_github/lesson6_ws/install/image_geometry:/home/ngan/Documents/test_github/lesson6_ws/install/cv_bridge:/home/ngan/Documents/test_github/lesson6_ws/install/vision_opencv:/home/ngan/Documents/test_github/lesson6_ws/install/rmitbot_mapping:/home/ngan/Documents/test_github/lesson6_ws/install/rmitbot_localization:/home/ngan/Documents/test_github/lesson6_ws/install/rmitbot_firmware:/home/ngan/Documents/test_github/lesson6_ws/install/rmitbot_description:/home/ngan/Documents/test_github/lesson6_ws/install/rmitbot_controller:/home/ngan/Documents/test_github/lesson6_ws/install/rmitbot_bringup:/home/ngan/Documents/test_github/lesson6_ws/install/darknet_ros:/home/ngan/Documents/test_github/lesson6_ws/install/darknet_ros_msgs:/home/ngan/Documents/test_github/lesson6_ws/install/Darknet:/opt/ros/jazzy/opt/gz_sim_vendor:/opt/ros/jazzy/opt/gz_sensors_vendor:/opt/ros/jazzy/opt/gz_physics_vendor:/opt/ros/jazzy/opt/sdformat_vendor:/opt/ros/jazzy/opt/gz_gui_vendor:/opt/ros/jazzy/opt/gz_transport_vendor:/opt/ros/jazzy/opt/gz_rendering_vendor:/opt/ros/jazzy/opt/gz_plugin_vendor:/opt/ros/jazzy/opt/gz_fuel_tools_vendor:/opt/ros/jazzy/opt/gz_msgs_vendor:/opt/ros/jazzy/opt/gz_common_vendor:/opt/ros/jazzy/opt/gz_math_vendor:/opt/ros/jazzy/opt/gz_utils_vendor:/opt/ros/jazzy/opt/gz_tools_vendor:/opt/ros/jazzy/opt/gz_ogre_next_vendor:/opt/ros/jazzy/opt/gz_dartsim_vendor:/opt/ros/jazzy/opt/gz_cmake_vendor:/home/ngan/Documents/test_github/lesson6_ws/install/stop_sign_control:/home/ngan/Documents/test_github/lesson6_ws/install/opencv_tests:/opt/ros/jazzy DEBUGINFOD_URLS=https://debuginfod.ubuntu.com LD_LIBRARY_PATH=/home/ngan/Documents/test_github/lesson6_ws/install/image_geometry/lib:/home/ngan/Documents/test_github/lesson6_ws/install/cv_bridge/lib:/home/ngan/Documents/test_github/lesson6_ws/install/rmitbot_firmware/lib:/home/ngan/Documents/test_github/lesson6_ws/install/darknet_ros/lib:/home/ngan/Documents/test_github/lesson6_ws/install/darknet_ros_msgs/lib:/opt/ros/jazzy/opt/gz_sim_vendor/lib:/opt/ros/jazzy/opt/gz_sensors_vendor/lib:/opt/ros/jazzy/opt/gz_physics_vendor/lib:/opt/ros/jazzy/opt/sdformat_vendor/lib:/opt/ros/jazzy/opt/rviz_ogre_vendor/lib:/opt/ros/jazzy/lib/aarch64-linux-gnu:/opt/ros/jazzy/opt/gz_gui_vendor/lib:/opt/ros/jazzy/opt/gz_transport_vendor/lib:/opt/ros/jazzy/opt/gz_rendering_vendor/lib:/opt/ros/jazzy/opt/gz_plugin_vendor/lib:/opt/ros/jazzy/opt/gz_fuel_tools_vendor/lib:/opt/ros/jazzy/opt/gz_msgs_vendor/lib:/opt/ros/jazzy/opt/gz_common_vendor/lib:/opt/ros/jazzy/opt/gz_math_vendor/lib:/opt/ros/jazzy/opt/gz_utils_vendor/lib:/opt/ros/jazzy/opt/gz_tools_vendor/lib:/opt/ros/jazzy/opt/gz_ogre_next_vendor/lib:/opt/ros/jazzy/opt/gz_dartsim_vendor/lib:/opt/ros/jazzy/opt/gz_cmake_vendor/lib:/opt/ros/jazzy/lib PYTHONPATH=/home/ngan/Documents/test_github/lesson6_ws/install/image_geometry/lib/python3.12/site-packages:/home/ngan/Documents/test_github/lesson6_ws/install/cv_bridge/lib/python3.12/site-packages:/home/ngan/Documents/test_github/lesson6_ws/install/stop_sign_control/lib/python3.12/site-packages:/home/ngan/Documents/test_github/lesson6_ws/install/opencv_tests/lib/python3.12/site-packages:/home/ngan/Documents/test_github/lesson6_ws/install/darknet_ros_msgs/lib/python3.12/site-packages:/opt/ros/jazzy/lib/python3.12/site-packages /usr/bin/cmake --install /home/ngan/Documents/test_github/lesson6_ws/build/vision_opencv
[5.353s] INFO:colcon.colcon_core.shell:Creating environment hook '/home/ngan/Documents/test_github/lesson6_ws/install/vision_opencv/share/vision_opencv/hook/cmake_prefix_path.sh'
[5.373s] Level 1:colcon.colcon_core.environment:checking '/home/ngan/Documents/test_github/lesson6_ws/install/vision_opencv/bin'
[5.379s] Level 1:colcon.colcon_core.environment:checking '/home/ngan/Documents/test_github/lesson6_ws/install/vision_opencv/lib/pkgconfig/vision_opencv.pc'
[5.380s] Level 1:colcon.colcon_core.environment:checking '/home/ngan/Documents/test_github/lesson6_ws/install/vision_opencv/lib/python3.12/site-packages'
[5.381s] Level 1:colcon.colcon_core.environment:checking '/home/ngan/Documents/test_github/lesson6_ws/install/vision_opencv/bin'
[5.385s] INFO:colcon.colcon_core.shell:Creating package descriptor '/home/ngan/Documents/test_github/lesson6_ws/install/vision_opencv/share/vision_opencv/package.dsv'
[5.388s] INFO:colcon.colcon_core.shell:Creating package script '/home/ngan/Documents/test_github/lesson6_ws/install/vision_opencv/share/vision_opencv/package.sh'
[5.390s] INFO:colcon.colcon_core.shell:Creating package script '/home/ngan/Documents/test_github/lesson6_ws/install/vision_opencv/share/vision_opencv/package.bash'
[5.393s] INFO:colcon.colcon_core.shell:Creating package script '/home/ngan/Documents/test_github/lesson6_ws/install/vision_opencv/share/vision_opencv/package.zsh'
[5.394s] Level 1:colcon.colcon_core.environment:create_file_with_runtime_dependencies(/home/ngan/Documents/test_github/lesson6_ws/install/vision_opencv/share/colcon-core/packages/vision_opencv)
[5.397s] Level 1:colcon.colcon_core.environment:create_environment_scripts_only(vision_opencv)
[5.397s] Level 1:colcon.colcon_core.environment:checking '/home/ngan/Documents/test_github/lesson6_ws/install/vision_opencv' for CMake module files
[5.400s] Level 1:colcon.colcon_core.environment:checking '/home/ngan/Documents/test_github/lesson6_ws/install/vision_opencv' for CMake config files
[5.400s] Level 1:colcon.colcon_core.shell:create_environment_hook('vision_opencv', 'cmake_prefix_path')
[5.401s] INFO:colcon.colcon_core.shell:Creating environment descriptor '/home/ngan/Documents/test_github/lesson6_ws/install/vision_opencv/share/vision_opencv/hook/cmake_prefix_path.dsv'
[5.403s] INFO:colcon.colcon_core.shell:Creating environment hook '/home/ngan/Documents/test_github/lesson6_ws/install/vision_opencv/share/vision_opencv/hook/cmake_prefix_path.sh'
[5.405s] Level 1:colcon.colcon_core.environment:checking '/home/ngan/Documents/test_github/lesson6_ws/install/vision_opencv/bin'
[5.405s] Level 1:colcon.colcon_core.environment:checking '/home/ngan/Documents/test_github/lesson6_ws/install/vision_opencv/lib/pkgconfig/vision_opencv.pc'
[5.406s] Level 1:colcon.colcon_core.environment:checking '/home/ngan/Documents/test_github/lesson6_ws/install/vision_opencv/lib/python3.12/site-packages'
[5.406s] Level 1:colcon.colcon_core.environment:checking '/home/ngan/Documents/test_github/lesson6_ws/install/vision_opencv/bin'
[5.407s] INFO:colcon.colcon_core.shell:Creating package descriptor '/home/ngan/Documents/test_github/lesson6_ws/install/vision_opencv/share/vision_opencv/package.dsv'
[5.408s] INFO:colcon.colcon_core.shell:Creating package script '/home/ngan/Documents/test_github/lesson6_ws/install/vision_opencv/share/vision_opencv/package.sh'
[5.409s] INFO:colcon.colcon_core.shell:Creating package script '/home/ngan/Documents/test_github/lesson6_ws/install/vision_opencv/share/vision_opencv/package.bash'
[5.411s] INFO:colcon.colcon_core.shell:Creating package script '/home/ngan/Documents/test_github/lesson6_ws/install/vision_opencv/share/vision_opencv/package.zsh'
[5.412s] Level 1:colcon.colcon_core.environment:create_file_with_runtime_dependencies(/home/ngan/Documents/test_github/lesson6_ws/install/vision_opencv/share/colcon-core/packages/vision_opencv)
[6.004s] DEBUG:colcon.colcon_core.event_handler.log_command:Invoking command in '/home/ngan/Documents/test_github/lesson6_ws/src/rmitbot_vision/vision_opencv/opencv_tests': CMAKE_PREFIX_PATH=/home/ngan/Documents/test_github/lesson6_ws/install/cv_bridge:/home/ngan/Documents/test_github/lesson6_ws/install/vision_opencv:/home/ngan/Documents/test_github/lesson6_ws/install/rmitbot_mapping:/home/ngan/Documents/test_github/lesson6_ws/install/rmitbot_localization:/home/ngan/Documents/test_github/lesson6_ws/install/rmitbot_firmware:/home/ngan/Documents/test_github/lesson6_ws/install/rmitbot_description:/home/ngan/Documents/test_github/lesson6_ws/install/rmitbot_controller:/home/ngan/Documents/test_github/lesson6_ws/install/rmitbot_bringup:/home/ngan/Documents/test_github/lesson6_ws/install/image_geometry:/home/ngan/Documents/test_github/lesson6_ws/install/darknet_ros:/home/ngan/Documents/test_github/lesson6_ws/install/darknet_ros_msgs:/home/ngan/Documents/test_github/lesson6_ws/install/Darknet:/opt/ros/jazzy/opt/gz_sim_vendor:/opt/ros/jazzy/opt/gz_sensors_vendor:/opt/ros/jazzy/opt/gz_physics_vendor:/opt/ros/jazzy/opt/sdformat_vendor:/opt/ros/jazzy/opt/gz_gui_vendor:/opt/ros/jazzy/opt/gz_transport_vendor:/opt/ros/jazzy/opt/gz_rendering_vendor:/opt/ros/jazzy/opt/gz_plugin_vendor:/opt/ros/jazzy/opt/gz_fuel_tools_vendor:/opt/ros/jazzy/opt/gz_msgs_vendor:/opt/ros/jazzy/opt/gz_common_vendor:/opt/ros/jazzy/opt/gz_math_vendor:/opt/ros/jazzy/opt/gz_utils_vendor:/opt/ros/jazzy/opt/gz_tools_vendor:/opt/ros/jazzy/opt/gz_ogre_next_vendor:/opt/ros/jazzy/opt/gz_dartsim_vendor:/opt/ros/jazzy/opt/gz_cmake_vendor DEBUGINFOD_URLS=https://debuginfod.ubuntu.com LD_LIBRARY_PATH=/home/ngan/Documents/test_github/lesson6_ws/install/cv_bridge/lib:/home/ngan/Documents/test_github/lesson6_ws/install/rmitbot_firmware/lib:/home/ngan/Documents/test_github/lesson6_ws/install/image_geometry/lib:/home/ngan/Documents/test_github/lesson6_ws/install/darknet_ros/lib:/home/ngan/Documents/test_github/lesson6_ws/install/darknet_ros_msgs/lib:/opt/ros/jazzy/opt/gz_sim_vendor/lib:/opt/ros/jazzy/opt/gz_sensors_vendor/lib:/opt/ros/jazzy/opt/gz_physics_vendor/lib:/opt/ros/jazzy/opt/sdformat_vendor/lib:/opt/ros/jazzy/opt/rviz_ogre_vendor/lib:/opt/ros/jazzy/lib/aarch64-linux-gnu:/opt/ros/jazzy/opt/gz_gui_vendor/lib:/opt/ros/jazzy/opt/gz_transport_vendor/lib:/opt/ros/jazzy/opt/gz_rendering_vendor/lib:/opt/ros/jazzy/opt/gz_plugin_vendor/lib:/opt/ros/jazzy/opt/gz_fuel_tools_vendor/lib:/opt/ros/jazzy/opt/gz_msgs_vendor/lib:/opt/ros/jazzy/opt/gz_common_vendor/lib:/opt/ros/jazzy/opt/gz_math_vendor/lib:/opt/ros/jazzy/opt/gz_utils_vendor/lib:/opt/ros/jazzy/opt/gz_tools_vendor/lib:/opt/ros/jazzy/opt/gz_ogre_next_vendor/lib:/opt/ros/jazzy/opt/gz_dartsim_vendor/lib:/opt/ros/jazzy/opt/gz_cmake_vendor/lib:/opt/ros/jazzy/lib PYTHONPATH=/home/ngan/Documents/test_github/lesson6_ws/build/opencv_tests/prefix_override:/usr/lib/python3/dist-packages/colcon_core/task/python/colcon_distutils_commands:/home/ngan/Documents/test_github/lesson6_ws/install/opencv_tests/lib/python3.12/site-packages:/home/ngan/Documents/test_github/lesson6_ws/install/cv_bridge/lib/python3.12/site-packages:/home/ngan/Documents/test_github/lesson6_ws/install/stop_sign_control/lib/python3.12/site-packages:/home/ngan/Documents/test_github/lesson6_ws/install/opencv_tests/lib/python3.12/site-packages:/home/ngan/Documents/test_github/lesson6_ws/install/image_geometry/lib/python3.12/site-packages:/home/ngan/Documents/test_github/lesson6_ws/install/darknet_ros_msgs/lib/python3.12/site-packages:/opt/ros/jazzy/lib/python3.12/site-packages /usr/bin/python3 -W ignore:setup.py install is deprecated -W ignore:easy_install command is deprecated setup.py egg_info --egg-base ../../../../build/opencv_tests build --build-base /home/ngan/Documents/test_github/lesson6_ws/build/opencv_tests/build install --record /home/ngan/Documents/test_github/lesson6_ws/build/opencv_tests/install.log --single-version-externally-managed install_data
[6.489s] DEBUG:colcon.colcon_core.event_handler.log_command:Invoking command in '/home/ngan/Documents/test_github/lesson6_ws/src/rmitbot_vision/stop_sign_control': CMAKE_PREFIX_PATH=/home/ngan/Documents/test_github/lesson6_ws/install/darknet_ros_msgs:/home/ngan/Documents/test_github/lesson6_ws/install/vision_opencv:/home/ngan/Documents/test_github/lesson6_ws/install/rmitbot_mapping:/home/ngan/Documents/test_github/lesson6_ws/install/rmitbot_localization:/home/ngan/Documents/test_github/lesson6_ws/install/rmitbot_firmware:/home/ngan/Documents/test_github/lesson6_ws/install/rmitbot_description:/home/ngan/Documents/test_github/lesson6_ws/install/rmitbot_controller:/home/ngan/Documents/test_github/lesson6_ws/install/rmitbot_bringup:/home/ngan/Documents/test_github/lesson6_ws/install/image_geometry:/home/ngan/Documents/test_github/lesson6_ws/install/darknet_ros:/home/ngan/Documents/test_github/lesson6_ws/install/cv_bridge:/home/ngan/Documents/test_github/lesson6_ws/install/Darknet:/opt/ros/jazzy/opt/gz_sim_vendor:/opt/ros/jazzy/opt/gz_sensors_vendor:/opt/ros/jazzy/opt/gz_physics_vendor:/opt/ros/jazzy/opt/sdformat_vendor:/opt/ros/jazzy/opt/gz_gui_vendor:/opt/ros/jazzy/opt/gz_transport_vendor:/opt/ros/jazzy/opt/gz_rendering_vendor:/opt/ros/jazzy/opt/gz_plugin_vendor:/opt/ros/jazzy/opt/gz_fuel_tools_vendor:/opt/ros/jazzy/opt/gz_msgs_vendor:/opt/ros/jazzy/opt/gz_common_vendor:/opt/ros/jazzy/opt/gz_math_vendor:/opt/ros/jazzy/opt/gz_utils_vendor:/opt/ros/jazzy/opt/gz_tools_vendor:/opt/ros/jazzy/opt/gz_ogre_next_vendor:/opt/ros/jazzy/opt/gz_dartsim_vendor:/opt/ros/jazzy/opt/gz_cmake_vendor DEBUGINFOD_URLS=https://debuginfod.ubuntu.com LD_LIBRARY_PATH=/home/ngan/Documents/test_github/lesson6_ws/install/darknet_ros_msgs/lib:/home/ngan/Documents/test_github/lesson6_ws/install/rmitbot_firmware/lib:/home/ngan/Documents/test_github/lesson6_ws/install/image_geometry/lib:/home/ngan/Documents/test_github/lesson6_ws/install/darknet_ros/lib:/home/ngan/Documents/test_github/lesson6_ws/install/cv_bridge/lib:/opt/ros/jazzy/opt/gz_sim_vendor/lib:/opt/ros/jazzy/opt/gz_sensors_vendor/lib:/opt/ros/jazzy/opt/gz_physics_vendor/lib:/opt/ros/jazzy/opt/sdformat_vendor/lib:/opt/ros/jazzy/opt/rviz_ogre_vendor/lib:/opt/ros/jazzy/lib/aarch64-linux-gnu:/opt/ros/jazzy/opt/gz_gui_vendor/lib:/opt/ros/jazzy/opt/gz_transport_vendor/lib:/opt/ros/jazzy/opt/gz_rendering_vendor/lib:/opt/ros/jazzy/opt/gz_plugin_vendor/lib:/opt/ros/jazzy/opt/gz_fuel_tools_vendor/lib:/opt/ros/jazzy/opt/gz_msgs_vendor/lib:/opt/ros/jazzy/opt/gz_common_vendor/lib:/opt/ros/jazzy/opt/gz_math_vendor/lib:/opt/ros/jazzy/opt/gz_utils_vendor/lib:/opt/ros/jazzy/opt/gz_tools_vendor/lib:/opt/ros/jazzy/opt/gz_ogre_next_vendor/lib:/opt/ros/jazzy/opt/gz_dartsim_vendor/lib:/opt/ros/jazzy/opt/gz_cmake_vendor/lib:/opt/ros/jazzy/lib PYTHONPATH=/home/ngan/Documents/test_github/lesson6_ws/build/stop_sign_control/prefix_override:/usr/lib/python3/dist-packages/colcon_core/task/python/colcon_distutils_commands:/home/ngan/Documents/test_github/lesson6_ws/install/stop_sign_control/lib/python3.12/site-packages:/home/ngan/Documents/test_github/lesson6_ws/install/darknet_ros_msgs/lib/python3.12/site-packages:/home/ngan/Documents/test_github/lesson6_ws/install/stop_sign_control/lib/python3.12/site-packages:/home/ngan/Documents/test_github/lesson6_ws/install/opencv_tests/lib/python3.12/site-packages:/home/ngan/Documents/test_github/lesson6_ws/install/image_geometry/lib/python3.12/site-packages:/home/ngan/Documents/test_github/lesson6_ws/install/cv_bridge/lib/python3.12/site-packages:/opt/ros/jazzy/lib/python3.12/site-packages /usr/bin/python3 -W ignore:setup.py install is deprecated -W ignore:easy_install command is deprecated setup.py egg_info --egg-base ../../../build/stop_sign_control build --build-base /home/ngan/Documents/test_github/lesson6_ws/build/stop_sign_control/build install --record /home/ngan/Documents/test_github/lesson6_ws/build/stop_sign_control/install.log --single-version-externally-managed install_data
[7.138s] Level 1:colcon.colcon_core.environment:checking '/home/ngan/Documents/test_github/lesson6_ws/install/opencv_tests' for CMake module files
[7.139s] DEBUG:colcon.colcon_core.event_handler.log_command:Invoked command in '/home/ngan/Documents/test_github/lesson6_ws/src/rmitbot_vision/vision_opencv/opencv_tests' returned '0': CMAKE_PREFIX_PATH=/home/ngan/Documents/test_github/lesson6_ws/install/cv_bridge:/home/ngan/Documents/test_github/lesson6_ws/install/vision_opencv:/home/ngan/Documents/test_github/lesson6_ws/install/rmitbot_mapping:/home/ngan/Documents/test_github/lesson6_ws/install/rmitbot_localization:/home/ngan/Documents/test_github/lesson6_ws/install/rmitbot_firmware:/home/ngan/Documents/test_github/lesson6_ws/install/rmitbot_description:/home/ngan/Documents/test_github/lesson6_ws/install/rmitbot_controller:/home/ngan/Documents/test_github/lesson6_ws/install/rmitbot_bringup:/home/ngan/Documents/test_github/lesson6_ws/install/image_geometry:/home/ngan/Documents/test_github/lesson6_ws/install/darknet_ros:/home/ngan/Documents/test_github/lesson6_ws/install/darknet_ros_msgs:/home/ngan/Documents/test_github/lesson6_ws/install/Darknet:/opt/ros/jazzy/opt/gz_sim_vendor:/opt/ros/jazzy/opt/gz_sensors_vendor:/opt/ros/jazzy/opt/gz_physics_vendor:/opt/ros/jazzy/opt/sdformat_vendor:/opt/ros/jazzy/opt/gz_gui_vendor:/opt/ros/jazzy/opt/gz_transport_vendor:/opt/ros/jazzy/opt/gz_rendering_vendor:/opt/ros/jazzy/opt/gz_plugin_vendor:/opt/ros/jazzy/opt/gz_fuel_tools_vendor:/opt/ros/jazzy/opt/gz_msgs_vendor:/opt/ros/jazzy/opt/gz_common_vendor:/opt/ros/jazzy/opt/gz_math_vendor:/opt/ros/jazzy/opt/gz_utils_vendor:/opt/ros/jazzy/opt/gz_tools_vendor:/opt/ros/jazzy/opt/gz_ogre_next_vendor:/opt/ros/jazzy/opt/gz_dartsim_vendor:/opt/ros/jazzy/opt/gz_cmake_vendor DEBUGINFOD_URLS=https://debuginfod.ubuntu.com LD_LIBRARY_PATH=/home/ngan/Documents/test_github/lesson6_ws/install/cv_bridge/lib:/home/ngan/Documents/test_github/lesson6_ws/install/rmitbot_firmware/lib:/home/ngan/Documents/test_github/lesson6_ws/install/image_geometry/lib:/home/ngan/Documents/test_github/lesson6_ws/install/darknet_ros/lib:/home/ngan/Documents/test_github/lesson6_ws/install/darknet_ros_msgs/lib:/opt/ros/jazzy/opt/gz_sim_vendor/lib:/opt/ros/jazzy/opt/gz_sensors_vendor/lib:/opt/ros/jazzy/opt/gz_physics_vendor/lib:/opt/ros/jazzy/opt/sdformat_vendor/lib:/opt/ros/jazzy/opt/rviz_ogre_vendor/lib:/opt/ros/jazzy/lib/aarch64-linux-gnu:/opt/ros/jazzy/opt/gz_gui_vendor/lib:/opt/ros/jazzy/opt/gz_transport_vendor/lib:/opt/ros/jazzy/opt/gz_rendering_vendor/lib:/opt/ros/jazzy/opt/gz_plugin_vendor/lib:/opt/ros/jazzy/opt/gz_fuel_tools_vendor/lib:/opt/ros/jazzy/opt/gz_msgs_vendor/lib:/opt/ros/jazzy/opt/gz_common_vendor/lib:/opt/ros/jazzy/opt/gz_math_vendor/lib:/opt/ros/jazzy/opt/gz_utils_vendor/lib:/opt/ros/jazzy/opt/gz_tools_vendor/lib:/opt/ros/jazzy/opt/gz_ogre_next_vendor/lib:/opt/ros/jazzy/opt/gz_dartsim_vendor/lib:/opt/ros/jazzy/opt/gz_cmake_vendor/lib:/opt/ros/jazzy/lib PYTHONPATH=/home/ngan/Documents/test_github/lesson6_ws/build/opencv_tests/prefix_override:/usr/lib/python3/dist-packages/colcon_core/task/python/colcon_distutils_commands:/home/ngan/Documents/test_github/lesson6_ws/install/opencv_tests/lib/python3.12/site-packages:/home/ngan/Documents/test_github/lesson6_ws/install/cv_bridge/lib/python3.12/site-packages:/home/ngan/Documents/test_github/lesson6_ws/install/stop_sign_control/lib/python3.12/site-packages:/home/ngan/Documents/test_github/lesson6_ws/install/opencv_tests/lib/python3.12/site-packages:/home/ngan/Documents/test_github/lesson6_ws/install/image_geometry/lib/python3.12/site-packages:/home/ngan/Documents/test_github/lesson6_ws/install/darknet_ros_msgs/lib/python3.12/site-packages:/opt/ros/jazzy/lib/python3.12/site-packages /usr/bin/python3 -W ignore:setup.py install is deprecated -W ignore:easy_install command is deprecated setup.py egg_info --egg-base ../../../../build/opencv_tests build --build-base /home/ngan/Documents/test_github/lesson6_ws/build/opencv_tests/build install --record /home/ngan/Documents/test_github/lesson6_ws/build/opencv_tests/install.log --single-version-externally-managed install_data
[7.141s] Level 1:colcon.colcon_core.environment:checking '/home/ngan/Documents/test_github/lesson6_ws/install/opencv_tests' for CMake config files
[7.142s] Level 1:colcon.colcon_core.environment:checking '/home/ngan/Documents/test_github/lesson6_ws/install/opencv_tests/lib'
[7.143s] Level 1:colcon.colcon_core.environment:checking '/home/ngan/Documents/test_github/lesson6_ws/install/opencv_tests/bin'
[7.143s] Level 1:colcon.colcon_core.environment:checking '/home/ngan/Documents/test_github/lesson6_ws/install/opencv_tests/lib/pkgconfig/opencv_tests.pc'
[7.146s] Level 1:colcon.colcon_core.environment:checking '/home/ngan/Documents/test_github/lesson6_ws/install/opencv_tests/lib/python3.12/site-packages'
[7.147s] Level 1:colcon.colcon_core.shell:create_environment_hook('opencv_tests', 'pythonpath')
[7.147s] INFO:colcon.colcon_core.shell:Creating environment descriptor '/home/ngan/Documents/test_github/lesson6_ws/install/opencv_tests/share/opencv_tests/hook/pythonpath.dsv'
[7.150s] INFO:colcon.colcon_core.shell:Creating environment hook '/home/ngan/Documents/test_github/lesson6_ws/install/opencv_tests/share/opencv_tests/hook/pythonpath.sh'
[7.154s] Level 1:colcon.colcon_core.environment:checking '/home/ngan/Documents/test_github/lesson6_ws/install/opencv_tests/bin'
[7.154s] Level 1:colcon.colcon_core.environment:create_environment_scripts_only(opencv_tests)
[7.155s] INFO:colcon.colcon_core.shell:Creating package descriptor '/home/ngan/Documents/test_github/lesson6_ws/install/opencv_tests/share/opencv_tests/package.dsv'
[7.156s] INFO:colcon.colcon_core.shell:Creating package script '/home/ngan/Documents/test_github/lesson6_ws/install/opencv_tests/share/opencv_tests/package.sh'
[7.162s] INFO:colcon.colcon_core.shell:Creating package script '/home/ngan/Documents/test_github/lesson6_ws/install/opencv_tests/share/opencv_tests/package.bash'
[7.163s] INFO:colcon.colcon_core.shell:Creating package script '/home/ngan/Documents/test_github/lesson6_ws/install/opencv_tests/share/opencv_tests/package.zsh'
[7.165s] Level 1:colcon.colcon_core.environment:create_file_with_runtime_dependencies(/home/ngan/Documents/test_github/lesson6_ws/install/opencv_tests/share/colcon-core/packages/opencv_tests)
[8.036s] Level 1:colcon.colcon_core.environment:checking '/home/ngan/Documents/test_github/lesson6_ws/install/stop_sign_control' for CMake module files
[8.039s] DEBUG:colcon.colcon_core.event_handler.log_command:Invoked command in '/home/ngan/Documents/test_github/lesson6_ws/src/rmitbot_vision/stop_sign_control' returned '0': CMAKE_PREFIX_PATH=/home/ngan/Documents/test_github/lesson6_ws/install/darknet_ros_msgs:/home/ngan/Documents/test_github/lesson6_ws/install/vision_opencv:/home/ngan/Documents/test_github/lesson6_ws/install/rmitbot_mapping:/home/ngan/Documents/test_github/lesson6_ws/install/rmitbot_localization:/home/ngan/Documents/test_github/lesson6_ws/install/rmitbot_firmware:/home/ngan/Documents/test_github/lesson6_ws/install/rmitbot_description:/home/ngan/Documents/test_github/lesson6_ws/install/rmitbot_controller:/home/ngan/Documents/test_github/lesson6_ws/install/rmitbot_bringup:/home/ngan/Documents/test_github/lesson6_ws/install/image_geometry:/home/ngan/Documents/test_github/lesson6_ws/install/darknet_ros:/home/ngan/Documents/test_github/lesson6_ws/install/cv_bridge:/home/ngan/Documents/test_github/lesson6_ws/install/Darknet:/opt/ros/jazzy/opt/gz_sim_vendor:/opt/ros/jazzy/opt/gz_sensors_vendor:/opt/ros/jazzy/opt/gz_physics_vendor:/opt/ros/jazzy/opt/sdformat_vendor:/opt/ros/jazzy/opt/gz_gui_vendor:/opt/ros/jazzy/opt/gz_transport_vendor:/opt/ros/jazzy/opt/gz_rendering_vendor:/opt/ros/jazzy/opt/gz_plugin_vendor:/opt/ros/jazzy/opt/gz_fuel_tools_vendor:/opt/ros/jazzy/opt/gz_msgs_vendor:/opt/ros/jazzy/opt/gz_common_vendor:/opt/ros/jazzy/opt/gz_math_vendor:/opt/ros/jazzy/opt/gz_utils_vendor:/opt/ros/jazzy/opt/gz_tools_vendor:/opt/ros/jazzy/opt/gz_ogre_next_vendor:/opt/ros/jazzy/opt/gz_dartsim_vendor:/opt/ros/jazzy/opt/gz_cmake_vendor DEBUGINFOD_URLS=https://debuginfod.ubuntu.com LD_LIBRARY_PATH=/home/ngan/Documents/test_github/lesson6_ws/install/darknet_ros_msgs/lib:/home/ngan/Documents/test_github/lesson6_ws/install/rmitbot_firmware/lib:/home/ngan/Documents/test_github/lesson6_ws/install/image_geometry/lib:/home/ngan/Documents/test_github/lesson6_ws/install/darknet_ros/lib:/home/ngan/Documents/test_github/lesson6_ws/install/cv_bridge/lib:/opt/ros/jazzy/opt/gz_sim_vendor/lib:/opt/ros/jazzy/opt/gz_sensors_vendor/lib:/opt/ros/jazzy/opt/gz_physics_vendor/lib:/opt/ros/jazzy/opt/sdformat_vendor/lib:/opt/ros/jazzy/opt/rviz_ogre_vendor/lib:/opt/ros/jazzy/lib/aarch64-linux-gnu:/opt/ros/jazzy/opt/gz_gui_vendor/lib:/opt/ros/jazzy/opt/gz_transport_vendor/lib:/opt/ros/jazzy/opt/gz_rendering_vendor/lib:/opt/ros/jazzy/opt/gz_plugin_vendor/lib:/opt/ros/jazzy/opt/gz_fuel_tools_vendor/lib:/opt/ros/jazzy/opt/gz_msgs_vendor/lib:/opt/ros/jazzy/opt/gz_common_vendor/lib:/opt/ros/jazzy/opt/gz_math_vendor/lib:/opt/ros/jazzy/opt/gz_utils_vendor/lib:/opt/ros/jazzy/opt/gz_tools_vendor/lib:/opt/ros/jazzy/opt/gz_ogre_next_vendor/lib:/opt/ros/jazzy/opt/gz_dartsim_vendor/lib:/opt/ros/jazzy/opt/gz_cmake_vendor/lib:/opt/ros/jazzy/lib PYTHONPATH=/home/ngan/Documents/test_github/lesson6_ws/build/stop_sign_control/prefix_override:/usr/lib/python3/dist-packages/colcon_core/task/python/colcon_distutils_commands:/home/ngan/Documents/test_github/lesson6_ws/install/stop_sign_control/lib/python3.12/site-packages:/home/ngan/Documents/test_github/lesson6_ws/install/darknet_ros_msgs/lib/python3.12/site-packages:/home/ngan/Documents/test_github/lesson6_ws/install/stop_sign_control/lib/python3.12/site-packages:/home/ngan/Documents/test_github/lesson6_ws/install/opencv_tests/lib/python3.12/site-packages:/home/ngan/Documents/test_github/lesson6_ws/install/image_geometry/lib/python3.12/site-packages:/home/ngan/Documents/test_github/lesson6_ws/install/cv_bridge/lib/python3.12/site-packages:/opt/ros/jazzy/lib/python3.12/site-packages /usr/bin/python3 -W ignore:setup.py install is deprecated -W ignore:easy_install command is deprecated setup.py egg_info --egg-base ../../../build/stop_sign_control build --build-base /home/ngan/Documents/test_github/lesson6_ws/build/stop_sign_control/build install --record /home/ngan/Documents/test_github/lesson6_ws/build/stop_sign_control/install.log --single-version-externally-managed install_data
[8.039s] Level 1:colcon.colcon_core.environment:checking '/home/ngan/Documents/test_github/lesson6_ws/install/stop_sign_control' for CMake config files
[8.040s] Level 1:colcon.colcon_core.environment:checking '/home/ngan/Documents/test_github/lesson6_ws/install/stop_sign_control/lib'
[8.041s] Level 1:colcon.colcon_core.environment:checking '/home/ngan/Documents/test_github/lesson6_ws/install/stop_sign_control/bin'
[8.041s] Level 1:colcon.colcon_core.environment:checking '/home/ngan/Documents/test_github/lesson6_ws/install/stop_sign_control/lib/pkgconfig/stop_sign_control.pc'
[8.042s] Level 1:colcon.colcon_core.environment:checking '/home/ngan/Documents/test_github/lesson6_ws/install/stop_sign_control/lib/python3.12/site-packages'
[8.042s] Level 1:colcon.colcon_core.shell:create_environment_hook('stop_sign_control', 'pythonpath')
[8.043s] INFO:colcon.colcon_core.shell:Creating environment descriptor '/home/ngan/Documents/test_github/lesson6_ws/install/stop_sign_control/share/stop_sign_control/hook/pythonpath.dsv'
[8.043s] INFO:colcon.colcon_core.shell:Creating environment hook '/home/ngan/Documents/test_github/lesson6_ws/install/stop_sign_control/share/stop_sign_control/hook/pythonpath.sh'
[8.049s] Level 1:colcon.colcon_core.environment:checking '/home/ngan/Documents/test_github/lesson6_ws/install/stop_sign_control/bin'
[8.049s] Level 1:colcon.colcon_core.environment:create_environment_scripts_only(stop_sign_control)
[8.049s] INFO:colcon.colcon_core.shell:Creating package descriptor '/home/ngan/Documents/test_github/lesson6_ws/install/stop_sign_control/share/stop_sign_control/package.dsv'
[8.050s] INFO:colcon.colcon_core.shell:Creating package script '/home/ngan/Documents/test_github/lesson6_ws/install/stop_sign_control/share/stop_sign_control/package.sh'
[8.051s] INFO:colcon.colcon_core.shell:Creating package script '/home/ngan/Documents/test_github/lesson6_ws/install/stop_sign_control/share/stop_sign_control/package.bash'
[8.052s] INFO:colcon.colcon_core.shell:Creating package script '/home/ngan/Documents/test_github/lesson6_ws/install/stop_sign_control/share/stop_sign_control/package.zsh'
[8.053s] Level 1:colcon.colcon_core.environment:create_file_with_runtime_dependencies(/home/ngan/Documents/test_github/lesson6_ws/install/stop_sign_control/share/colcon-core/packages/stop_sign_control)
[8.056s] DEBUG:colcon.colcon_parallel_executor.executor.parallel:closing loop
[8.058s] DEBUG:colcon.colcon_parallel_executor.executor.parallel:loop closed
[8.058s] DEBUG:colcon.colcon_parallel_executor.executor.parallel:run_until_complete finished with '0'
[8.058s] DEBUG:colcon.colcon_core.event_reactor:joining thread
[8.103s] INFO:colcon.colcon_core.plugin_system:Skipping extension 'colcon_notification.desktop_notification.terminal_notifier': Not used on non-Darwin systems
[8.103s] INFO:colcon.colcon_core.plugin_system:Skipping extension 'colcon_notification.desktop_notification.win32': Not used on non-Windows systems
[8.103s] INFO:colcon.colcon_notification.desktop_notification:Sending desktop notification using 'notify2'
[8.360s] DEBUG:colcon.colcon_core.event_reactor:joined thread
[8.361s] INFO:colcon.colcon_core.shell:Creating prefix script '/home/ngan/Documents/test_github/lesson6_ws/install/local_setup.sh'
[8.369s] INFO:colcon.colcon_core.shell:Creating prefix util module '/home/ngan/Documents/test_github/lesson6_ws/install/_local_setup_util_sh.py'
[8.384s] INFO:colcon.colcon_core.shell:Creating prefix chain script '/home/ngan/Documents/test_github/lesson6_ws/install/setup.sh'
[8.399s] INFO:colcon.colcon_core.shell:Creating prefix script '/home/ngan/Documents/test_github/lesson6_ws/install/local_setup.bash'
[8.410s] INFO:colcon.colcon_core.shell:Creating prefix chain script '/home/ngan/Documents/test_github/lesson6_ws/install/setup.bash'
[8.418s] INFO:colcon.colcon_core.shell:Creating prefix script '/home/ngan/Documents/test_github/lesson6_ws/install/local_setup.zsh'
[8.420s] INFO:colcon.colcon_core.shell:Creating prefix chain script '/home/ngan/Documents/test_github/lesson6_ws/install/setup.zsh'
