[0.145s] DEBUG:colcon:Command line arguments: ['/usr/bin/colcon', 'build']
[0.145s] DEBUG:colcon:Parsed command line arguments: Namespace(log_base=None, log_level=None, verb_name='build', build_base='build', install_base='install', merge_install=False, symlink_install=False, test_result_base=None, continue_on_error=False, executor='parallel', parallel_workers=4, event_handlers=None, ignore_user_meta=False, metas=['./colcon.meta'], base_paths=['.'], packages_ignore=None, packages_ignore_regex=None, paths=None, packages_up_to=None, packages_up_to_regex=None, packages_above=None, packages_above_and_dependencies=None, packages_above_depth=None, packages_select_by_dep=None, packages_skip_by_dep=None, packages_skip_up_to=None, packages_select_build_failed=False, packages_skip_build_finished=False, packages_select_test_failures=False, packages_skip_test_passed=False, packages_select=None, packages_skip=None, packages_select_regex=None, packages_skip_regex=None, packages_start=None, packages_end=None, cmake_args=None, cmake_target=None, cmake_target_skip_unavailable=False, cmake_clean_cache=False, cmake_clean_first=False, cmake_force_configure=False, ament_cmake_args=None, catkin_cmake_args=None, catkin_skip_building_tests=False, verb_parser=<colcon_defaults.argument_parser.defaults.DefaultArgumentsDecorator object at 0xf3ae9f0f62a0>, verb_extension=<colcon_core.verb.build.BuildVerb object at 0xf3ae9f30eae0>, main=<bound method BuildVerb.main of <colcon_core.verb.build.BuildVerb object at 0xf3ae9f30eae0>>)
[0.199s] Level 1:colcon.colcon_core.package_discovery:discover_packages(colcon_meta) check parameters
[0.199s] Level 1:colcon.colcon_core.package_discovery:discover_packages(recursive) check parameters
[0.199s] Level 1:colcon.colcon_core.package_discovery:discover_packages(ignore) check parameters
[0.199s] Level 1:colcon.colcon_core.package_discovery:discover_packages(path) check parameters
[0.199s] Level 1:colcon.colcon_core.package_discovery:discover_packages(colcon_meta) discover
[0.199s] Level 1:colcon.colcon_core.package_discovery:discover_packages(recursive) discover
[0.199s] INFO:colcon.colcon_core.package_discovery:Crawling recursively for packages in '/home/ngan/Documents/test_github/lesson6_ws'
[0.199s] Level 1:colcon.colcon_core.package_identification:_identify(.) by extensions ['ignore', 'ignore_ament_install']
[0.199s] Level 1:colcon.colcon_core.package_identification:_identify(.) by extension 'ignore'
[0.200s] Level 1:colcon.colcon_core.package_identification:_identify(.) by extension 'ignore_ament_install'
[0.200s] Level 1:colcon.colcon_core.package_identification:_identify(.) by extensions ['colcon_pkg']
[0.200s] Level 1:colcon.colcon_core.package_identification:_identify(.) by extension 'colcon_pkg'
[0.200s] Level 1:colcon.colcon_core.package_identification:_identify(.) by extensions ['colcon_meta']
[0.200s] Level 1:colcon.colcon_core.package_identification:_identify(.) by extension 'colcon_meta'
[0.200s] Level 1:colcon.colcon_core.package_identification:_identify(.) by extensions ['ros']
[0.200s] Level 1:colcon.colcon_core.package_identification:_identify(.) by extension 'ros'
[0.236s] Level 1:colcon.colcon_core.package_identification:_identify(.) by extensions ['cmake', 'python']
[0.237s] Level 1:colcon.colcon_core.package_identification:_identify(.) by extension 'cmake'
[0.237s] Level 1:colcon.colcon_core.package_identification:_identify(.) by extension 'python'
[0.237s] Level 1:colcon.colcon_core.package_identification:_identify(.) by extensions ['python_setup_py']
[0.237s] Level 1:colcon.colcon_core.package_identification:_identify(.) by extension 'python_setup_py'
[0.237s] Level 1:colcon.colcon_core.package_identification:_identify(build) by extensions ['ignore', 'ignore_ament_install']
[0.237s] Level 1:colcon.colcon_core.package_identification:_identify(build) by extension 'ignore'
[0.237s] Level 1:colcon.colcon_core.package_identification:_identify(build) ignored
[0.237s] Level 1:colcon.colcon_core.package_identification:_identify(install) by extensions ['ignore', 'ignore_ament_install']
[0.238s] Level 1:colcon.colcon_core.package_identification:_identify(install) by extension 'ignore'
[0.238s] Level 1:colcon.colcon_core.package_identification:_identify(install) ignored
[0.238s] Level 1:colcon.colcon_core.package_identification:_identify(log) by extensions ['ignore', 'ignore_ament_install']
[0.238s] Level 1:colcon.colcon_core.package_identification:_identify(log) by extension 'ignore'
[0.238s] Level 1:colcon.colcon_core.package_identification:_identify(log) ignored
[0.238s] Level 1:colcon.colcon_core.package_identification:_identify(src) by extensions ['ignore', 'ignore_ament_install']
[0.238s] Level 1:colcon.colcon_core.package_identification:_identify(src) by extension 'ignore'
[0.238s] Level 1:colcon.colcon_core.package_identification:_identify(src) by extension 'ignore_ament_install'
[0.238s] Level 1:colcon.colcon_core.package_identification:_identify(src) by extensions ['colcon_pkg']
[0.238s] Level 1:colcon.colcon_core.package_identification:_identify(src) by extension 'colcon_pkg'
[0.239s] Level 1:colcon.colcon_core.package_identification:_identify(src) by extensions ['colcon_meta']
[0.239s] Level 1:colcon.colcon_core.package_identification:_identify(src) by extension 'colcon_meta'
[0.239s] Level 1:colcon.colcon_core.package_identification:_identify(src) by extensions ['ros']
[0.239s] Level 1:colcon.colcon_core.package_identification:_identify(src) by extension 'ros'
[0.239s] Level 1:colcon.colcon_core.package_identification:_identify(src) by extensions ['cmake', 'python']
[0.239s] Level 1:colcon.colcon_core.package_identification:_identify(src) by extension 'cmake'
[0.239s] Level 1:colcon.colcon_core.package_identification:_identify(src) by extension 'python'
[0.239s] Level 1:colcon.colcon_core.package_identification:_identify(src) by extensions ['python_setup_py']
[0.239s] Level 1:colcon.colcon_core.package_identification:_identify(src) by extension 'python_setup_py'
[0.239s] Level 1:colcon.colcon_core.package_identification:_identify(src/rmitbot_bringup) by extensions ['ignore', 'ignore_ament_install']
[0.239s] Level 1:colcon.colcon_core.package_identification:_identify(src/rmitbot_bringup) by extension 'ignore'
[0.239s] Level 1:colcon.colcon_core.package_identification:_identify(src/rmitbot_bringup) by extension 'ignore_ament_install'
[0.239s] Level 1:colcon.colcon_core.package_identification:_identify(src/rmitbot_bringup) by extensions ['colcon_pkg']
[0.239s] Level 1:colcon.colcon_core.package_identification:_identify(src/rmitbot_bringup) by extension 'colcon_pkg'
[0.240s] Level 1:colcon.colcon_core.package_identification:_identify(src/rmitbot_bringup) by extensions ['colcon_meta']
[0.240s] Level 1:colcon.colcon_core.package_identification:_identify(src/rmitbot_bringup) by extension 'colcon_meta'
[0.240s] Level 1:colcon.colcon_core.package_identification:_identify(src/rmitbot_bringup) by extensions ['ros']
[0.240s] Level 1:colcon.colcon_core.package_identification:_identify(src/rmitbot_bringup) by extension 'ros'
[0.245s] DEBUG:colcon.colcon_core.package_identification:Package 'src/rmitbot_bringup' with type 'ros.ament_cmake' and name 'rmitbot_bringup'
[0.245s] Level 1:colcon.colcon_core.package_identification:_identify(src/rmitbot_controller) by extensions ['ignore', 'ignore_ament_install']
[0.245s] Level 1:colcon.colcon_core.package_identification:_identify(src/rmitbot_controller) by extension 'ignore'
[0.245s] Level 1:colcon.colcon_core.package_identification:_identify(src/rmitbot_controller) by extension 'ignore_ament_install'
[0.245s] Level 1:colcon.colcon_core.package_identification:_identify(src/rmitbot_controller) by extensions ['colcon_pkg']
[0.245s] Level 1:colcon.colcon_core.package_identification:_identify(src/rmitbot_controller) by extension 'colcon_pkg'
[0.245s] Level 1:colcon.colcon_core.package_identification:_identify(src/rmitbot_controller) by extensions ['colcon_meta']
[0.245s] Level 1:colcon.colcon_core.package_identification:_identify(src/rmitbot_controller) by extension 'colcon_meta'
[0.245s] Level 1:colcon.colcon_core.package_identification:_identify(src/rmitbot_controller) by extensions ['ros']
[0.245s] Level 1:colcon.colcon_core.package_identification:_identify(src/rmitbot_controller) by extension 'ros'
[0.246s] DEBUG:colcon.colcon_core.package_identification:Package 'src/rmitbot_controller' with type 'ros.ament_cmake' and name 'rmitbot_controller'
[0.246s] Level 1:colcon.colcon_core.package_identification:_identify(src/rmitbot_description) by extensions ['ignore', 'ignore_ament_install']
[0.246s] Level 1:colcon.colcon_core.package_identification:_identify(src/rmitbot_description) by extension 'ignore'
[0.246s] Level 1:colcon.colcon_core.package_identification:_identify(src/rmitbot_description) by extension 'ignore_ament_install'
[0.247s] Level 1:colcon.colcon_core.package_identification:_identify(src/rmitbot_description) by extensions ['colcon_pkg']
[0.247s] Level 1:colcon.colcon_core.package_identification:_identify(src/rmitbot_description) by extension 'colcon_pkg'
[0.247s] Level 1:colcon.colcon_core.package_identification:_identify(src/rmitbot_description) by extensions ['colcon_meta']
[0.247s] Level 1:colcon.colcon_core.package_identification:_identify(src/rmitbot_description) by extension 'colcon_meta'
[0.247s] Level 1:colcon.colcon_core.package_identification:_identify(src/rmitbot_description) by extensions ['ros']
[0.247s] Level 1:colcon.colcon_core.package_identification:_identify(src/rmitbot_description) by extension 'ros'
[0.248s] DEBUG:colcon.colcon_core.package_identification:Package 'src/rmitbot_description' with type 'ros.ament_cmake' and name 'rmitbot_description'
[0.249s] Level 1:colcon.colcon_core.package_identification:_identify(src/rmitbot_firmware) by extensions ['ignore', 'ignore_ament_install']
[0.249s] Level 1:colcon.colcon_core.package_identification:_identify(src/rmitbot_firmware) by extension 'ignore'
[0.249s] Level 1:colcon.colcon_core.package_identification:_identify(src/rmitbot_firmware) by extension 'ignore_ament_install'
[0.249s] Level 1:colcon.colcon_core.package_identification:_identify(src/rmitbot_firmware) by extensions ['colcon_pkg']
[0.249s] Level 1:colcon.colcon_core.package_identification:_identify(src/rmitbot_firmware) by extension 'colcon_pkg'
[0.249s] Level 1:colcon.colcon_core.package_identification:_identify(src/rmitbot_firmware) by extensions ['colcon_meta']
[0.249s] Level 1:colcon.colcon_core.package_identification:_identify(src/rmitbot_firmware) by extension 'colcon_meta'
[0.249s] Level 1:colcon.colcon_core.package_identification:_identify(src/rmitbot_firmware) by extensions ['ros']
[0.249s] Level 1:colcon.colcon_core.package_identification:_identify(src/rmitbot_firmware) by extension 'ros'
[0.251s] DEBUG:colcon.colcon_core.package_identification:Package 'src/rmitbot_firmware' with type 'ros.ament_cmake' and name 'rmitbot_firmware'
[0.251s] Level 1:colcon.colcon_core.package_identification:_identify(src/rmitbot_localization) by extensions ['ignore', 'ignore_ament_install']
[0.251s] Level 1:colcon.colcon_core.package_identification:_identify(src/rmitbot_localization) by extension 'ignore'
[0.251s] Level 1:colcon.colcon_core.package_identification:_identify(src/rmitbot_localization) by extension 'ignore_ament_install'
[0.251s] Level 1:colcon.colcon_core.package_identification:_identify(src/rmitbot_localization) by extensions ['colcon_pkg']
[0.251s] Level 1:colcon.colcon_core.package_identification:_identify(src/rmitbot_localization) by extension 'colcon_pkg'
[0.251s] Level 1:colcon.colcon_core.package_identification:_identify(src/rmitbot_localization) by extensions ['colcon_meta']
[0.251s] Level 1:colcon.colcon_core.package_identification:_identify(src/rmitbot_localization) by extension 'colcon_meta'
[0.252s] Level 1:colcon.colcon_core.package_identification:_identify(src/rmitbot_localization) by extensions ['ros']
[0.252s] Level 1:colcon.colcon_core.package_identification:_identify(src/rmitbot_localization) by extension 'ros'
[0.253s] DEBUG:colcon.colcon_core.package_identification:Package 'src/rmitbot_localization' with type 'ros.ament_cmake' and name 'rmitbot_localization'
[0.254s] Level 1:colcon.colcon_core.package_identification:_identify(src/rmitbot_mapping) by extensions ['ignore', 'ignore_ament_install']
[0.254s] Level 1:colcon.colcon_core.package_identification:_identify(src/rmitbot_mapping) by extension 'ignore'
[0.254s] Level 1:colcon.colcon_core.package_identification:_identify(src/rmitbot_mapping) by extension 'ignore_ament_install'
[0.255s] Level 1:colcon.colcon_core.package_identification:_identify(src/rmitbot_mapping) by extensions ['colcon_pkg']
[0.255s] Level 1:colcon.colcon_core.package_identification:_identify(src/rmitbot_mapping) by extension 'colcon_pkg'
[0.255s] Level 1:colcon.colcon_core.package_identification:_identify(src/rmitbot_mapping) by extensions ['colcon_meta']
[0.255s] Level 1:colcon.colcon_core.package_identification:_identify(src/rmitbot_mapping) by extension 'colcon_meta'
[0.255s] Level 1:colcon.colcon_core.package_identification:_identify(src/rmitbot_mapping) by extensions ['ros']
[0.255s] Level 1:colcon.colcon_core.package_identification:_identify(src/rmitbot_mapping) by extension 'ros'
[0.256s] DEBUG:colcon.colcon_core.package_identification:Package 'src/rmitbot_mapping' with type 'ros.ament_cmake' and name 'rmitbot_mapping'
[0.257s] Level 1:colcon.colcon_core.package_identification:_identify(src/rmitbot_vision) by extensions ['ignore', 'ignore_ament_install']
[0.257s] Level 1:colcon.colcon_core.package_identification:_identify(src/rmitbot_vision) by extension 'ignore'
[0.257s] Level 1:colcon.colcon_core.package_identification:_identify(src/rmitbot_vision) by extension 'ignore_ament_install'
[0.257s] Level 1:colcon.colcon_core.package_identification:_identify(src/rmitbot_vision) by extensions ['colcon_pkg']
[0.258s] Level 1:colcon.colcon_core.package_identification:_identify(src/rmitbot_vision) by extension 'colcon_pkg'
[0.258s] Level 1:colcon.colcon_core.package_identification:_identify(src/rmitbot_vision) by extensions ['colcon_meta']
[0.258s] Level 1:colcon.colcon_core.package_identification:_identify(src/rmitbot_vision) by extension 'colcon_meta'
[0.258s] Level 1:colcon.colcon_core.package_identification:_identify(src/rmitbot_vision) by extensions ['ros']
[0.258s] Level 1:colcon.colcon_core.package_identification:_identify(src/rmitbot_vision) by extension 'ros'
[0.258s] Level 1:colcon.colcon_core.package_identification:_identify(src/rmitbot_vision) by extensions ['cmake', 'python']
[0.258s] Level 1:colcon.colcon_core.package_identification:_identify(src/rmitbot_vision) by extension 'cmake'
[0.259s] Level 1:colcon.colcon_core.package_identification:_identify(src/rmitbot_vision) by extension 'python'
[0.259s] Level 1:colcon.colcon_core.package_identification:_identify(src/rmitbot_vision) by extensions ['python_setup_py']
[0.259s] Level 1:colcon.colcon_core.package_identification:_identify(src/rmitbot_vision) by extension 'python_setup_py'
[0.259s] Level 1:colcon.colcon_core.package_identification:_identify(src/rmitbot_vision/darknet_ros) by extensions ['ignore', 'ignore_ament_install']
[0.259s] Level 1:colcon.colcon_core.package_identification:_identify(src/rmitbot_vision/darknet_ros) by extension 'ignore'
[0.260s] Level 1:colcon.colcon_core.package_identification:_identify(src/rmitbot_vision/darknet_ros) by extension 'ignore_ament_install'
[0.260s] Level 1:colcon.colcon_core.package_identification:_identify(src/rmitbot_vision/darknet_ros) by extensions ['colcon_pkg']
[0.260s] Level 1:colcon.colcon_core.package_identification:_identify(src/rmitbot_vision/darknet_ros) by extension 'colcon_pkg'
[0.260s] Level 1:colcon.colcon_core.package_identification:_identify(src/rmitbot_vision/darknet_ros) by extensions ['colcon_meta']
[0.260s] Level 1:colcon.colcon_core.package_identification:_identify(src/rmitbot_vision/darknet_ros) by extension 'colcon_meta'
[0.260s] Level 1:colcon.colcon_core.package_identification:_identify(src/rmitbot_vision/darknet_ros) by extensions ['ros']
[0.260s] Level 1:colcon.colcon_core.package_identification:_identify(src/rmitbot_vision/darknet_ros) by extension 'ros'
[0.261s] Level 1:colcon.colcon_core.package_identification:_identify(src/rmitbot_vision/darknet_ros) by extensions ['cmake', 'python']
[0.261s] Level 1:colcon.colcon_core.package_identification:_identify(src/rmitbot_vision/darknet_ros) by extension 'cmake'
[0.261s] Level 1:colcon.colcon_core.package_identification:_identify(src/rmitbot_vision/darknet_ros) by extension 'python'
[0.261s] Level 1:colcon.colcon_core.package_identification:_identify(src/rmitbot_vision/darknet_ros) by extensions ['python_setup_py']
[0.261s] Level 1:colcon.colcon_core.package_identification:_identify(src/rmitbot_vision/darknet_ros) by extension 'python_setup_py'
[0.261s] Level 1:colcon.colcon_core.package_identification:_identify(src/rmitbot_vision/darknet_ros/darknet_ros) by extensions ['ignore', 'ignore_ament_install']
[0.263s] Level 1:colcon.colcon_core.package_identification:_identify(src/rmitbot_vision/darknet_ros/darknet_ros) by extension 'ignore'
[0.263s] Level 1:colcon.colcon_core.package_identification:_identify(src/rmitbot_vision/darknet_ros/darknet_ros) by extension 'ignore_ament_install'
[0.263s] Level 1:colcon.colcon_core.package_identification:_identify(src/rmitbot_vision/darknet_ros/darknet_ros) by extensions ['colcon_pkg']
[0.263s] Level 1:colcon.colcon_core.package_identification:_identify(src/rmitbot_vision/darknet_ros/darknet_ros) by extension 'colcon_pkg'
[0.263s] Level 1:colcon.colcon_core.package_identification:_identify(src/rmitbot_vision/darknet_ros/darknet_ros) by extensions ['colcon_meta']
[0.263s] Level 1:colcon.colcon_core.package_identification:_identify(src/rmitbot_vision/darknet_ros/darknet_ros) by extension 'colcon_meta'
[0.264s] Level 1:colcon.colcon_core.package_identification:_identify(src/rmitbot_vision/darknet_ros/darknet_ros) by extensions ['ros']
[0.264s] Level 1:colcon.colcon_core.package_identification:_identify(src/rmitbot_vision/darknet_ros/darknet_ros) by extension 'ros'
[0.264s] Level 1:colcon.colcon_core.package_identification:_identify(src/rmitbot_vision/darknet_ros/darknet_ros) by extensions ['cmake', 'python']
[0.264s] Level 1:colcon.colcon_core.package_identification:_identify(src/rmitbot_vision/darknet_ros/darknet_ros) by extension 'cmake'
[0.264s] Level 1:colcon.colcon_core.package_identification:_identify(src/rmitbot_vision/darknet_ros/darknet_ros) by extension 'python'
[0.264s] Level 1:colcon.colcon_core.package_identification:_identify(src/rmitbot_vision/darknet_ros/darknet_ros) by extensions ['python_setup_py']
[0.264s] Level 1:colcon.colcon_core.package_identification:_identify(src/rmitbot_vision/darknet_ros/darknet_ros) by extension 'python_setup_py'
[0.265s] Level 1:colcon.colcon_core.package_identification:_identify(src/rmitbot_vision/darknet_ros/darknet_ros/darknet) by extensions ['ignore', 'ignore_ament_install']
[0.265s] Level 1:colcon.colcon_core.package_identification:_identify(src/rmitbot_vision/darknet_ros/darknet_ros/darknet) by extension 'ignore'
[0.265s] Level 1:colcon.colcon_core.package_identification:_identify(src/rmitbot_vision/darknet_ros/darknet_ros/darknet) by extension 'ignore_ament_install'
[0.265s] Level 1:colcon.colcon_core.package_identification:_identify(src/rmitbot_vision/darknet_ros/darknet_ros/darknet) by extensions ['colcon_pkg']
[0.265s] Level 1:colcon.colcon_core.package_identification:_identify(src/rmitbot_vision/darknet_ros/darknet_ros/darknet) by extension 'colcon_pkg'
[0.265s] Level 1:colcon.colcon_core.package_identification:_identify(src/rmitbot_vision/darknet_ros/darknet_ros/darknet) by extensions ['colcon_meta']
[0.265s] Level 1:colcon.colcon_core.package_identification:_identify(src/rmitbot_vision/darknet_ros/darknet_ros/darknet) by extension 'colcon_meta'
[0.265s] Level 1:colcon.colcon_core.package_identification:_identify(src/rmitbot_vision/darknet_ros/darknet_ros/darknet) by extensions ['ros']
[0.265s] Level 1:colcon.colcon_core.package_identification:_identify(src/rmitbot_vision/darknet_ros/darknet_ros/darknet) by extension 'ros'
[0.265s] Level 1:colcon.colcon_core.package_identification:_identify(src/rmitbot_vision/darknet_ros/darknet_ros/darknet) by extensions ['cmake', 'python']
[0.266s] Level 1:colcon.colcon_core.package_identification:_identify(src/rmitbot_vision/darknet_ros/darknet_ros/darknet) by extension 'cmake'
[0.280s] Level 1:colcon.colcon_core.package_identification:_identify(src/rmitbot_vision/darknet_ros/darknet_ros/darknet) by extension 'python'
[0.280s] DEBUG:colcon.colcon_core.package_identification:Package 'src/rmitbot_vision/darknet_ros/darknet_ros/darknet' with type 'cmake' and name 'Darknet'
[0.280s] Level 1:colcon.colcon_core.package_identification:_identify(src/rmitbot_vision/darknet_ros/darknet_ros/darknet_ros) by extensions ['ignore', 'ignore_ament_install']
[0.280s] Level 1:colcon.colcon_core.package_identification:_identify(src/rmitbot_vision/darknet_ros/darknet_ros/darknet_ros) by extension 'ignore'
[0.280s] Level 1:colcon.colcon_core.package_identification:_identify(src/rmitbot_vision/darknet_ros/darknet_ros/darknet_ros) by extension 'ignore_ament_install'
[0.280s] Level 1:colcon.colcon_core.package_identification:_identify(src/rmitbot_vision/darknet_ros/darknet_ros/darknet_ros) by extensions ['colcon_pkg']
[0.281s] Level 1:colcon.colcon_core.package_identification:_identify(src/rmitbot_vision/darknet_ros/darknet_ros/darknet_ros) by extension 'colcon_pkg'
[0.281s] Level 1:colcon.colcon_core.package_identification:_identify(src/rmitbot_vision/darknet_ros/darknet_ros/darknet_ros) by extensions ['colcon_meta']
[0.281s] Level 1:colcon.colcon_core.package_identification:_identify(src/rmitbot_vision/darknet_ros/darknet_ros/darknet_ros) by extension 'colcon_meta'
[0.281s] Level 1:colcon.colcon_core.package_identification:_identify(src/rmitbot_vision/darknet_ros/darknet_ros/darknet_ros) by extensions ['ros']
[0.281s] Level 1:colcon.colcon_core.package_identification:_identify(src/rmitbot_vision/darknet_ros/darknet_ros/darknet_ros) by extension 'ros'
[0.282s] DEBUG:colcon.colcon_core.package_identification:Package 'src/rmitbot_vision/darknet_ros/darknet_ros/darknet_ros' with type 'ros.ament_cmake' and name 'darknet_ros'
[0.282s] Level 1:colcon.colcon_core.package_identification:_identify(src/rmitbot_vision/darknet_ros/darknet_ros/darknet_ros_msgs) by extensions ['ignore', 'ignore_ament_install']
[0.282s] Level 1:colcon.colcon_core.package_identification:_identify(src/rmitbot_vision/darknet_ros/darknet_ros/darknet_ros_msgs) by extension 'ignore'
[0.282s] Level 1:colcon.colcon_core.package_identification:_identify(src/rmitbot_vision/darknet_ros/darknet_ros/darknet_ros_msgs) by extension 'ignore_ament_install'
[0.283s] Level 1:colcon.colcon_core.package_identification:_identify(src/rmitbot_vision/darknet_ros/darknet_ros/darknet_ros_msgs) by extensions ['colcon_pkg']
[0.283s] Level 1:colcon.colcon_core.package_identification:_identify(src/rmitbot_vision/darknet_ros/darknet_ros/darknet_ros_msgs) by extension 'colcon_pkg'
[0.283s] Level 1:colcon.colcon_core.package_identification:_identify(src/rmitbot_vision/darknet_ros/darknet_ros/darknet_ros_msgs) by extensions ['colcon_meta']
[0.283s] Level 1:colcon.colcon_core.package_identification:_identify(src/rmitbot_vision/darknet_ros/darknet_ros/darknet_ros_msgs) by extension 'colcon_meta'
[0.283s] Level 1:colcon.colcon_core.package_identification:_identify(src/rmitbot_vision/darknet_ros/darknet_ros/darknet_ros_msgs) by extensions ['ros']
[0.283s] Level 1:colcon.colcon_core.package_identification:_identify(src/rmitbot_vision/darknet_ros/darknet_ros/darknet_ros_msgs) by extension 'ros'
[0.284s] DEBUG:colcon.colcon_core.package_identification:Package 'src/rmitbot_vision/darknet_ros/darknet_ros/darknet_ros_msgs' with type 'ros.ament_cmake' and name 'darknet_ros_msgs'
[0.285s] Level 1:colcon.colcon_core.package_identification:_identify(src/rmitbot_vision/stop_sign_control) by extensions ['ignore', 'ignore_ament_install']
[0.285s] Level 1:colcon.colcon_core.package_identification:_identify(src/rmitbot_vision/stop_sign_control) by extension 'ignore'
[0.285s] Level 1:colcon.colcon_core.package_identification:_identify(src/rmitbot_vision/stop_sign_control) by extension 'ignore_ament_install'
[0.285s] Level 1:colcon.colcon_core.package_identification:_identify(src/rmitbot_vision/stop_sign_control) by extensions ['colcon_pkg']
[0.285s] Level 1:colcon.colcon_core.package_identification:_identify(src/rmitbot_vision/stop_sign_control) by extension 'colcon_pkg'
[0.285s] Level 1:colcon.colcon_core.package_identification:_identify(src/rmitbot_vision/stop_sign_control) by extensions ['colcon_meta']
[0.285s] Level 1:colcon.colcon_core.package_identification:_identify(src/rmitbot_vision/stop_sign_control) by extension 'colcon_meta'
[0.285s] Level 1:colcon.colcon_core.package_identification:_identify(src/rmitbot_vision/stop_sign_control) by extensions ['ros']
[0.285s] Level 1:colcon.colcon_core.package_identification:_identify(src/rmitbot_vision/stop_sign_control) by extension 'ros'
[0.286s] DEBUG:colcon.colcon_core.package_identification:Package 'src/rmitbot_vision/stop_sign_control' with type 'ros.ament_python' and name 'stop_sign_control'
[0.287s] Level 1:colcon.colcon_core.package_identification:_identify(src/rmitbot_vision/vision_opencv) by extensions ['ignore', 'ignore_ament_install']
[0.287s] Level 1:colcon.colcon_core.package_identification:_identify(src/rmitbot_vision/vision_opencv) by extension 'ignore'
[0.287s] Level 1:colcon.colcon_core.package_identification:_identify(src/rmitbot_vision/vision_opencv) by extension 'ignore_ament_install'
[0.287s] Level 1:colcon.colcon_core.package_identification:_identify(src/rmitbot_vision/vision_opencv) by extensions ['colcon_pkg']
[0.287s] Level 1:colcon.colcon_core.package_identification:_identify(src/rmitbot_vision/vision_opencv) by extension 'colcon_pkg'
[0.287s] Level 1:colcon.colcon_core.package_identification:_identify(src/rmitbot_vision/vision_opencv) by extensions ['colcon_meta']
[0.287s] Level 1:colcon.colcon_core.package_identification:_identify(src/rmitbot_vision/vision_opencv) by extension 'colcon_meta'
[0.287s] Level 1:colcon.colcon_core.package_identification:_identify(src/rmitbot_vision/vision_opencv) by extensions ['ros']
[0.287s] Level 1:colcon.colcon_core.package_identification:_identify(src/rmitbot_vision/vision_opencv) by extension 'ros'
[0.287s] Level 1:colcon.colcon_core.package_identification:_identify(src/rmitbot_vision/vision_opencv) by extensions ['cmake', 'python']
[0.287s] Level 1:colcon.colcon_core.package_identification:_identify(src/rmitbot_vision/vision_opencv) by extension 'cmake'
[0.288s] Level 1:colcon.colcon_core.package_identification:_identify(src/rmitbot_vision/vision_opencv) by extension 'python'
[0.288s] Level 1:colcon.colcon_core.package_identification:_identify(src/rmitbot_vision/vision_opencv) by extensions ['python_setup_py']
[0.288s] Level 1:colcon.colcon_core.package_identification:_identify(src/rmitbot_vision/vision_opencv) by extension 'python_setup_py'
[0.288s] Level 1:colcon.colcon_core.package_identification:_identify(src/rmitbot_vision/vision_opencv/cv_bridge) by extensions ['ignore', 'ignore_ament_install']
[0.288s] Level 1:colcon.colcon_core.package_identification:_identify(src/rmitbot_vision/vision_opencv/cv_bridge) by extension 'ignore'
[0.288s] Level 1:colcon.colcon_core.package_identification:_identify(src/rmitbot_vision/vision_opencv/cv_bridge) by extension 'ignore_ament_install'
[0.288s] Level 1:colcon.colcon_core.package_identification:_identify(src/rmitbot_vision/vision_opencv/cv_bridge) by extensions ['colcon_pkg']
[0.288s] Level 1:colcon.colcon_core.package_identification:_identify(src/rmitbot_vision/vision_opencv/cv_bridge) by extension 'colcon_pkg'
[0.288s] Level 1:colcon.colcon_core.package_identification:_identify(src/rmitbot_vision/vision_opencv/cv_bridge) by extensions ['colcon_meta']
[0.288s] Level 1:colcon.colcon_core.package_identification:_identify(src/rmitbot_vision/vision_opencv/cv_bridge) by extension 'colcon_meta'
[0.289s] Level 1:colcon.colcon_core.package_identification:_identify(src/rmitbot_vision/vision_opencv/cv_bridge) by extensions ['ros']
[0.289s] Level 1:colcon.colcon_core.package_identification:_identify(src/rmitbot_vision/vision_opencv/cv_bridge) by extension 'ros'
[0.290s] DEBUG:colcon.colcon_core.package_identification:Package 'src/rmitbot_vision/vision_opencv/cv_bridge' with type 'ros.ament_cmake' and name 'cv_bridge'
[0.290s] Level 1:colcon.colcon_core.package_identification:_identify(src/rmitbot_vision/vision_opencv/image_geometry) by extensions ['ignore', 'ignore_ament_install']
[0.290s] Level 1:colcon.colcon_core.package_identification:_identify(src/rmitbot_vision/vision_opencv/image_geometry) by extension 'ignore'
[0.290s] Level 1:colcon.colcon_core.package_identification:_identify(src/rmitbot_vision/vision_opencv/image_geometry) by extension 'ignore_ament_install'
[0.291s] Level 1:colcon.colcon_core.package_identification:_identify(src/rmitbot_vision/vision_opencv/image_geometry) by extensions ['colcon_pkg']
[0.291s] Level 1:colcon.colcon_core.package_identification:_identify(src/rmitbot_vision/vision_opencv/image_geometry) by extension 'colcon_pkg'
[0.291s] Level 1:colcon.colcon_core.package_identification:_identify(src/rmitbot_vision/vision_opencv/image_geometry) by extensions ['colcon_meta']
[0.291s] Level 1:colcon.colcon_core.package_identification:_identify(src/rmitbot_vision/vision_opencv/image_geometry) by extension 'colcon_meta'
[0.291s] Level 1:colcon.colcon_core.package_identification:_identify(src/rmitbot_vision/vision_opencv/image_geometry) by extensions ['ros']
[0.291s] Level 1:colcon.colcon_core.package_identification:_identify(src/rmitbot_vision/vision_opencv/image_geometry) by extension 'ros'
[0.292s] DEBUG:colcon.colcon_core.package_identification:Package 'src/rmitbot_vision/vision_opencv/image_geometry' with type 'ros.ament_cmake' and name 'image_geometry'
[0.292s] Level 1:colcon.colcon_core.package_identification:_identify(src/rmitbot_vision/vision_opencv/vision_opencv) by extensions ['ignore', 'ignore_ament_install']
[0.292s] Level 1:colcon.colcon_core.package_identification:_identify(src/rmitbot_vision/vision_opencv/vision_opencv) by extension 'ignore'
[0.292s] Level 1:colcon.colcon_core.package_identification:_identify(src/rmitbot_vision/vision_opencv/vision_opencv) by extension 'ignore_ament_install'
[0.292s] Level 1:colcon.colcon_core.package_identification:_identify(src/rmitbot_vision/vision_opencv/vision_opencv) by extensions ['colcon_pkg']
[0.292s] Level 1:colcon.colcon_core.package_identification:_identify(src/rmitbot_vision/vision_opencv/vision_opencv) by extension 'colcon_pkg'
[0.293s] Level 1:colcon.colcon_core.package_identification:_identify(src/rmitbot_vision/vision_opencv/vision_opencv) by extensions ['colcon_meta']
[0.293s] Level 1:colcon.colcon_core.package_identification:_identify(src/rmitbot_vision/vision_opencv/vision_opencv) by extension 'colcon_meta'
[0.293s] Level 1:colcon.colcon_core.package_identification:_identify(src/rmitbot_vision/vision_opencv/vision_opencv) by extensions ['ros']
[0.293s] Level 1:colcon.colcon_core.package_identification:_identify(src/rmitbot_vision/vision_opencv/vision_opencv) by extension 'ros'
[0.294s] DEBUG:colcon.colcon_core.package_identification:Package 'src/rmitbot_vision/vision_opencv/vision_opencv' with type 'ros.ament_cmake' and name 'vision_opencv'
[0.294s] Level 1:colcon.colcon_core.package_discovery:discover_packages(recursive) using defaults
[0.294s] Level 1:colcon.colcon_core.package_discovery:discover_packages(ignore) discover
[0.294s] Level 1:colcon.colcon_core.package_discovery:discover_packages(ignore) using defaults
[0.294s] Level 1:colcon.colcon_core.package_discovery:discover_packages(path) discover
[0.294s] Level 1:colcon.colcon_core.package_discovery:discover_packages(path) using defaults
[0.333s] Level 5:colcon.colcon_core.verb:set package 'Darknet' build argument 'cmake_args' from command line to 'None'
[0.333s] Level 5:colcon.colcon_core.verb:set package 'Darknet' build argument 'cmake_target' from command line to 'None'
[0.333s] Level 5:colcon.colcon_core.verb:set package 'Darknet' build argument 'cmake_target_skip_unavailable' from command line to 'False'
[0.333s] Level 5:colcon.colcon_core.verb:set package 'Darknet' build argument 'cmake_clean_cache' from command line to 'False'
[0.334s] Level 5:colcon.colcon_core.verb:set package 'Darknet' build argument 'cmake_clean_first' from command line to 'False'
[0.334s] Level 5:colcon.colcon_core.verb:set package 'Darknet' build argument 'cmake_force_configure' from command line to 'False'
[0.334s] Level 5:colcon.colcon_core.verb:set package 'Darknet' build argument 'ament_cmake_args' from command line to 'None'
[0.334s] Level 5:colcon.colcon_core.verb:set package 'Darknet' build argument 'catkin_cmake_args' from command line to 'None'
[0.334s] Level 5:colcon.colcon_core.verb:set package 'Darknet' build argument 'catkin_skip_building_tests' from command line to 'False'
[0.334s] DEBUG:colcon.colcon_core.verb:Building package 'Darknet' with the following arguments: {'ament_cmake_args': None, 'build_base': '/home/ngan/Documents/test_github/lesson6_ws/build/Darknet', 'catkin_cmake_args': None, 'catkin_skip_building_tests': False, 'cmake_args': None, 'cmake_clean_cache': False, 'cmake_clean_first': False, 'cmake_force_configure': False, 'cmake_target': None, 'cmake_target_skip_unavailable': False, 'install_base': '/home/ngan/Documents/test_github/lesson6_ws/install/Darknet', 'merge_install': False, 'path': '/home/ngan/Documents/test_github/lesson6_ws/src/rmitbot_vision/darknet_ros/darknet_ros/darknet', 'symlink_install': False, 'test_result_base': None}
[0.335s] Level 5:colcon.colcon_core.verb:set package 'cv_bridge' build argument 'cmake_args' from command line to 'None'
[0.335s] Level 5:colcon.colcon_core.verb:set package 'cv_bridge' build argument 'cmake_target' from command line to 'None'
[0.335s] Level 5:colcon.colcon_core.verb:set package 'cv_bridge' build argument 'cmake_target_skip_unavailable' from command line to 'False'
[0.335s] Level 5:colcon.colcon_core.verb:set package 'cv_bridge' build argument 'cmake_clean_cache' from command line to 'False'
[0.335s] Level 5:colcon.colcon_core.verb:set package 'cv_bridge' build argument 'cmake_clean_first' from command line to 'False'
[0.335s] Level 5:colcon.colcon_core.verb:set package 'cv_bridge' build argument 'cmake_force_configure' from command line to 'False'
[0.335s] Level 5:colcon.colcon_core.verb:set package 'cv_bridge' build argument 'ament_cmake_args' from command line to 'None'
[0.335s] Level 5:colcon.colcon_core.verb:set package 'cv_bridge' build argument 'catkin_cmake_args' from command line to 'None'
[0.335s] Level 5:colcon.colcon_core.verb:set package 'cv_bridge' build argument 'catkin_skip_building_tests' from command line to 'False'
[0.335s] DEBUG:colcon.colcon_core.verb:Building package 'cv_bridge' with the following arguments: {'ament_cmake_args': None, 'build_base': '/home/ngan/Documents/test_github/lesson6_ws/build/cv_bridge', 'catkin_cmake_args': None, 'catkin_skip_building_tests': False, 'cmake_args': None, 'cmake_clean_cache': False, 'cmake_clean_first': False, 'cmake_force_configure': False, 'cmake_target': None, 'cmake_target_skip_unavailable': False, 'install_base': '/home/ngan/Documents/test_github/lesson6_ws/install/cv_bridge', 'merge_install': False, 'path': '/home/ngan/Documents/test_github/lesson6_ws/src/rmitbot_vision/vision_opencv/cv_bridge', 'symlink_install': False, 'test_result_base': None}
[0.337s] Level 5:colcon.colcon_core.verb:set package 'darknet_ros_msgs' build argument 'cmake_args' from command line to 'None'
[0.337s] Level 5:colcon.colcon_core.verb:set package 'darknet_ros_msgs' build argument 'cmake_target' from command line to 'None'
[0.338s] Level 5:colcon.colcon_core.verb:set package 'darknet_ros_msgs' build argument 'cmake_target_skip_unavailable' from command line to 'False'
[0.338s] Level 5:colcon.colcon_core.verb:set package 'darknet_ros_msgs' build argument 'cmake_clean_cache' from command line to 'False'
[0.338s] Level 5:colcon.colcon_core.verb:set package 'darknet_ros_msgs' build argument 'cmake_clean_first' from command line to 'False'
[0.338s] Level 5:colcon.colcon_core.verb:set package 'darknet_ros_msgs' build argument 'cmake_force_configure' from command line to 'False'
[0.338s] Level 5:colcon.colcon_core.verb:set package 'darknet_ros_msgs' build argument 'ament_cmake_args' from command line to 'None'
[0.338s] Level 5:colcon.colcon_core.verb:set package 'darknet_ros_msgs' build argument 'catkin_cmake_args' from command line to 'None'
[0.338s] Level 5:colcon.colcon_core.verb:set package 'darknet_ros_msgs' build argument 'catkin_skip_building_tests' from command line to 'False'
[0.338s] DEBUG:colcon.colcon_core.verb:Building package 'darknet_ros_msgs' with the following arguments: {'ament_cmake_args': None, 'build_base': '/home/ngan/Documents/test_github/lesson6_ws/build/darknet_ros_msgs', 'catkin_cmake_args': None, 'catkin_skip_building_tests': False, 'cmake_args': None, 'cmake_clean_cache': False, 'cmake_clean_first': False, 'cmake_force_configure': False, 'cmake_target': None, 'cmake_target_skip_unavailable': False, 'install_base': '/home/ngan/Documents/test_github/lesson6_ws/install/darknet_ros_msgs', 'merge_install': False, 'path': '/home/ngan/Documents/test_github/lesson6_ws/src/rmitbot_vision/darknet_ros/darknet_ros/darknet_ros_msgs', 'symlink_install': False, 'test_result_base': None}
[0.339s] Level 5:colcon.colcon_core.verb:set package 'image_geometry' build argument 'cmake_args' from command line to 'None'
[0.339s] Level 5:colcon.colcon_core.verb:set package 'image_geometry' build argument 'cmake_target' from command line to 'None'
[0.339s] Level 5:colcon.colcon_core.verb:set package 'image_geometry' build argument 'cmake_target_skip_unavailable' from command line to 'False'
[0.339s] Level 5:colcon.colcon_core.verb:set package 'image_geometry' build argument 'cmake_clean_cache' from command line to 'False'
[0.339s] Level 5:colcon.colcon_core.verb:set package 'image_geometry' build argument 'cmake_clean_first' from command line to 'False'
[0.339s] Level 5:colcon.colcon_core.verb:set package 'image_geometry' build argument 'cmake_force_configure' from command line to 'False'
[0.339s] Level 5:colcon.colcon_core.verb:set package 'image_geometry' build argument 'ament_cmake_args' from command line to 'None'
[0.339s] Level 5:colcon.colcon_core.verb:set package 'image_geometry' build argument 'catkin_cmake_args' from command line to 'None'
[0.339s] Level 5:colcon.colcon_core.verb:set package 'image_geometry' build argument 'catkin_skip_building_tests' from command line to 'False'
[0.339s] DEBUG:colcon.colcon_core.verb:Building package 'image_geometry' with the following arguments: {'ament_cmake_args': None, 'build_base': '/home/ngan/Documents/test_github/lesson6_ws/build/image_geometry', 'catkin_cmake_args': None, 'catkin_skip_building_tests': False, 'cmake_args': None, 'cmake_clean_cache': False, 'cmake_clean_first': False, 'cmake_force_configure': False, 'cmake_target': None, 'cmake_target_skip_unavailable': False, 'install_base': '/home/ngan/Documents/test_github/lesson6_ws/install/image_geometry', 'merge_install': False, 'path': '/home/ngan/Documents/test_github/lesson6_ws/src/rmitbot_vision/vision_opencv/image_geometry', 'symlink_install': False, 'test_result_base': None}
[0.339s] Level 5:colcon.colcon_core.verb:set package 'rmitbot_bringup' build argument 'cmake_args' from command line to 'None'
[0.340s] Level 5:colcon.colcon_core.verb:set package 'rmitbot_bringup' build argument 'cmake_target' from command line to 'None'
[0.340s] Level 5:colcon.colcon_core.verb:set package 'rmitbot_bringup' build argument 'cmake_target_skip_unavailable' from command line to 'False'
[0.340s] Level 5:colcon.colcon_core.verb:set package 'rmitbot_bringup' build argument 'cmake_clean_cache' from command line to 'False'
[0.340s] Level 5:colcon.colcon_core.verb:set package 'rmitbot_bringup' build argument 'cmake_clean_first' from command line to 'False'
[0.340s] Level 5:colcon.colcon_core.verb:set package 'rmitbot_bringup' build argument 'cmake_force_configure' from command line to 'False'
[0.340s] Level 5:colcon.colcon_core.verb:set package 'rmitbot_bringup' build argument 'ament_cmake_args' from command line to 'None'
[0.340s] Level 5:colcon.colcon_core.verb:set package 'rmitbot_bringup' build argument 'catkin_cmake_args' from command line to 'None'
[0.340s] Level 5:colcon.colcon_core.verb:set package 'rmitbot_bringup' build argument 'catkin_skip_building_tests' from command line to 'False'
[0.340s] DEBUG:colcon.colcon_core.verb:Building package 'rmitbot_bringup' with the following arguments: {'ament_cmake_args': None, 'build_base': '/home/ngan/Documents/test_github/lesson6_ws/build/rmitbot_bringup', 'catkin_cmake_args': None, 'catkin_skip_building_tests': False, 'cmake_args': None, 'cmake_clean_cache': False, 'cmake_clean_first': False, 'cmake_force_configure': False, 'cmake_target': None, 'cmake_target_skip_unavailable': False, 'install_base': '/home/ngan/Documents/test_github/lesson6_ws/install/rmitbot_bringup', 'merge_install': False, 'path': '/home/ngan/Documents/test_github/lesson6_ws/src/rmitbot_bringup', 'symlink_install': False, 'test_result_base': None}
[0.341s] Level 5:colcon.colcon_core.verb:set package 'rmitbot_controller' build argument 'cmake_args' from command line to 'None'
[0.341s] Level 5:colcon.colcon_core.verb:set package 'rmitbot_controller' build argument 'cmake_target' from command line to 'None'
[0.341s] Level 5:colcon.colcon_core.verb:set package 'rmitbot_controller' build argument 'cmake_target_skip_unavailable' from command line to 'False'
[0.341s] Level 5:colcon.colcon_core.verb:set package 'rmitbot_controller' build argument 'cmake_clean_cache' from command line to 'False'
[0.341s] Level 5:colcon.colcon_core.verb:set package 'rmitbot_controller' build argument 'cmake_clean_first' from command line to 'False'
[0.341s] Level 5:colcon.colcon_core.verb:set package 'rmitbot_controller' build argument 'cmake_force_configure' from command line to 'False'
[0.341s] Level 5:colcon.colcon_core.verb:set package 'rmitbot_controller' build argument 'ament_cmake_args' from command line to 'None'
[0.342s] Level 5:colcon.colcon_core.verb:set package 'rmitbot_controller' build argument 'catkin_cmake_args' from command line to 'None'
[0.342s] Level 5:colcon.colcon_core.verb:set package 'rmitbot_controller' build argument 'catkin_skip_building_tests' from command line to 'False'
[0.342s] DEBUG:colcon.colcon_core.verb:Building package 'rmitbot_controller' with the following arguments: {'ament_cmake_args': None, 'build_base': '/home/ngan/Documents/test_github/lesson6_ws/build/rmitbot_controller', 'catkin_cmake_args': None, 'catkin_skip_building_tests': False, 'cmake_args': None, 'cmake_clean_cache': False, 'cmake_clean_first': False, 'cmake_force_configure': False, 'cmake_target': None, 'cmake_target_skip_unavailable': False, 'install_base': '/home/ngan/Documents/test_github/lesson6_ws/install/rmitbot_controller', 'merge_install': False, 'path': '/home/ngan/Documents/test_github/lesson6_ws/src/rmitbot_controller', 'symlink_install': False, 'test_result_base': None}
[0.343s] Level 5:colcon.colcon_core.verb:set package 'rmitbot_description' build argument 'cmake_args' from command line to 'None'
[0.343s] Level 5:colcon.colcon_core.verb:set package 'rmitbot_description' build argument 'cmake_target' from command line to 'None'
[0.343s] Level 5:colcon.colcon_core.verb:set package 'rmitbot_description' build argument 'cmake_target_skip_unavailable' from command line to 'False'
[0.343s] Level 5:colcon.colcon_core.verb:set package 'rmitbot_description' build argument 'cmake_clean_cache' from command line to 'False'
[0.343s] Level 5:colcon.colcon_core.verb:set package 'rmitbot_description' build argument 'cmake_clean_first' from command line to 'False'
[0.343s] Level 5:colcon.colcon_core.verb:set package 'rmitbot_description' build argument 'cmake_force_configure' from command line to 'False'
[0.343s] Level 5:colcon.colcon_core.verb:set package 'rmitbot_description' build argument 'ament_cmake_args' from command line to 'None'
[0.343s] Level 5:colcon.colcon_core.verb:set package 'rmitbot_description' build argument 'catkin_cmake_args' from command line to 'None'
[0.343s] Level 5:colcon.colcon_core.verb:set package 'rmitbot_description' build argument 'catkin_skip_building_tests' from command line to 'False'
[0.343s] DEBUG:colcon.colcon_core.verb:Building package 'rmitbot_description' with the following arguments: {'ament_cmake_args': None, 'build_base': '/home/ngan/Documents/test_github/lesson6_ws/build/rmitbot_description', 'catkin_cmake_args': None, 'catkin_skip_building_tests': False, 'cmake_args': None, 'cmake_clean_cache': False, 'cmake_clean_first': False, 'cmake_force_configure': False, 'cmake_target': None, 'cmake_target_skip_unavailable': False, 'install_base': '/home/ngan/Documents/test_github/lesson6_ws/install/rmitbot_description', 'merge_install': False, 'path': '/home/ngan/Documents/test_github/lesson6_ws/src/rmitbot_description', 'symlink_install': False, 'test_result_base': None}
[0.343s] Level 5:colcon.colcon_core.verb:set package 'rmitbot_firmware' build argument 'cmake_args' from command line to 'None'
[0.344s] Level 5:colcon.colcon_core.verb:set package 'rmitbot_firmware' build argument 'cmake_target' from command line to 'None'
[0.344s] Level 5:colcon.colcon_core.verb:set package 'rmitbot_firmware' build argument 'cmake_target_skip_unavailable' from command line to 'False'
[0.344s] Level 5:colcon.colcon_core.verb:set package 'rmitbot_firmware' build argument 'cmake_clean_cache' from command line to 'False'
[0.344s] Level 5:colcon.colcon_core.verb:set package 'rmitbot_firmware' build argument 'cmake_clean_first' from command line to 'False'
[0.344s] Level 5:colcon.colcon_core.verb:set package 'rmitbot_firmware' build argument 'cmake_force_configure' from command line to 'False'
[0.344s] Level 5:colcon.colcon_core.verb:set package 'rmitbot_firmware' build argument 'ament_cmake_args' from command line to 'None'
[0.344s] Level 5:colcon.colcon_core.verb:set package 'rmitbot_firmware' build argument 'catkin_cmake_args' from command line to 'None'
[0.344s] Level 5:colcon.colcon_core.verb:set package 'rmitbot_firmware' build argument 'catkin_skip_building_tests' from command line to 'False'
[0.344s] DEBUG:colcon.colcon_core.verb:Building package 'rmitbot_firmware' with the following arguments: {'ament_cmake_args': None, 'build_base': '/home/ngan/Documents/test_github/lesson6_ws/build/rmitbot_firmware', 'catkin_cmake_args': None, 'catkin_skip_building_tests': False, 'cmake_args': None, 'cmake_clean_cache': False, 'cmake_clean_first': False, 'cmake_force_configure': False, 'cmake_target': None, 'cmake_target_skip_unavailable': False, 'install_base': '/home/ngan/Documents/test_github/lesson6_ws/install/rmitbot_firmware', 'merge_install': False, 'path': '/home/ngan/Documents/test_github/lesson6_ws/src/rmitbot_firmware', 'symlink_install': False, 'test_result_base': None}
[0.344s] Level 5:colcon.colcon_core.verb:set package 'rmitbot_localization' build argument 'cmake_args' from command line to 'None'
[0.344s] Level 5:colcon.colcon_core.verb:set package 'rmitbot_localization' build argument 'cmake_target' from command line to 'None'
[0.344s] Level 5:colcon.colcon_core.verb:set package 'rmitbot_localization' build argument 'cmake_target_skip_unavailable' from command line to 'False'
[0.344s] Level 5:colcon.colcon_core.verb:set package 'rmitbot_localization' build argument 'cmake_clean_cache' from command line to 'False'
[0.344s] Level 5:colcon.colcon_core.verb:set package 'rmitbot_localization' build argument 'cmake_clean_first' from command line to 'False'
[0.344s] Level 5:colcon.colcon_core.verb:set package 'rmitbot_localization' build argument 'cmake_force_configure' from command line to 'False'
[0.345s] Level 5:colcon.colcon_core.verb:set package 'rmitbot_localization' build argument 'ament_cmake_args' from command line to 'None'
[0.345s] Level 5:colcon.colcon_core.verb:set package 'rmitbot_localization' build argument 'catkin_cmake_args' from command line to 'None'
[0.345s] Level 5:colcon.colcon_core.verb:set package 'rmitbot_localization' build argument 'catkin_skip_building_tests' from command line to 'False'
[0.345s] DEBUG:colcon.colcon_core.verb:Building package 'rmitbot_localization' with the following arguments: {'ament_cmake_args': None, 'build_base': '/home/ngan/Documents/test_github/lesson6_ws/build/rmitbot_localization', 'catkin_cmake_args': None, 'catkin_skip_building_tests': False, 'cmake_args': None, 'cmake_clean_cache': False, 'cmake_clean_first': False, 'cmake_force_configure': False, 'cmake_target': None, 'cmake_target_skip_unavailable': False, 'install_base': '/home/ngan/Documents/test_github/lesson6_ws/install/rmitbot_localization', 'merge_install': False, 'path': '/home/ngan/Documents/test_github/lesson6_ws/src/rmitbot_localization', 'symlink_install': False, 'test_result_base': None}
[0.345s] Level 5:colcon.colcon_core.verb:set package 'rmitbot_mapping' build argument 'cmake_args' from command line to 'None'
[0.345s] Level 5:colcon.colcon_core.verb:set package 'rmitbot_mapping' build argument 'cmake_target' from command line to 'None'
[0.345s] Level 5:colcon.colcon_core.verb:set package 'rmitbot_mapping' build argument 'cmake_target_skip_unavailable' from command line to 'False'
[0.345s] Level 5:colcon.colcon_core.verb:set package 'rmitbot_mapping' build argument 'cmake_clean_cache' from command line to 'False'
[0.345s] Level 5:colcon.colcon_core.verb:set package 'rmitbot_mapping' build argument 'cmake_clean_first' from command line to 'False'
[0.345s] Level 5:colcon.colcon_core.verb:set package 'rmitbot_mapping' build argument 'cmake_force_configure' from command line to 'False'
[0.345s] Level 5:colcon.colcon_core.verb:set package 'rmitbot_mapping' build argument 'ament_cmake_args' from command line to 'None'
[0.345s] Level 5:colcon.colcon_core.verb:set package 'rmitbot_mapping' build argument 'catkin_cmake_args' from command line to 'None'
[0.345s] Level 5:colcon.colcon_core.verb:set package 'rmitbot_mapping' build argument 'catkin_skip_building_tests' from command line to 'False'
[0.345s] DEBUG:colcon.colcon_core.verb:Building package 'rmitbot_mapping' with the following arguments: {'ament_cmake_args': None, 'build_base': '/home/ngan/Documents/test_github/lesson6_ws/build/rmitbot_mapping', 'catkin_cmake_args': None, 'catkin_skip_building_tests': False, 'cmake_args': None, 'cmake_clean_cache': False, 'cmake_clean_first': False, 'cmake_force_configure': False, 'cmake_target': None, 'cmake_target_skip_unavailable': False, 'install_base': '/home/ngan/Documents/test_github/lesson6_ws/install/rmitbot_mapping', 'merge_install': False, 'path': '/home/ngan/Documents/test_github/lesson6_ws/src/rmitbot_mapping', 'symlink_install': False, 'test_result_base': None}
[0.346s] Level 5:colcon.colcon_core.verb:set package 'darknet_ros' build argument 'cmake_args' from command line to 'None'
[0.346s] Level 5:colcon.colcon_core.verb:set package 'darknet_ros' build argument 'cmake_target' from command line to 'None'
[0.346s] Level 5:colcon.colcon_core.verb:set package 'darknet_ros' build argument 'cmake_target_skip_unavailable' from command line to 'False'
[0.346s] Level 5:colcon.colcon_core.verb:set package 'darknet_ros' build argument 'cmake_clean_cache' from command line to 'False'
[0.346s] Level 5:colcon.colcon_core.verb:set package 'darknet_ros' build argument 'cmake_clean_first' from command line to 'False'
[0.346s] Level 5:colcon.colcon_core.verb:set package 'darknet_ros' build argument 'cmake_force_configure' from command line to 'False'
[0.346s] Level 5:colcon.colcon_core.verb:set package 'darknet_ros' build argument 'ament_cmake_args' from command line to 'None'
[0.346s] Level 5:colcon.colcon_core.verb:set package 'darknet_ros' build argument 'catkin_cmake_args' from command line to 'None'
[0.346s] Level 5:colcon.colcon_core.verb:set package 'darknet_ros' build argument 'catkin_skip_building_tests' from command line to 'False'
[0.346s] DEBUG:colcon.colcon_core.verb:Building package 'darknet_ros' with the following arguments: {'ament_cmake_args': None, 'build_base': '/home/ngan/Documents/test_github/lesson6_ws/build/darknet_ros', 'catkin_cmake_args': None, 'catkin_skip_building_tests': False, 'cmake_args': None, 'cmake_clean_cache': False, 'cmake_clean_first': False, 'cmake_force_configure': False, 'cmake_target': None, 'cmake_target_skip_unavailable': False, 'install_base': '/home/ngan/Documents/test_github/lesson6_ws/install/darknet_ros', 'merge_install': False, 'path': '/home/ngan/Documents/test_github/lesson6_ws/src/rmitbot_vision/darknet_ros/darknet_ros/darknet_ros', 'symlink_install': False, 'test_result_base': None}
[0.346s] Level 5:colcon.colcon_core.verb:set package 'stop_sign_control' build argument 'cmake_args' from command line to 'None'
[0.346s] Level 5:colcon.colcon_core.verb:set package 'stop_sign_control' build argument 'cmake_target' from command line to 'None'
[0.347s] Level 5:colcon.colcon_core.verb:set package 'stop_sign_control' build argument 'cmake_target_skip_unavailable' from command line to 'False'
[0.347s] Level 5:colcon.colcon_core.verb:set package 'stop_sign_control' build argument 'cmake_clean_cache' from command line to 'False'
[0.347s] Level 5:colcon.colcon_core.verb:set package 'stop_sign_control' build argument 'cmake_clean_first' from command line to 'False'
[0.347s] Level 5:colcon.colcon_core.verb:set package 'stop_sign_control' build argument 'cmake_force_configure' from command line to 'False'
[0.347s] Level 5:colcon.colcon_core.verb:set package 'stop_sign_control' build argument 'ament_cmake_args' from command line to 'None'
[0.347s] Level 5:colcon.colcon_core.verb:set package 'stop_sign_control' build argument 'catkin_cmake_args' from command line to 'None'
[0.347s] Level 5:colcon.colcon_core.verb:set package 'stop_sign_control' build argument 'catkin_skip_building_tests' from command line to 'False'
[0.347s] DEBUG:colcon.colcon_core.verb:Building package 'stop_sign_control' with the following arguments: {'ament_cmake_args': None, 'build_base': '/home/ngan/Documents/test_github/lesson6_ws/build/stop_sign_control', 'catkin_cmake_args': None, 'catkin_skip_building_tests': False, 'cmake_args': None, 'cmake_clean_cache': False, 'cmake_clean_first': False, 'cmake_force_configure': False, 'cmake_target': None, 'cmake_target_skip_unavailable': False, 'install_base': '/home/ngan/Documents/test_github/lesson6_ws/install/stop_sign_control', 'merge_install': False, 'path': '/home/ngan/Documents/test_github/lesson6_ws/src/rmitbot_vision/stop_sign_control', 'symlink_install': False, 'test_result_base': None}
[0.347s] Level 5:colcon.colcon_core.verb:set package 'vision_opencv' build argument 'cmake_args' from command line to 'None'
[0.347s] Level 5:colcon.colcon_core.verb:set package 'vision_opencv' build argument 'cmake_target' from command line to 'None'
[0.347s] Level 5:colcon.colcon_core.verb:set package 'vision_opencv' build argument 'cmake_target_skip_unavailable' from command line to 'False'
[0.347s] Level 5:colcon.colcon_core.verb:set package 'vision_opencv' build argument 'cmake_clean_cache' from command line to 'False'
[0.347s] Level 5:colcon.colcon_core.verb:set package 'vision_opencv' build argument 'cmake_clean_first' from command line to 'False'
[0.347s] Level 5:colcon.colcon_core.verb:set package 'vision_opencv' build argument 'cmake_force_configure' from command line to 'False'
[0.347s] Level 5:colcon.colcon_core.verb:set package 'vision_opencv' build argument 'ament_cmake_args' from command line to 'None'
[0.347s] Level 5:colcon.colcon_core.verb:set package 'vision_opencv' build argument 'catkin_cmake_args' from command line to 'None'
[0.347s] Level 5:colcon.colcon_core.verb:set package 'vision_opencv' build argument 'catkin_skip_building_tests' from command line to 'False'
[0.347s] DEBUG:colcon.colcon_core.verb:Building package 'vision_opencv' with the following arguments: {'ament_cmake_args': None, 'build_base': '/home/ngan/Documents/test_github/lesson6_ws/build/vision_opencv', 'catkin_cmake_args': None, 'catkin_skip_building_tests': False, 'cmake_args': None, 'cmake_clean_cache': False, 'cmake_clean_first': False, 'cmake_force_configure': False, 'cmake_target': None, 'cmake_target_skip_unavailable': False, 'install_base': '/home/ngan/Documents/test_github/lesson6_ws/install/vision_opencv', 'merge_install': False, 'path': '/home/ngan/Documents/test_github/lesson6_ws/src/rmitbot_vision/vision_opencv/vision_opencv', 'symlink_install': False, 'test_result_base': None}
[0.347s] INFO:colcon.colcon_core.executor:Executing jobs using 'parallel' executor
[0.349s] DEBUG:colcon.colcon_parallel_executor.executor.parallel:run_until_complete
[0.350s] INFO:colcon.colcon_ros.task.ament_cmake.build:Building ROS package in '/home/ngan/Documents/test_github/lesson6_ws/src/rmitbot_vision/vision_opencv/cv_bridge' with build type 'ament_cmake'
[0.350s] INFO:colcon.colcon_cmake.task.cmake.build:Building CMake package in '/home/ngan/Documents/test_github/lesson6_ws/src/rmitbot_vision/vision_opencv/cv_bridge'
[0.357s] INFO:colcon.colcon_core.plugin_system:Skipping extension 'colcon_core.shell.bat': Not used on non-Windows systems
[0.358s] DEBUG:colcon.colcon_core.shell:Skip shell extension 'dsv' for command environment
[0.370s] INFO:colcon.colcon_ros.task.ament_cmake.build:Building ROS package in '/home/ngan/Documents/test_github/lesson6_ws/src/rmitbot_vision/darknet_ros/darknet_ros/darknet_ros_msgs' with build type 'ament_cmake'
[0.370s] INFO:colcon.colcon_cmake.task.cmake.build:Building CMake package in '/home/ngan/Documents/test_github/lesson6_ws/src/rmitbot_vision/darknet_ros/darknet_ros/darknet_ros_msgs'
[0.371s] DEBUG:colcon.colcon_core.shell:Skip shell extension 'dsv' for command environment
[0.381s] INFO:colcon.colcon_ros.task.ament_cmake.build:Building ROS package in '/home/ngan/Documents/test_github/lesson6_ws/src/rmitbot_vision/vision_opencv/image_geometry' with build type 'ament_cmake'
[0.384s] INFO:colcon.colcon_cmake.task.cmake.build:Building CMake package in '/home/ngan/Documents/test_github/lesson6_ws/src/rmitbot_vision/vision_opencv/image_geometry'
[0.385s] DEBUG:colcon.colcon_core.shell:Skip shell extension 'dsv' for command environment
[0.404s] INFO:colcon.colcon_cmake.task.cmake.build:Building CMake package in '/home/ngan/Documents/test_github/lesson6_ws/src/rmitbot_vision/darknet_ros/darknet_ros/darknet'
[0.405s] DEBUG:colcon.colcon_core.shell:Skip shell extension 'dsv' for command environment
[0.456s] DEBUG:colcon.colcon_core.event_handler.log_command:Invoking command in '/home/ngan/Documents/test_github/lesson6_ws/build/cv_bridge': CMAKE_PREFIX_PATH=${CMAKE_PREFIX_PATH}:/home/ngan/Documents/test_github/lesson6_ws/install/stop_sign_control:/home/ngan/Documents/test_github/lesson6_ws/install/opencv_tests:/opt/ros/jazzy DEBUGINFOD_URLS=https://debuginfod.ubuntu.com /usr/bin/cmake --build /home/ngan/Documents/test_github/lesson6_ws/build/cv_bridge -- -j4 -l4
[0.466s] DEBUG:colcon.colcon_core.event_handler.log_command:Invoking command in '/home/ngan/Documents/test_github/lesson6_ws/build/darknet_ros_msgs': CMAKE_PREFIX_PATH=${CMAKE_PREFIX_PATH}:/home/ngan/Documents/test_github/lesson6_ws/install/stop_sign_control:/home/ngan/Documents/test_github/lesson6_ws/install/opencv_tests:/opt/ros/jazzy DEBUGINFOD_URLS=https://debuginfod.ubuntu.com /usr/bin/cmake --build /home/ngan/Documents/test_github/lesson6_ws/build/darknet_ros_msgs -- -j4 -l4
[0.476s] DEBUG:colcon.colcon_core.event_handler.log_command:Invoking command in '/home/ngan/Documents/test_github/lesson6_ws/build/image_geometry': CMAKE_PREFIX_PATH=${CMAKE_PREFIX_PATH}:/home/ngan/Documents/test_github/lesson6_ws/install/stop_sign_control:/home/ngan/Documents/test_github/lesson6_ws/install/opencv_tests:/opt/ros/jazzy DEBUGINFOD_URLS=https://debuginfod.ubuntu.com /usr/bin/cmake --build /home/ngan/Documents/test_github/lesson6_ws/build/image_geometry -- -j4 -l4
[0.508s] DEBUG:colcon.colcon_core.event_handler.log_command:Invoking command in '/home/ngan/Documents/test_github/lesson6_ws/build/Darknet': DEBUGINFOD_URLS=https://debuginfod.ubuntu.com /usr/bin/cmake --build /home/ngan/Documents/test_github/lesson6_ws/build/Darknet -- -j4 -l4
[1.243s] DEBUG:colcon.colcon_core.event_handler.log_command:Invoked command in '/home/ngan/Documents/test_github/lesson6_ws/build/Darknet' returned '0': DEBUGINFOD_URLS=https://debuginfod.ubuntu.com /usr/bin/cmake --build /home/ngan/Documents/test_github/lesson6_ws/build/Darknet -- -j4 -l4
[1.280s] DEBUG:colcon.colcon_core.event_handler.log_command:Invoking command in '/home/ngan/Documents/test_github/lesson6_ws/build/Darknet': DEBUGINFOD_URLS=https://debuginfod.ubuntu.com /usr/bin/cmake --install /home/ngan/Documents/test_github/lesson6_ws/build/Darknet
[1.327s] Level 1:colcon.colcon_core.environment:create_environment_scripts_only(Darknet)
[1.331s] DEBUG:colcon.colcon_core.event_handler.log_command:Invoked command in '/home/ngan/Documents/test_github/lesson6_ws/build/Darknet' returned '0': DEBUGINFOD_URLS=https://debuginfod.ubuntu.com /usr/bin/cmake --install /home/ngan/Documents/test_github/lesson6_ws/build/Darknet
[1.334s] Level 1:colcon.colcon_core.environment:checking '/home/ngan/Documents/test_github/lesson6_ws/install/Darknet' for CMake module files
[1.335s] Level 1:colcon.colcon_core.environment:checking '/home/ngan/Documents/test_github/lesson6_ws/install/Darknet' for CMake config files
[1.335s] Level 1:colcon.colcon_core.shell:create_environment_hook('Darknet', 'cmake_prefix_path')
[1.336s] INFO:colcon.colcon_core.shell:Creating environment descriptor '/home/ngan/Documents/test_github/lesson6_ws/install/Darknet/share/Darknet/hook/cmake_prefix_path.dsv'
[1.337s] INFO:colcon.colcon_core.shell:Creating environment hook '/home/ngan/Documents/test_github/lesson6_ws/install/Darknet/share/Darknet/hook/cmake_prefix_path.sh'
[1.339s] Level 1:colcon.colcon_core.environment:checking '/home/ngan/Documents/test_github/lesson6_ws/install/Darknet/bin'
[1.339s] Level 1:colcon.colcon_core.environment:checking '/home/ngan/Documents/test_github/lesson6_ws/install/Darknet/lib/pkgconfig/Darknet.pc'
[1.351s] Level 1:colcon.colcon_core.environment:checking '/home/ngan/Documents/test_github/lesson6_ws/install/Darknet/lib/python3.12/site-packages'
[1.354s] Level 1:colcon.colcon_core.environment:checking '/home/ngan/Documents/test_github/lesson6_ws/install/Darknet/bin'
[1.356s] INFO:colcon.colcon_core.shell:Creating package descriptor '/home/ngan/Documents/test_github/lesson6_ws/install/Darknet/share/Darknet/package.dsv'
[1.358s] INFO:colcon.colcon_core.shell:Creating package script '/home/ngan/Documents/test_github/lesson6_ws/install/Darknet/share/Darknet/package.sh'
[1.375s] INFO:colcon.colcon_core.shell:Creating package script '/home/ngan/Documents/test_github/lesson6_ws/install/Darknet/share/Darknet/package.bash'
[1.377s] INFO:colcon.colcon_core.shell:Creating package script '/home/ngan/Documents/test_github/lesson6_ws/install/Darknet/share/Darknet/package.zsh'
[1.384s] Level 1:colcon.colcon_core.environment:create_file_with_runtime_dependencies(/home/ngan/Documents/test_github/lesson6_ws/install/Darknet/share/colcon-core/packages/Darknet)
[1.388s] INFO:colcon.colcon_ros.task.ament_cmake.build:Building ROS package in '/home/ngan/Documents/test_github/lesson6_ws/src/rmitbot_bringup' with build type 'ament_cmake'
[1.388s] INFO:colcon.colcon_cmake.task.cmake.build:Building CMake package in '/home/ngan/Documents/test_github/lesson6_ws/src/rmitbot_bringup'
[1.389s] DEBUG:colcon.colcon_core.shell:Skip shell extension 'dsv' for command environment
[1.461s] DEBUG:colcon.colcon_core.event_handler.log_command:Invoking command in '/home/ngan/Documents/test_github/lesson6_ws/build/rmitbot_bringup': CMAKE_PREFIX_PATH=${CMAKE_PREFIX_PATH}:/home/ngan/Documents/test_github/lesson6_ws/install/stop_sign_control:/home/ngan/Documents/test_github/lesson6_ws/install/opencv_tests:/opt/ros/jazzy DEBUGINFOD_URLS=https://debuginfod.ubuntu.com /usr/bin/cmake --build /home/ngan/Documents/test_github/lesson6_ws/build/rmitbot_bringup -- -j4 -l4
[1.687s] DEBUG:colcon.colcon_core.event_handler.log_command:Invoked command in '/home/ngan/Documents/test_github/lesson6_ws/build/rmitbot_bringup' returned '0': CMAKE_PREFIX_PATH=${CMAKE_PREFIX_PATH}:/home/ngan/Documents/test_github/lesson6_ws/install/stop_sign_control:/home/ngan/Documents/test_github/lesson6_ws/install/opencv_tests:/opt/ros/jazzy DEBUGINFOD_URLS=https://debuginfod.ubuntu.com /usr/bin/cmake --build /home/ngan/Documents/test_github/lesson6_ws/build/rmitbot_bringup -- -j4 -l4
[1.692s] DEBUG:colcon.colcon_core.event_handler.log_command:Invoking command in '/home/ngan/Documents/test_github/lesson6_ws/build/rmitbot_bringup': CMAKE_PREFIX_PATH=${CMAKE_PREFIX_PATH}:/home/ngan/Documents/test_github/lesson6_ws/install/stop_sign_control:/home/ngan/Documents/test_github/lesson6_ws/install/opencv_tests:/opt/ros/jazzy DEBUGINFOD_URLS=https://debuginfod.ubuntu.com /usr/bin/cmake --install /home/ngan/Documents/test_github/lesson6_ws/build/rmitbot_bringup
[1.720s] Level 1:colcon.colcon_core.environment:create_environment_scripts_only(rmitbot_bringup)
[1.720s] Level 1:colcon.colcon_core.environment:checking '/home/ngan/Documents/test_github/lesson6_ws/install/rmitbot_bringup' for CMake module files
[1.721s] Level 1:colcon.colcon_core.environment:checking '/home/ngan/Documents/test_github/lesson6_ws/install/rmitbot_bringup' for CMake config files
[1.722s] DEBUG:colcon.colcon_core.event_handler.log_command:Invoked command in '/home/ngan/Documents/test_github/lesson6_ws/build/rmitbot_bringup' returned '0': CMAKE_PREFIX_PATH=${CMAKE_PREFIX_PATH}:/home/ngan/Documents/test_github/lesson6_ws/install/stop_sign_control:/home/ngan/Documents/test_github/lesson6_ws/install/opencv_tests:/opt/ros/jazzy DEBUGINFOD_URLS=https://debuginfod.ubuntu.com /usr/bin/cmake --install /home/ngan/Documents/test_github/lesson6_ws/build/rmitbot_bringup
[1.723s] Level 1:colcon.colcon_core.shell:create_environment_hook('rmitbot_bringup', 'cmake_prefix_path')
[1.723s] INFO:colcon.colcon_core.shell:Creating environment descriptor '/home/ngan/Documents/test_github/lesson6_ws/install/rmitbot_bringup/share/rmitbot_bringup/hook/cmake_prefix_path.dsv'
[1.725s] INFO:colcon.colcon_core.shell:Creating environment hook '/home/ngan/Documents/test_github/lesson6_ws/install/rmitbot_bringup/share/rmitbot_bringup/hook/cmake_prefix_path.sh'
[1.727s] Level 1:colcon.colcon_core.environment:checking '/home/ngan/Documents/test_github/lesson6_ws/install/rmitbot_bringup/bin'
[1.727s] Level 1:colcon.colcon_core.environment:checking '/home/ngan/Documents/test_github/lesson6_ws/install/rmitbot_bringup/lib/pkgconfig/rmitbot_bringup.pc'
[1.728s] Level 1:colcon.colcon_core.environment:checking '/home/ngan/Documents/test_github/lesson6_ws/install/rmitbot_bringup/lib/python3.12/site-packages'
[1.728s] Level 1:colcon.colcon_core.environment:checking '/home/ngan/Documents/test_github/lesson6_ws/install/rmitbot_bringup/bin'
[1.728s] INFO:colcon.colcon_core.shell:Creating package descriptor '/home/ngan/Documents/test_github/lesson6_ws/install/rmitbot_bringup/share/rmitbot_bringup/package.dsv'
[1.729s] INFO:colcon.colcon_core.shell:Creating package script '/home/ngan/Documents/test_github/lesson6_ws/install/rmitbot_bringup/share/rmitbot_bringup/package.sh'
[1.732s] INFO:colcon.colcon_core.shell:Creating package script '/home/ngan/Documents/test_github/lesson6_ws/install/rmitbot_bringup/share/rmitbot_bringup/package.bash'
[1.733s] INFO:colcon.colcon_core.shell:Creating package script '/home/ngan/Documents/test_github/lesson6_ws/install/rmitbot_bringup/share/rmitbot_bringup/package.zsh'
[1.733s] Level 1:colcon.colcon_core.environment:create_file_with_runtime_dependencies(/home/ngan/Documents/test_github/lesson6_ws/install/rmitbot_bringup/share/colcon-core/packages/rmitbot_bringup)
[1.736s] Level 1:colcon.colcon_core.environment:create_environment_scripts_only(rmitbot_bringup)
[1.736s] Level 1:colcon.colcon_core.environment:checking '/home/ngan/Documents/test_github/lesson6_ws/install/rmitbot_bringup' for CMake module files
[1.742s] Level 1:colcon.colcon_core.environment:checking '/home/ngan/Documents/test_github/lesson6_ws/install/rmitbot_bringup' for CMake config files
[1.743s] Level 1:colcon.colcon_core.shell:create_environment_hook('rmitbot_bringup', 'cmake_prefix_path')
[1.744s] INFO:colcon.colcon_core.shell:Creating environment descriptor '/home/ngan/Documents/test_github/lesson6_ws/install/rmitbot_bringup/share/rmitbot_bringup/hook/cmake_prefix_path.dsv'
[1.747s] INFO:colcon.colcon_core.shell:Creating environment hook '/home/ngan/Documents/test_github/lesson6_ws/install/rmitbot_bringup/share/rmitbot_bringup/hook/cmake_prefix_path.sh'
[1.754s] Level 1:colcon.colcon_core.environment:checking '/home/ngan/Documents/test_github/lesson6_ws/install/rmitbot_bringup/bin'
[1.754s] Level 1:colcon.colcon_core.environment:checking '/home/ngan/Documents/test_github/lesson6_ws/install/rmitbot_bringup/lib/pkgconfig/rmitbot_bringup.pc'
[1.755s] Level 1:colcon.colcon_core.environment:checking '/home/ngan/Documents/test_github/lesson6_ws/install/rmitbot_bringup/lib/python3.12/site-packages'
[1.755s] Level 1:colcon.colcon_core.environment:checking '/home/ngan/Documents/test_github/lesson6_ws/install/rmitbot_bringup/bin'
[1.755s] INFO:colcon.colcon_core.shell:Creating package descriptor '/home/ngan/Documents/test_github/lesson6_ws/install/rmitbot_bringup/share/rmitbot_bringup/package.dsv'
[1.756s] INFO:colcon.colcon_core.shell:Creating package script '/home/ngan/Documents/test_github/lesson6_ws/install/rmitbot_bringup/share/rmitbot_bringup/package.sh'
[1.764s] INFO:colcon.colcon_core.shell:Creating package script '/home/ngan/Documents/test_github/lesson6_ws/install/rmitbot_bringup/share/rmitbot_bringup/package.bash'
[1.769s] INFO:colcon.colcon_core.shell:Creating package script '/home/ngan/Documents/test_github/lesson6_ws/install/rmitbot_bringup/share/rmitbot_bringup/package.zsh'
[1.775s] Level 1:colcon.colcon_core.environment:create_file_with_runtime_dependencies(/home/ngan/Documents/test_github/lesson6_ws/install/rmitbot_bringup/share/colcon-core/packages/rmitbot_bringup)
[1.776s] INFO:colcon.colcon_ros.task.ament_cmake.build:Building ROS package in '/home/ngan/Documents/test_github/lesson6_ws/src/rmitbot_controller' with build type 'ament_cmake'
[1.776s] INFO:colcon.colcon_cmake.task.cmake.build:Building CMake package in '/home/ngan/Documents/test_github/lesson6_ws/src/rmitbot_controller'
[1.776s] DEBUG:colcon.colcon_core.shell:Skip shell extension 'dsv' for command environment
[1.809s] DEBUG:colcon.colcon_core.event_handler.log_command:Invoking command in '/home/ngan/Documents/test_github/lesson6_ws/build/rmitbot_controller': CMAKE_PREFIX_PATH=${CMAKE_PREFIX_PATH}:/home/ngan/Documents/test_github/lesson6_ws/install/stop_sign_control:/home/ngan/Documents/test_github/lesson6_ws/install/opencv_tests:/opt/ros/jazzy DEBUGINFOD_URLS=https://debuginfod.ubuntu.com /usr/bin/cmake --build /home/ngan/Documents/test_github/lesson6_ws/build/rmitbot_controller -- -j4 -l4
[2.155s] DEBUG:colcon.colcon_core.event_handler.log_command:Invoked command in '/home/ngan/Documents/test_github/lesson6_ws/build/rmitbot_controller' returned '0': CMAKE_PREFIX_PATH=${CMAKE_PREFIX_PATH}:/home/ngan/Documents/test_github/lesson6_ws/install/stop_sign_control:/home/ngan/Documents/test_github/lesson6_ws/install/opencv_tests:/opt/ros/jazzy DEBUGINFOD_URLS=https://debuginfod.ubuntu.com /usr/bin/cmake --build /home/ngan/Documents/test_github/lesson6_ws/build/rmitbot_controller -- -j4 -l4
[2.173s] DEBUG:colcon.colcon_core.event_handler.log_command:Invoking command in '/home/ngan/Documents/test_github/lesson6_ws/build/rmitbot_controller': CMAKE_PREFIX_PATH=${CMAKE_PREFIX_PATH}:/home/ngan/Documents/test_github/lesson6_ws/install/stop_sign_control:/home/ngan/Documents/test_github/lesson6_ws/install/opencv_tests:/opt/ros/jazzy DEBUGINFOD_URLS=https://debuginfod.ubuntu.com /usr/bin/cmake --install /home/ngan/Documents/test_github/lesson6_ws/build/rmitbot_controller
[2.255s] Level 1:colcon.colcon_core.environment:create_environment_scripts_only(rmitbot_controller)
[2.257s] Level 1:colcon.colcon_core.environment:checking '/home/ngan/Documents/test_github/lesson6_ws/install/rmitbot_controller' for CMake module files
[2.257s] Level 1:colcon.colcon_core.environment:checking '/home/ngan/Documents/test_github/lesson6_ws/install/rmitbot_controller' for CMake config files
[2.258s] Level 1:colcon.colcon_core.shell:create_environment_hook('rmitbot_controller', 'cmake_prefix_path')
[2.260s] INFO:colcon.colcon_core.shell:Creating environment descriptor '/home/ngan/Documents/test_github/lesson6_ws/install/rmitbot_controller/share/rmitbot_controller/hook/cmake_prefix_path.dsv'
[2.265s] INFO:colcon.colcon_core.shell:Creating environment hook '/home/ngan/Documents/test_github/lesson6_ws/install/rmitbot_controller/share/rmitbot_controller/hook/cmake_prefix_path.sh'
[2.263s] DEBUG:colcon.colcon_core.event_handler.log_command:Invoked command in '/home/ngan/Documents/test_github/lesson6_ws/build/rmitbot_controller' returned '0': CMAKE_PREFIX_PATH=${CMAKE_PREFIX_PATH}:/home/ngan/Documents/test_github/lesson6_ws/install/stop_sign_control:/home/ngan/Documents/test_github/lesson6_ws/install/opencv_tests:/opt/ros/jazzy DEBUGINFOD_URLS=https://debuginfod.ubuntu.com /usr/bin/cmake --install /home/ngan/Documents/test_github/lesson6_ws/build/rmitbot_controller
[2.272s] Level 1:colcon.colcon_core.environment:checking '/home/ngan/Documents/test_github/lesson6_ws/install/rmitbot_controller/bin'
[2.274s] Level 1:colcon.colcon_core.environment:checking '/home/ngan/Documents/test_github/lesson6_ws/install/rmitbot_controller/lib/pkgconfig/rmitbot_controller.pc'
[2.275s] Level 1:colcon.colcon_core.environment:checking '/home/ngan/Documents/test_github/lesson6_ws/install/rmitbot_controller/lib/python3.12/site-packages'
[2.275s] Level 1:colcon.colcon_core.environment:checking '/home/ngan/Documents/test_github/lesson6_ws/install/rmitbot_controller/bin'
[2.276s] INFO:colcon.colcon_core.shell:Creating package descriptor '/home/ngan/Documents/test_github/lesson6_ws/install/rmitbot_controller/share/rmitbot_controller/package.dsv'
[2.277s] INFO:colcon.colcon_core.shell:Creating package script '/home/ngan/Documents/test_github/lesson6_ws/install/rmitbot_controller/share/rmitbot_controller/package.sh'
[2.280s] INFO:colcon.colcon_core.shell:Creating package script '/home/ngan/Documents/test_github/lesson6_ws/install/rmitbot_controller/share/rmitbot_controller/package.bash'
[2.281s] INFO:colcon.colcon_core.shell:Creating package script '/home/ngan/Documents/test_github/lesson6_ws/install/rmitbot_controller/share/rmitbot_controller/package.zsh'
[2.282s] Level 1:colcon.colcon_core.environment:create_file_with_runtime_dependencies(/home/ngan/Documents/test_github/lesson6_ws/install/rmitbot_controller/share/colcon-core/packages/rmitbot_controller)
[2.283s] Level 1:colcon.colcon_core.environment:create_environment_scripts_only(rmitbot_controller)
[2.284s] Level 1:colcon.colcon_core.environment:checking '/home/ngan/Documents/test_github/lesson6_ws/install/rmitbot_controller' for CMake module files
[2.284s] Level 1:colcon.colcon_core.environment:checking '/home/ngan/Documents/test_github/lesson6_ws/install/rmitbot_controller' for CMake config files
[2.285s] Level 1:colcon.colcon_core.shell:create_environment_hook('rmitbot_controller', 'cmake_prefix_path')
[2.288s] INFO:colcon.colcon_core.shell:Creating environment descriptor '/home/ngan/Documents/test_github/lesson6_ws/install/rmitbot_controller/share/rmitbot_controller/hook/cmake_prefix_path.dsv'
[2.289s] INFO:colcon.colcon_core.shell:Creating environment hook '/home/ngan/Documents/test_github/lesson6_ws/install/rmitbot_controller/share/rmitbot_controller/hook/cmake_prefix_path.sh'
[2.291s] Level 1:colcon.colcon_core.environment:checking '/home/ngan/Documents/test_github/lesson6_ws/install/rmitbot_controller/bin'
[2.291s] Level 1:colcon.colcon_core.environment:checking '/home/ngan/Documents/test_github/lesson6_ws/install/rmitbot_controller/lib/pkgconfig/rmitbot_controller.pc'
[2.291s] Level 1:colcon.colcon_core.environment:checking '/home/ngan/Documents/test_github/lesson6_ws/install/rmitbot_controller/lib/python3.12/site-packages'
[2.292s] Level 1:colcon.colcon_core.environment:checking '/home/ngan/Documents/test_github/lesson6_ws/install/rmitbot_controller/bin'
[2.292s] INFO:colcon.colcon_core.shell:Creating package descriptor '/home/ngan/Documents/test_github/lesson6_ws/install/rmitbot_controller/share/rmitbot_controller/package.dsv'
[2.297s] INFO:colcon.colcon_core.shell:Creating package script '/home/ngan/Documents/test_github/lesson6_ws/install/rmitbot_controller/share/rmitbot_controller/package.sh'
[2.301s] INFO:colcon.colcon_core.shell:Creating package script '/home/ngan/Documents/test_github/lesson6_ws/install/rmitbot_controller/share/rmitbot_controller/package.bash'
[2.306s] INFO:colcon.colcon_core.shell:Creating package script '/home/ngan/Documents/test_github/lesson6_ws/install/rmitbot_controller/share/rmitbot_controller/package.zsh'
[2.308s] Level 1:colcon.colcon_core.environment:create_file_with_runtime_dependencies(/home/ngan/Documents/test_github/lesson6_ws/install/rmitbot_controller/share/colcon-core/packages/rmitbot_controller)
[2.312s] INFO:colcon.colcon_ros.task.ament_cmake.build:Building ROS package in '/home/ngan/Documents/test_github/lesson6_ws/src/rmitbot_description' with build type 'ament_cmake'
[2.312s] INFO:colcon.colcon_cmake.task.cmake.build:Building CMake package in '/home/ngan/Documents/test_github/lesson6_ws/src/rmitbot_description'
[2.313s] DEBUG:colcon.colcon_core.shell:Skip shell extension 'dsv' for command environment
[2.344s] DEBUG:colcon.colcon_core.event_handler.log_command:Invoking command in '/home/ngan/Documents/test_github/lesson6_ws/build/rmitbot_description': CMAKE_PREFIX_PATH=${CMAKE_PREFIX_PATH}:/home/ngan/Documents/test_github/lesson6_ws/install/stop_sign_control:/home/ngan/Documents/test_github/lesson6_ws/install/opencv_tests:/opt/ros/jazzy DEBUGINFOD_URLS=https://debuginfod.ubuntu.com /usr/bin/cmake --build /home/ngan/Documents/test_github/lesson6_ws/build/rmitbot_description -- -j4 -l4
[2.573s] DEBUG:colcon.colcon_core.event_handler.log_command:Invoked command in '/home/ngan/Documents/test_github/lesson6_ws/build/cv_bridge' returned '0': CMAKE_PREFIX_PATH=${CMAKE_PREFIX_PATH}:/home/ngan/Documents/test_github/lesson6_ws/install/stop_sign_control:/home/ngan/Documents/test_github/lesson6_ws/install/opencv_tests:/opt/ros/jazzy DEBUGINFOD_URLS=https://debuginfod.ubuntu.com /usr/bin/cmake --build /home/ngan/Documents/test_github/lesson6_ws/build/cv_bridge -- -j4 -l4
[2.587s] DEBUG:colcon.colcon_core.event_handler.log_command:Invoking command in '/home/ngan/Documents/test_github/lesson6_ws/build/cv_bridge': CMAKE_PREFIX_PATH=${CMAKE_PREFIX_PATH}:/home/ngan/Documents/test_github/lesson6_ws/install/stop_sign_control:/home/ngan/Documents/test_github/lesson6_ws/install/opencv_tests:/opt/ros/jazzy DEBUGINFOD_URLS=https://debuginfod.ubuntu.com /usr/bin/cmake --install /home/ngan/Documents/test_github/lesson6_ws/build/cv_bridge
[2.606s] DEBUG:colcon.colcon_core.event_handler.log_command:Invoked command in '/home/ngan/Documents/test_github/lesson6_ws/build/image_geometry' returned '0': CMAKE_PREFIX_PATH=${CMAKE_PREFIX_PATH}:/home/ngan/Documents/test_github/lesson6_ws/install/stop_sign_control:/home/ngan/Documents/test_github/lesson6_ws/install/opencv_tests:/opt/ros/jazzy DEBUGINFOD_URLS=https://debuginfod.ubuntu.com /usr/bin/cmake --build /home/ngan/Documents/test_github/lesson6_ws/build/image_geometry -- -j4 -l4
[2.613s] DEBUG:colcon.colcon_core.event_handler.log_command:Invoking command in '/home/ngan/Documents/test_github/lesson6_ws/build/image_geometry': CMAKE_PREFIX_PATH=${CMAKE_PREFIX_PATH}:/home/ngan/Documents/test_github/lesson6_ws/install/stop_sign_control:/home/ngan/Documents/test_github/lesson6_ws/install/opencv_tests:/opt/ros/jazzy DEBUGINFOD_URLS=https://debuginfod.ubuntu.com /usr/bin/cmake --install /home/ngan/Documents/test_github/lesson6_ws/build/image_geometry
[2.649s] DEBUG:colcon.colcon_core.event_handler.log_command:Invoked command in '/home/ngan/Documents/test_github/lesson6_ws/build/rmitbot_description' returned '0': CMAKE_PREFIX_PATH=${CMAKE_PREFIX_PATH}:/home/ngan/Documents/test_github/lesson6_ws/install/stop_sign_control:/home/ngan/Documents/test_github/lesson6_ws/install/opencv_tests:/opt/ros/jazzy DEBUGINFOD_URLS=https://debuginfod.ubuntu.com /usr/bin/cmake --build /home/ngan/Documents/test_github/lesson6_ws/build/rmitbot_description -- -j4 -l4
[2.650s] DEBUG:colcon.colcon_core.event_handler.log_command:Invoking command in '/home/ngan/Documents/test_github/lesson6_ws/build/rmitbot_description': CMAKE_PREFIX_PATH=${CMAKE_PREFIX_PATH}:/home/ngan/Documents/test_github/lesson6_ws/install/stop_sign_control:/home/ngan/Documents/test_github/lesson6_ws/install/opencv_tests:/opt/ros/jazzy DEBUGINFOD_URLS=https://debuginfod.ubuntu.com /usr/bin/cmake --install /home/ngan/Documents/test_github/lesson6_ws/build/rmitbot_description
[2.731s] Level 1:colcon.colcon_core.environment:create_environment_scripts_only(rmitbot_description)
[2.731s] Level 1:colcon.colcon_core.environment:checking '/home/ngan/Documents/test_github/lesson6_ws/install/rmitbot_description' for CMake module files
[2.733s] DEBUG:colcon.colcon_core.event_handler.log_command:Invoked command in '/home/ngan/Documents/test_github/lesson6_ws/build/rmitbot_description' returned '0': CMAKE_PREFIX_PATH=${CMAKE_PREFIX_PATH}:/home/ngan/Documents/test_github/lesson6_ws/install/stop_sign_control:/home/ngan/Documents/test_github/lesson6_ws/install/opencv_tests:/opt/ros/jazzy DEBUGINFOD_URLS=https://debuginfod.ubuntu.com /usr/bin/cmake --install /home/ngan/Documents/test_github/lesson6_ws/build/rmitbot_description
[2.733s] Level 1:colcon.colcon_core.environment:checking '/home/ngan/Documents/test_github/lesson6_ws/install/rmitbot_description' for CMake config files
[2.735s] Level 1:colcon.colcon_core.shell:create_environment_hook('rmitbot_description', 'cmake_prefix_path')
[2.735s] INFO:colcon.colcon_core.shell:Creating environment descriptor '/home/ngan/Documents/test_github/lesson6_ws/install/rmitbot_description/share/rmitbot_description/hook/cmake_prefix_path.dsv'
[2.736s] INFO:colcon.colcon_core.shell:Creating environment hook '/home/ngan/Documents/test_github/lesson6_ws/install/rmitbot_description/share/rmitbot_description/hook/cmake_prefix_path.sh'
[2.742s] Level 1:colcon.colcon_core.environment:checking '/home/ngan/Documents/test_github/lesson6_ws/install/rmitbot_description/bin'
[2.742s] Level 1:colcon.colcon_core.environment:checking '/home/ngan/Documents/test_github/lesson6_ws/install/rmitbot_description/lib/pkgconfig/rmitbot_description.pc'
[2.743s] Level 1:colcon.colcon_core.environment:checking '/home/ngan/Documents/test_github/lesson6_ws/install/rmitbot_description/lib/python3.12/site-packages'
[2.743s] Level 1:colcon.colcon_core.environment:checking '/home/ngan/Documents/test_github/lesson6_ws/install/rmitbot_description/bin'
[2.746s] INFO:colcon.colcon_core.shell:Creating package descriptor '/home/ngan/Documents/test_github/lesson6_ws/install/rmitbot_description/share/rmitbot_description/package.dsv'
[2.747s] INFO:colcon.colcon_core.shell:Creating package script '/home/ngan/Documents/test_github/lesson6_ws/install/rmitbot_description/share/rmitbot_description/package.sh'
[2.749s] INFO:colcon.colcon_core.shell:Creating package script '/home/ngan/Documents/test_github/lesson6_ws/install/rmitbot_description/share/rmitbot_description/package.bash'
[2.750s] INFO:colcon.colcon_core.shell:Creating package script '/home/ngan/Documents/test_github/lesson6_ws/install/rmitbot_description/share/rmitbot_description/package.zsh'
[2.751s] Level 1:colcon.colcon_core.environment:create_file_with_runtime_dependencies(/home/ngan/Documents/test_github/lesson6_ws/install/rmitbot_description/share/colcon-core/packages/rmitbot_description)
[2.756s] Level 1:colcon.colcon_core.environment:create_environment_scripts_only(rmitbot_description)
[2.756s] Level 1:colcon.colcon_core.environment:checking '/home/ngan/Documents/test_github/lesson6_ws/install/rmitbot_description' for CMake module files
[2.757s] Level 1:colcon.colcon_core.environment:checking '/home/ngan/Documents/test_github/lesson6_ws/install/rmitbot_description' for CMake config files
[2.758s] Level 1:colcon.colcon_core.shell:create_environment_hook('rmitbot_description', 'cmake_prefix_path')
[2.759s] INFO:colcon.colcon_core.shell:Creating environment descriptor '/home/ngan/Documents/test_github/lesson6_ws/install/rmitbot_description/share/rmitbot_description/hook/cmake_prefix_path.dsv'
[2.761s] INFO:colcon.colcon_core.shell:Creating environment hook '/home/ngan/Documents/test_github/lesson6_ws/install/rmitbot_description/share/rmitbot_description/hook/cmake_prefix_path.sh'
[2.763s] Level 1:colcon.colcon_core.environment:checking '/home/ngan/Documents/test_github/lesson6_ws/install/rmitbot_description/bin'
[2.763s] Level 1:colcon.colcon_core.environment:checking '/home/ngan/Documents/test_github/lesson6_ws/install/rmitbot_description/lib/pkgconfig/rmitbot_description.pc'
[2.763s] Level 1:colcon.colcon_core.environment:checking '/home/ngan/Documents/test_github/lesson6_ws/install/rmitbot_description/lib/python3.12/site-packages'
[2.763s] Level 1:colcon.colcon_core.environment:checking '/home/ngan/Documents/test_github/lesson6_ws/install/rmitbot_description/bin'
[2.764s] INFO:colcon.colcon_core.shell:Creating package descriptor '/home/ngan/Documents/test_github/lesson6_ws/install/rmitbot_description/share/rmitbot_description/package.dsv'
[2.768s] INFO:colcon.colcon_core.shell:Creating package script '/home/ngan/Documents/test_github/lesson6_ws/install/rmitbot_description/share/rmitbot_description/package.sh'
[2.769s] INFO:colcon.colcon_core.shell:Creating package script '/home/ngan/Documents/test_github/lesson6_ws/install/rmitbot_description/share/rmitbot_description/package.bash'
[2.772s] INFO:colcon.colcon_core.shell:Creating package script '/home/ngan/Documents/test_github/lesson6_ws/install/rmitbot_description/share/rmitbot_description/package.zsh'
[2.773s] Level 1:colcon.colcon_core.environment:create_file_with_runtime_dependencies(/home/ngan/Documents/test_github/lesson6_ws/install/rmitbot_description/share/colcon-core/packages/rmitbot_description)
[2.776s] INFO:colcon.colcon_ros.task.ament_cmake.build:Building ROS package in '/home/ngan/Documents/test_github/lesson6_ws/src/rmitbot_firmware' with build type 'ament_cmake'
[2.776s] INFO:colcon.colcon_cmake.task.cmake.build:Building CMake package in '/home/ngan/Documents/test_github/lesson6_ws/src/rmitbot_firmware'
[2.777s] DEBUG:colcon.colcon_core.shell:Skip shell extension 'dsv' for command environment
[2.821s] DEBUG:colcon.colcon_core.event_handler.log_command:Invoking command in '/home/ngan/Documents/test_github/lesson6_ws/build/rmitbot_firmware': CMAKE_PREFIX_PATH=${CMAKE_PREFIX_PATH}:/home/ngan/Documents/test_github/lesson6_ws/install/stop_sign_control:/home/ngan/Documents/test_github/lesson6_ws/install/opencv_tests:/opt/ros/jazzy DEBUGINFOD_URLS=https://debuginfod.ubuntu.com /usr/bin/cmake --build /home/ngan/Documents/test_github/lesson6_ws/build/rmitbot_firmware -- -j4 -l4
[2.906s] Level 1:colcon.colcon_core.environment:create_environment_scripts_only(cv_bridge)
[2.907s] Level 1:colcon.colcon_core.environment:checking '/home/ngan/Documents/test_github/lesson6_ws/install/cv_bridge' for CMake module files
[2.907s] Level 1:colcon.colcon_core.environment:checking '/home/ngan/Documents/test_github/lesson6_ws/install/cv_bridge' for CMake config files
[2.908s] Level 1:colcon.colcon_core.shell:create_environment_hook('cv_bridge', 'cmake_prefix_path')
[2.908s] INFO:colcon.colcon_core.shell:Creating environment descriptor '/home/ngan/Documents/test_github/lesson6_ws/install/cv_bridge/share/cv_bridge/hook/cmake_prefix_path.dsv'
[2.916s] DEBUG:colcon.colcon_core.event_handler.log_command:Invoked command in '/home/ngan/Documents/test_github/lesson6_ws/build/cv_bridge' returned '0': CMAKE_PREFIX_PATH=${CMAKE_PREFIX_PATH}:/home/ngan/Documents/test_github/lesson6_ws/install/stop_sign_control:/home/ngan/Documents/test_github/lesson6_ws/install/opencv_tests:/opt/ros/jazzy DEBUGINFOD_URLS=https://debuginfod.ubuntu.com /usr/bin/cmake --install /home/ngan/Documents/test_github/lesson6_ws/build/cv_bridge
[2.918s] INFO:colcon.colcon_core.shell:Creating environment hook '/home/ngan/Documents/test_github/lesson6_ws/install/cv_bridge/share/cv_bridge/hook/cmake_prefix_path.sh'
[2.920s] Level 1:colcon.colcon_core.environment:checking '/home/ngan/Documents/test_github/lesson6_ws/install/cv_bridge/lib'
[2.920s] Level 1:colcon.colcon_core.shell:create_environment_hook('cv_bridge', 'ld_library_path_lib')
[2.921s] INFO:colcon.colcon_core.shell:Creating environment descriptor '/home/ngan/Documents/test_github/lesson6_ws/install/cv_bridge/share/cv_bridge/hook/ld_library_path_lib.dsv'
[2.923s] INFO:colcon.colcon_core.shell:Creating environment hook '/home/ngan/Documents/test_github/lesson6_ws/install/cv_bridge/share/cv_bridge/hook/ld_library_path_lib.sh'
[2.925s] Level 1:colcon.colcon_core.environment:checking '/home/ngan/Documents/test_github/lesson6_ws/install/cv_bridge/bin'
[2.930s] Level 1:colcon.colcon_core.environment:checking '/home/ngan/Documents/test_github/lesson6_ws/install/cv_bridge/lib/pkgconfig/cv_bridge.pc'
[2.931s] Level 1:colcon.colcon_core.environment:checking '/home/ngan/Documents/test_github/lesson6_ws/install/cv_bridge/lib/python3.12/site-packages'
[2.931s] Level 1:colcon.colcon_core.shell:create_environment_hook('cv_bridge', 'pythonpath')
[2.936s] INFO:colcon.colcon_core.shell:Creating environment descriptor '/home/ngan/Documents/test_github/lesson6_ws/install/cv_bridge/share/cv_bridge/hook/pythonpath.dsv'
[2.938s] INFO:colcon.colcon_core.shell:Creating environment hook '/home/ngan/Documents/test_github/lesson6_ws/install/cv_bridge/share/cv_bridge/hook/pythonpath.sh'
[2.939s] Level 1:colcon.colcon_core.environment:checking '/home/ngan/Documents/test_github/lesson6_ws/install/cv_bridge/bin'
[2.940s] INFO:colcon.colcon_core.shell:Creating package descriptor '/home/ngan/Documents/test_github/lesson6_ws/install/cv_bridge/share/cv_bridge/package.dsv'
[2.945s] INFO:colcon.colcon_core.shell:Creating package script '/home/ngan/Documents/test_github/lesson6_ws/install/cv_bridge/share/cv_bridge/package.sh'
[2.947s] INFO:colcon.colcon_core.shell:Creating package script '/home/ngan/Documents/test_github/lesson6_ws/install/cv_bridge/share/cv_bridge/package.bash'
[2.947s] INFO:colcon.colcon_core.shell:Creating package script '/home/ngan/Documents/test_github/lesson6_ws/install/cv_bridge/share/cv_bridge/package.zsh'
[2.948s] Level 1:colcon.colcon_core.environment:create_file_with_runtime_dependencies(/home/ngan/Documents/test_github/lesson6_ws/install/cv_bridge/share/colcon-core/packages/cv_bridge)
[2.961s] Level 1:colcon.colcon_core.environment:create_environment_scripts_only(cv_bridge)
[2.962s] Level 1:colcon.colcon_core.environment:checking '/home/ngan/Documents/test_github/lesson6_ws/install/cv_bridge' for CMake module files
[2.964s] Level 1:colcon.colcon_core.environment:checking '/home/ngan/Documents/test_github/lesson6_ws/install/cv_bridge' for CMake config files
[2.969s] Level 1:colcon.colcon_core.shell:create_environment_hook('cv_bridge', 'cmake_prefix_path')
[2.970s] INFO:colcon.colcon_core.shell:Creating environment descriptor '/home/ngan/Documents/test_github/lesson6_ws/install/cv_bridge/share/cv_bridge/hook/cmake_prefix_path.dsv'
[2.972s] INFO:colcon.colcon_core.shell:Creating environment hook '/home/ngan/Documents/test_github/lesson6_ws/install/cv_bridge/share/cv_bridge/hook/cmake_prefix_path.sh'
[2.976s] Level 1:colcon.colcon_core.environment:checking '/home/ngan/Documents/test_github/lesson6_ws/install/cv_bridge/lib'
[2.977s] Level 1:colcon.colcon_core.shell:create_environment_hook('cv_bridge', 'ld_library_path_lib')
[2.977s] INFO:colcon.colcon_core.shell:Creating environment descriptor '/home/ngan/Documents/test_github/lesson6_ws/install/cv_bridge/share/cv_bridge/hook/ld_library_path_lib.dsv'
[2.980s] INFO:colcon.colcon_core.shell:Creating environment hook '/home/ngan/Documents/test_github/lesson6_ws/install/cv_bridge/share/cv_bridge/hook/ld_library_path_lib.sh'
[2.981s] Level 1:colcon.colcon_core.environment:checking '/home/ngan/Documents/test_github/lesson6_ws/install/cv_bridge/bin'
[2.982s] Level 1:colcon.colcon_core.environment:checking '/home/ngan/Documents/test_github/lesson6_ws/install/cv_bridge/lib/pkgconfig/cv_bridge.pc'
[2.983s] Level 1:colcon.colcon_core.environment:checking '/home/ngan/Documents/test_github/lesson6_ws/install/cv_bridge/lib/python3.12/site-packages'
[2.983s] Level 1:colcon.colcon_core.shell:create_environment_hook('cv_bridge', 'pythonpath')
[2.984s] INFO:colcon.colcon_core.shell:Creating environment descriptor '/home/ngan/Documents/test_github/lesson6_ws/install/cv_bridge/share/cv_bridge/hook/pythonpath.dsv'
[2.984s] INFO:colcon.colcon_core.shell:Creating environment hook '/home/ngan/Documents/test_github/lesson6_ws/install/cv_bridge/share/cv_bridge/hook/pythonpath.sh'
[2.987s] Level 1:colcon.colcon_core.environment:checking '/home/ngan/Documents/test_github/lesson6_ws/install/cv_bridge/bin'
[2.987s] INFO:colcon.colcon_core.shell:Creating package descriptor '/home/ngan/Documents/test_github/lesson6_ws/install/cv_bridge/share/cv_bridge/package.dsv'
[2.989s] INFO:colcon.colcon_core.shell:Creating package script '/home/ngan/Documents/test_github/lesson6_ws/install/cv_bridge/share/cv_bridge/package.sh'
[2.990s] INFO:colcon.colcon_core.shell:Creating package script '/home/ngan/Documents/test_github/lesson6_ws/install/cv_bridge/share/cv_bridge/package.bash'
[2.991s] INFO:colcon.colcon_core.shell:Creating package script '/home/ngan/Documents/test_github/lesson6_ws/install/cv_bridge/share/cv_bridge/package.zsh'
[2.992s] Level 1:colcon.colcon_core.environment:create_file_with_runtime_dependencies(/home/ngan/Documents/test_github/lesson6_ws/install/cv_bridge/share/colcon-core/packages/cv_bridge)
[2.995s] INFO:colcon.colcon_ros.task.ament_cmake.build:Building ROS package in '/home/ngan/Documents/test_github/lesson6_ws/src/rmitbot_localization' with build type 'ament_cmake'
[2.996s] INFO:colcon.colcon_cmake.task.cmake.build:Building CMake package in '/home/ngan/Documents/test_github/lesson6_ws/src/rmitbot_localization'
[2.996s] DEBUG:colcon.colcon_core.shell:Skip shell extension 'dsv' for command environment
[3.030s] Level 1:colcon.colcon_core.environment:create_environment_scripts_only(image_geometry)
[3.030s] Level 1:colcon.colcon_core.environment:checking '/home/ngan/Documents/test_github/lesson6_ws/install/image_geometry' for CMake module files
[3.032s] DEBUG:colcon.colcon_core.event_handler.log_command:Invoked command in '/home/ngan/Documents/test_github/lesson6_ws/build/image_geometry' returned '0': CMAKE_PREFIX_PATH=${CMAKE_PREFIX_PATH}:/home/ngan/Documents/test_github/lesson6_ws/install/stop_sign_control:/home/ngan/Documents/test_github/lesson6_ws/install/opencv_tests:/opt/ros/jazzy DEBUGINFOD_URLS=https://debuginfod.ubuntu.com /usr/bin/cmake --install /home/ngan/Documents/test_github/lesson6_ws/build/image_geometry
[3.034s] Level 1:colcon.colcon_core.environment:checking '/home/ngan/Documents/test_github/lesson6_ws/install/image_geometry' for CMake config files
[3.035s] Level 1:colcon.colcon_core.shell:create_environment_hook('image_geometry', 'cmake_prefix_path')
[3.036s] INFO:colcon.colcon_core.shell:Creating environment descriptor '/home/ngan/Documents/test_github/lesson6_ws/install/image_geometry/share/image_geometry/hook/cmake_prefix_path.dsv'
[3.037s] INFO:colcon.colcon_core.shell:Creating environment hook '/home/ngan/Documents/test_github/lesson6_ws/install/image_geometry/share/image_geometry/hook/cmake_prefix_path.sh'
[3.038s] Level 1:colcon.colcon_core.environment:checking '/home/ngan/Documents/test_github/lesson6_ws/install/image_geometry/lib'
[3.038s] Level 1:colcon.colcon_core.shell:create_environment_hook('image_geometry', 'ld_library_path_lib')
[3.043s] INFO:colcon.colcon_core.shell:Creating environment descriptor '/home/ngan/Documents/test_github/lesson6_ws/install/image_geometry/share/image_geometry/hook/ld_library_path_lib.dsv'
[3.046s] INFO:colcon.colcon_core.shell:Creating environment hook '/home/ngan/Documents/test_github/lesson6_ws/install/image_geometry/share/image_geometry/hook/ld_library_path_lib.sh'
[3.047s] Level 1:colcon.colcon_core.environment:checking '/home/ngan/Documents/test_github/lesson6_ws/install/image_geometry/bin'
[3.047s] Level 1:colcon.colcon_core.environment:checking '/home/ngan/Documents/test_github/lesson6_ws/install/image_geometry/lib/pkgconfig/image_geometry.pc'
[3.049s] Level 1:colcon.colcon_core.environment:checking '/home/ngan/Documents/test_github/lesson6_ws/install/image_geometry/lib/python3.12/site-packages'
[3.049s] Level 1:colcon.colcon_core.shell:create_environment_hook('image_geometry', 'pythonpath')
[3.050s] INFO:colcon.colcon_core.shell:Creating environment descriptor '/home/ngan/Documents/test_github/lesson6_ws/install/image_geometry/share/image_geometry/hook/pythonpath.dsv'
[3.052s] INFO:colcon.colcon_core.shell:Creating environment hook '/home/ngan/Documents/test_github/lesson6_ws/install/image_geometry/share/image_geometry/hook/pythonpath.sh'
[3.054s] Level 1:colcon.colcon_core.environment:checking '/home/ngan/Documents/test_github/lesson6_ws/install/image_geometry/bin'
[3.054s] INFO:colcon.colcon_core.shell:Creating package descriptor '/home/ngan/Documents/test_github/lesson6_ws/install/image_geometry/share/image_geometry/package.dsv'
[3.055s] INFO:colcon.colcon_core.shell:Creating package script '/home/ngan/Documents/test_github/lesson6_ws/install/image_geometry/share/image_geometry/package.sh'
[3.057s] INFO:colcon.colcon_core.shell:Creating package script '/home/ngan/Documents/test_github/lesson6_ws/install/image_geometry/share/image_geometry/package.bash'
[3.058s] INFO:colcon.colcon_core.shell:Creating package script '/home/ngan/Documents/test_github/lesson6_ws/install/image_geometry/share/image_geometry/package.zsh'
[3.059s] Level 1:colcon.colcon_core.environment:create_file_with_runtime_dependencies(/home/ngan/Documents/test_github/lesson6_ws/install/image_geometry/share/colcon-core/packages/image_geometry)
[3.061s] Level 1:colcon.colcon_core.environment:create_environment_scripts_only(image_geometry)
[3.062s] Level 1:colcon.colcon_core.environment:checking '/home/ngan/Documents/test_github/lesson6_ws/install/image_geometry' for CMake module files
[3.063s] Level 1:colcon.colcon_core.environment:checking '/home/ngan/Documents/test_github/lesson6_ws/install/image_geometry' for CMake config files
[3.063s] Level 1:colcon.colcon_core.shell:create_environment_hook('image_geometry', 'cmake_prefix_path')
[3.063s] INFO:colcon.colcon_core.shell:Creating environment descriptor '/home/ngan/Documents/test_github/lesson6_ws/install/image_geometry/share/image_geometry/hook/cmake_prefix_path.dsv'
[3.064s] INFO:colcon.colcon_core.shell:Creating environment hook '/home/ngan/Documents/test_github/lesson6_ws/install/image_geometry/share/image_geometry/hook/cmake_prefix_path.sh'
[3.067s] Level 1:colcon.colcon_core.environment:checking '/home/ngan/Documents/test_github/lesson6_ws/install/image_geometry/lib'
[3.067s] Level 1:colcon.colcon_core.shell:create_environment_hook('image_geometry', 'ld_library_path_lib')
[3.068s] INFO:colcon.colcon_core.shell:Creating environment descriptor '/home/ngan/Documents/test_github/lesson6_ws/install/image_geometry/share/image_geometry/hook/ld_library_path_lib.dsv'
[3.069s] INFO:colcon.colcon_core.shell:Creating environment hook '/home/ngan/Documents/test_github/lesson6_ws/install/image_geometry/share/image_geometry/hook/ld_library_path_lib.sh'
[3.071s] Level 1:colcon.colcon_core.environment:checking '/home/ngan/Documents/test_github/lesson6_ws/install/image_geometry/bin'
[3.072s] Level 1:colcon.colcon_core.environment:checking '/home/ngan/Documents/test_github/lesson6_ws/install/image_geometry/lib/pkgconfig/image_geometry.pc'
[3.072s] Level 1:colcon.colcon_core.environment:checking '/home/ngan/Documents/test_github/lesson6_ws/install/image_geometry/lib/python3.12/site-packages'
[3.072s] Level 1:colcon.colcon_core.shell:create_environment_hook('image_geometry', 'pythonpath')
[3.072s] INFO:colcon.colcon_core.shell:Creating environment descriptor '/home/ngan/Documents/test_github/lesson6_ws/install/image_geometry/share/image_geometry/hook/pythonpath.dsv'
[3.073s] INFO:colcon.colcon_core.shell:Creating environment hook '/home/ngan/Documents/test_github/lesson6_ws/install/image_geometry/share/image_geometry/hook/pythonpath.sh'
[3.076s] Level 1:colcon.colcon_core.environment:checking '/home/ngan/Documents/test_github/lesson6_ws/install/image_geometry/bin'
[3.077s] INFO:colcon.colcon_core.shell:Creating package descriptor '/home/ngan/Documents/test_github/lesson6_ws/install/image_geometry/share/image_geometry/package.dsv'
[3.078s] INFO:colcon.colcon_core.shell:Creating package script '/home/ngan/Documents/test_github/lesson6_ws/install/image_geometry/share/image_geometry/package.sh'
[3.079s] INFO:colcon.colcon_core.shell:Creating package script '/home/ngan/Documents/test_github/lesson6_ws/install/image_geometry/share/image_geometry/package.bash'
[3.080s] INFO:colcon.colcon_core.shell:Creating package script '/home/ngan/Documents/test_github/lesson6_ws/install/image_geometry/share/image_geometry/package.zsh'
[3.082s] Level 1:colcon.colcon_core.environment:create_file_with_runtime_dependencies(/home/ngan/Documents/test_github/lesson6_ws/install/image_geometry/share/colcon-core/packages/image_geometry)
[3.085s] INFO:colcon.colcon_ros.task.ament_cmake.build:Building ROS package in '/home/ngan/Documents/test_github/lesson6_ws/src/rmitbot_mapping' with build type 'ament_cmake'
[3.086s] INFO:colcon.colcon_cmake.task.cmake.build:Building CMake package in '/home/ngan/Documents/test_github/lesson6_ws/src/rmitbot_mapping'
[3.086s] DEBUG:colcon.colcon_core.shell:Skip shell extension 'dsv' for command environment
[3.127s] DEBUG:colcon.colcon_core.event_handler.log_command:Invoking command in '/home/ngan/Documents/test_github/lesson6_ws/build/rmitbot_localization': CMAKE_PREFIX_PATH=${CMAKE_PREFIX_PATH}:/home/ngan/Documents/test_github/lesson6_ws/install/stop_sign_control:/home/ngan/Documents/test_github/lesson6_ws/install/opencv_tests:/opt/ros/jazzy DEBUGINFOD_URLS=https://debuginfod.ubuntu.com /usr/bin/cmake --build /home/ngan/Documents/test_github/lesson6_ws/build/rmitbot_localization -- -j4 -l4
[3.154s] DEBUG:colcon.colcon_core.event_handler.log_command:Invoked command in '/home/ngan/Documents/test_github/lesson6_ws/build/rmitbot_firmware' returned '0': CMAKE_PREFIX_PATH=${CMAKE_PREFIX_PATH}:/home/ngan/Documents/test_github/lesson6_ws/install/stop_sign_control:/home/ngan/Documents/test_github/lesson6_ws/install/opencv_tests:/opt/ros/jazzy DEBUGINFOD_URLS=https://debuginfod.ubuntu.com /usr/bin/cmake --build /home/ngan/Documents/test_github/lesson6_ws/build/rmitbot_firmware -- -j4 -l4
[3.155s] DEBUG:colcon.colcon_core.event_handler.log_command:Invoking command in '/home/ngan/Documents/test_github/lesson6_ws/build/rmitbot_firmware': CMAKE_PREFIX_PATH=${CMAKE_PREFIX_PATH}:/home/ngan/Documents/test_github/lesson6_ws/install/stop_sign_control:/home/ngan/Documents/test_github/lesson6_ws/install/opencv_tests:/opt/ros/jazzy DEBUGINFOD_URLS=https://debuginfod.ubuntu.com /usr/bin/cmake --install /home/ngan/Documents/test_github/lesson6_ws/build/rmitbot_firmware
[3.170s] DEBUG:colcon.colcon_core.event_handler.log_command:Invoking command in '/home/ngan/Documents/test_github/lesson6_ws/build/rmitbot_mapping': CMAKE_PREFIX_PATH=${CMAKE_PREFIX_PATH}:/home/ngan/Documents/test_github/lesson6_ws/install/stop_sign_control:/home/ngan/Documents/test_github/lesson6_ws/install/opencv_tests:/opt/ros/jazzy DEBUGINFOD_URLS=https://debuginfod.ubuntu.com /usr/bin/cmake --build /home/ngan/Documents/test_github/lesson6_ws/build/rmitbot_mapping -- -j4 -l4
[3.251s] Level 1:colcon.colcon_core.environment:create_environment_scripts_only(rmitbot_firmware)
[3.252s] Level 1:colcon.colcon_core.environment:checking '/home/ngan/Documents/test_github/lesson6_ws/install/rmitbot_firmware' for CMake module files
[3.258s] DEBUG:colcon.colcon_core.event_handler.log_command:Invoked command in '/home/ngan/Documents/test_github/lesson6_ws/build/rmitbot_firmware' returned '0': CMAKE_PREFIX_PATH=${CMAKE_PREFIX_PATH}:/home/ngan/Documents/test_github/lesson6_ws/install/stop_sign_control:/home/ngan/Documents/test_github/lesson6_ws/install/opencv_tests:/opt/ros/jazzy DEBUGINFOD_URLS=https://debuginfod.ubuntu.com /usr/bin/cmake --install /home/ngan/Documents/test_github/lesson6_ws/build/rmitbot_firmware
[3.260s] Level 1:colcon.colcon_core.environment:checking '/home/ngan/Documents/test_github/lesson6_ws/install/rmitbot_firmware' for CMake config files
[3.265s] Level 1:colcon.colcon_core.shell:create_environment_hook('rmitbot_firmware', 'cmake_prefix_path')
[3.270s] INFO:colcon.colcon_core.shell:Creating environment descriptor '/home/ngan/Documents/test_github/lesson6_ws/install/rmitbot_firmware/share/rmitbot_firmware/hook/cmake_prefix_path.dsv'
[3.272s] INFO:colcon.colcon_core.shell:Creating environment hook '/home/ngan/Documents/test_github/lesson6_ws/install/rmitbot_firmware/share/rmitbot_firmware/hook/cmake_prefix_path.sh'
[3.281s] Level 1:colcon.colcon_core.environment:checking '/home/ngan/Documents/test_github/lesson6_ws/install/rmitbot_firmware/lib'
[3.281s] Level 1:colcon.colcon_core.shell:create_environment_hook('rmitbot_firmware', 'ld_library_path_lib')
[3.281s] INFO:colcon.colcon_core.shell:Creating environment descriptor '/home/ngan/Documents/test_github/lesson6_ws/install/rmitbot_firmware/share/rmitbot_firmware/hook/ld_library_path_lib.dsv'
[3.282s] INFO:colcon.colcon_core.shell:Creating environment hook '/home/ngan/Documents/test_github/lesson6_ws/install/rmitbot_firmware/share/rmitbot_firmware/hook/ld_library_path_lib.sh'
[3.287s] Level 1:colcon.colcon_core.environment:checking '/home/ngan/Documents/test_github/lesson6_ws/install/rmitbot_firmware/bin'
[3.293s] Level 1:colcon.colcon_core.environment:checking '/home/ngan/Documents/test_github/lesson6_ws/install/rmitbot_firmware/lib/pkgconfig/rmitbot_firmware.pc'
[3.293s] Level 1:colcon.colcon_core.environment:checking '/home/ngan/Documents/test_github/lesson6_ws/install/rmitbot_firmware/lib/python3.12/site-packages'
[3.293s] Level 1:colcon.colcon_core.environment:checking '/home/ngan/Documents/test_github/lesson6_ws/install/rmitbot_firmware/bin'
[3.294s] INFO:colcon.colcon_core.shell:Creating package descriptor '/home/ngan/Documents/test_github/lesson6_ws/install/rmitbot_firmware/share/rmitbot_firmware/package.dsv'
[3.304s] INFO:colcon.colcon_core.shell:Creating package script '/home/ngan/Documents/test_github/lesson6_ws/install/rmitbot_firmware/share/rmitbot_firmware/package.sh'
[3.308s] INFO:colcon.colcon_core.shell:Creating package script '/home/ngan/Documents/test_github/lesson6_ws/install/rmitbot_firmware/share/rmitbot_firmware/package.bash'
[3.312s] INFO:colcon.colcon_core.shell:Creating package script '/home/ngan/Documents/test_github/lesson6_ws/install/rmitbot_firmware/share/rmitbot_firmware/package.zsh'
[3.317s] Level 1:colcon.colcon_core.environment:create_file_with_runtime_dependencies(/home/ngan/Documents/test_github/lesson6_ws/install/rmitbot_firmware/share/colcon-core/packages/rmitbot_firmware)
[3.320s] Level 1:colcon.colcon_core.environment:create_environment_scripts_only(rmitbot_firmware)
[3.320s] Level 1:colcon.colcon_core.environment:checking '/home/ngan/Documents/test_github/lesson6_ws/install/rmitbot_firmware' for CMake module files
[3.321s] Level 1:colcon.colcon_core.environment:checking '/home/ngan/Documents/test_github/lesson6_ws/install/rmitbot_firmware' for CMake config files
[3.325s] Level 1:colcon.colcon_core.shell:create_environment_hook('rmitbot_firmware', 'cmake_prefix_path')
[3.326s] INFO:colcon.colcon_core.shell:Creating environment descriptor '/home/ngan/Documents/test_github/lesson6_ws/install/rmitbot_firmware/share/rmitbot_firmware/hook/cmake_prefix_path.dsv'
[3.329s] INFO:colcon.colcon_core.shell:Creating environment hook '/home/ngan/Documents/test_github/lesson6_ws/install/rmitbot_firmware/share/rmitbot_firmware/hook/cmake_prefix_path.sh'
[3.330s] Level 1:colcon.colcon_core.environment:checking '/home/ngan/Documents/test_github/lesson6_ws/install/rmitbot_firmware/lib'
[3.330s] Level 1:colcon.colcon_core.shell:create_environment_hook('rmitbot_firmware', 'ld_library_path_lib')
[3.333s] INFO:colcon.colcon_core.shell:Creating environment descriptor '/home/ngan/Documents/test_github/lesson6_ws/install/rmitbot_firmware/share/rmitbot_firmware/hook/ld_library_path_lib.dsv'
[3.334s] INFO:colcon.colcon_core.shell:Creating environment hook '/home/ngan/Documents/test_github/lesson6_ws/install/rmitbot_firmware/share/rmitbot_firmware/hook/ld_library_path_lib.sh'
[3.335s] Level 1:colcon.colcon_core.environment:checking '/home/ngan/Documents/test_github/lesson6_ws/install/rmitbot_firmware/bin'
[3.335s] Level 1:colcon.colcon_core.environment:checking '/home/ngan/Documents/test_github/lesson6_ws/install/rmitbot_firmware/lib/pkgconfig/rmitbot_firmware.pc'
[3.336s] Level 1:colcon.colcon_core.environment:checking '/home/ngan/Documents/test_github/lesson6_ws/install/rmitbot_firmware/lib/python3.12/site-packages'
[3.336s] Level 1:colcon.colcon_core.environment:checking '/home/ngan/Documents/test_github/lesson6_ws/install/rmitbot_firmware/bin'
[3.338s] INFO:colcon.colcon_core.shell:Creating package descriptor '/home/ngan/Documents/test_github/lesson6_ws/install/rmitbot_firmware/share/rmitbot_firmware/package.dsv'
[3.343s] INFO:colcon.colcon_core.shell:Creating package script '/home/ngan/Documents/test_github/lesson6_ws/install/rmitbot_firmware/share/rmitbot_firmware/package.sh'
[3.344s] INFO:colcon.colcon_core.shell:Creating package script '/home/ngan/Documents/test_github/lesson6_ws/install/rmitbot_firmware/share/rmitbot_firmware/package.bash'
[3.347s] INFO:colcon.colcon_core.shell:Creating package script '/home/ngan/Documents/test_github/lesson6_ws/install/rmitbot_firmware/share/rmitbot_firmware/package.zsh'
[3.350s] Level 1:colcon.colcon_core.environment:create_file_with_runtime_dependencies(/home/ngan/Documents/test_github/lesson6_ws/install/rmitbot_firmware/share/colcon-core/packages/rmitbot_firmware)
[3.356s] INFO:colcon.colcon_ros.task.ament_cmake.build:Building ROS package in '/home/ngan/Documents/test_github/lesson6_ws/src/rmitbot_vision/vision_opencv/vision_opencv' with build type 'ament_cmake'
[3.357s] INFO:colcon.colcon_cmake.task.cmake.build:Building CMake package in '/home/ngan/Documents/test_github/lesson6_ws/src/rmitbot_vision/vision_opencv/vision_opencv'
[3.360s] DEBUG:colcon.colcon_core.shell:Skip shell extension 'dsv' for command environment
[3.381s] DEBUG:colcon.colcon_core.event_handler.log_command:Invoked command in '/home/ngan/Documents/test_github/lesson6_ws/build/rmitbot_localization' returned '0': CMAKE_PREFIX_PATH=${CMAKE_PREFIX_PATH}:/home/ngan/Documents/test_github/lesson6_ws/install/stop_sign_control:/home/ngan/Documents/test_github/lesson6_ws/install/opencv_tests:/opt/ros/jazzy DEBUGINFOD_URLS=https://debuginfod.ubuntu.com /usr/bin/cmake --build /home/ngan/Documents/test_github/lesson6_ws/build/rmitbot_localization -- -j4 -l4
[3.394s] DEBUG:colcon.colcon_core.event_handler.log_command:Invoking command in '/home/ngan/Documents/test_github/lesson6_ws/build/rmitbot_localization': CMAKE_PREFIX_PATH=${CMAKE_PREFIX_PATH}:/home/ngan/Documents/test_github/lesson6_ws/install/stop_sign_control:/home/ngan/Documents/test_github/lesson6_ws/install/opencv_tests:/opt/ros/jazzy DEBUGINFOD_URLS=https://debuginfod.ubuntu.com /usr/bin/cmake --install /home/ngan/Documents/test_github/lesson6_ws/build/rmitbot_localization
[3.420s] DEBUG:colcon.colcon_core.event_handler.log_command:Invoked command in '/home/ngan/Documents/test_github/lesson6_ws/build/rmitbot_mapping' returned '0': CMAKE_PREFIX_PATH=${CMAKE_PREFIX_PATH}:/home/ngan/Documents/test_github/lesson6_ws/install/stop_sign_control:/home/ngan/Documents/test_github/lesson6_ws/install/opencv_tests:/opt/ros/jazzy DEBUGINFOD_URLS=https://debuginfod.ubuntu.com /usr/bin/cmake --build /home/ngan/Documents/test_github/lesson6_ws/build/rmitbot_mapping -- -j4 -l4
[3.423s] DEBUG:colcon.colcon_core.event_handler.log_command:Invoking command in '/home/ngan/Documents/test_github/lesson6_ws/build/rmitbot_mapping': CMAKE_PREFIX_PATH=${CMAKE_PREFIX_PATH}:/home/ngan/Documents/test_github/lesson6_ws/install/stop_sign_control:/home/ngan/Documents/test_github/lesson6_ws/install/opencv_tests:/opt/ros/jazzy DEBUGINFOD_URLS=https://debuginfod.ubuntu.com /usr/bin/cmake --install /home/ngan/Documents/test_github/lesson6_ws/build/rmitbot_mapping
[3.483s] DEBUG:colcon.colcon_core.event_handler.log_command:Invoking command in '/home/ngan/Documents/test_github/lesson6_ws/build/vision_opencv': CMAKE_PREFIX_PATH=/home/ngan/Documents/test_github/lesson6_ws/install/image_geometry:/home/ngan/Documents/test_github/lesson6_ws/install/cv_bridge:/home/ngan/Documents/test_github/lesson6_ws/install/vision_opencv:/home/ngan/Documents/test_github/lesson6_ws/install/rmitbot_mapping:/home/ngan/Documents/test_github/lesson6_ws/install/rmitbot_localization:/home/ngan/Documents/test_github/lesson6_ws/install/rmitbot_firmware:/home/ngan/Documents/test_github/lesson6_ws/install/rmitbot_description:/home/ngan/Documents/test_github/lesson6_ws/install/rmitbot_controller:/home/ngan/Documents/test_github/lesson6_ws/install/rmitbot_bringup:/home/ngan/Documents/test_github/lesson6_ws/install/darknet_ros:/home/ngan/Documents/test_github/lesson6_ws/install/darknet_ros_msgs:/home/ngan/Documents/test_github/lesson6_ws/install/Darknet:/opt/ros/jazzy/opt/gz_sim_vendor:/opt/ros/jazzy/opt/gz_sensors_vendor:/opt/ros/jazzy/opt/gz_physics_vendor:/opt/ros/jazzy/opt/sdformat_vendor:/opt/ros/jazzy/opt/gz_gui_vendor:/opt/ros/jazzy/opt/gz_transport_vendor:/opt/ros/jazzy/opt/gz_rendering_vendor:/opt/ros/jazzy/opt/gz_plugin_vendor:/opt/ros/jazzy/opt/gz_fuel_tools_vendor:/opt/ros/jazzy/opt/gz_msgs_vendor:/opt/ros/jazzy/opt/gz_common_vendor:/opt/ros/jazzy/opt/gz_math_vendor:/opt/ros/jazzy/opt/gz_utils_vendor:/opt/ros/jazzy/opt/gz_tools_vendor:/opt/ros/jazzy/opt/gz_ogre_next_vendor:/opt/ros/jazzy/opt/gz_dartsim_vendor:/opt/ros/jazzy/opt/gz_cmake_vendor:/home/ngan/Documents/test_github/lesson6_ws/install/stop_sign_control:/home/ngan/Documents/test_github/lesson6_ws/install/opencv_tests:/opt/ros/jazzy DEBUGINFOD_URLS=https://debuginfod.ubuntu.com LD_LIBRARY_PATH=/home/ngan/Documents/test_github/lesson6_ws/install/image_geometry/lib:/home/ngan/Documents/test_github/lesson6_ws/install/cv_bridge/lib:/home/ngan/Documents/test_github/lesson6_ws/install/rmitbot_firmware/lib:/home/ngan/Documents/test_github/lesson6_ws/install/darknet_ros/lib:/home/ngan/Documents/test_github/lesson6_ws/install/darknet_ros_msgs/lib:/opt/ros/jazzy/opt/gz_sim_vendor/lib:/opt/ros/jazzy/opt/gz_sensors_vendor/lib:/opt/ros/jazzy/opt/gz_physics_vendor/lib:/opt/ros/jazzy/opt/sdformat_vendor/lib:/opt/ros/jazzy/opt/rviz_ogre_vendor/lib:/opt/ros/jazzy/lib/aarch64-linux-gnu:/opt/ros/jazzy/opt/gz_gui_vendor/lib:/opt/ros/jazzy/opt/gz_transport_vendor/lib:/opt/ros/jazzy/opt/gz_rendering_vendor/lib:/opt/ros/jazzy/opt/gz_plugin_vendor/lib:/opt/ros/jazzy/opt/gz_fuel_tools_vendor/lib:/opt/ros/jazzy/opt/gz_msgs_vendor/lib:/opt/ros/jazzy/opt/gz_common_vendor/lib:/opt/ros/jazzy/opt/gz_math_vendor/lib:/opt/ros/jazzy/opt/gz_utils_vendor/lib:/opt/ros/jazzy/opt/gz_tools_vendor/lib:/opt/ros/jazzy/opt/gz_ogre_next_vendor/lib:/opt/ros/jazzy/opt/gz_dartsim_vendor/lib:/opt/ros/jazzy/opt/gz_cmake_vendor/lib:/opt/ros/jazzy/lib PYTHONPATH=/home/ngan/Documents/test_github/lesson6_ws/install/image_geometry/lib/python3.12/site-packages:/home/ngan/Documents/test_github/lesson6_ws/install/cv_bridge/lib/python3.12/site-packages:/home/ngan/Documents/test_github/lesson6_ws/install/stop_sign_control/lib/python3.12/site-packages:/home/ngan/Documents/test_github/lesson6_ws/install/opencv_tests/lib/python3.12/site-packages:/home/ngan/Documents/test_github/lesson6_ws/install/darknet_ros_msgs/lib/python3.12/site-packages:/opt/ros/jazzy/lib/python3.12/site-packages /usr/bin/cmake --build /home/ngan/Documents/test_github/lesson6_ws/build/vision_opencv -- -j4 -l4
[3.487s] Level 1:colcon.colcon_core.environment:create_environment_scripts_only(rmitbot_localization)
[3.487s] Level 1:colcon.colcon_core.environment:checking '/home/ngan/Documents/test_github/lesson6_ws/install/rmitbot_localization' for CMake module files
[3.496s] Level 1:colcon.colcon_core.environment:checking '/home/ngan/Documents/test_github/lesson6_ws/install/rmitbot_localization' for CMake config files
[3.512s] DEBUG:colcon.colcon_core.event_handler.log_command:Invoked command in '/home/ngan/Documents/test_github/lesson6_ws/build/rmitbot_localization' returned '0': CMAKE_PREFIX_PATH=${CMAKE_PREFIX_PATH}:/home/ngan/Documents/test_github/lesson6_ws/install/stop_sign_control:/home/ngan/Documents/test_github/lesson6_ws/install/opencv_tests:/opt/ros/jazzy DEBUGINFOD_URLS=https://debuginfod.ubuntu.com /usr/bin/cmake --install /home/ngan/Documents/test_github/lesson6_ws/build/rmitbot_localization
[3.513s] Level 1:colcon.colcon_core.shell:create_environment_hook('rmitbot_localization', 'cmake_prefix_path')
[3.513s] INFO:colcon.colcon_core.shell:Creating environment descriptor '/home/ngan/Documents/test_github/lesson6_ws/install/rmitbot_localization/share/rmitbot_localization/hook/cmake_prefix_path.dsv'
[3.527s] INFO:colcon.colcon_core.shell:Creating environment hook '/home/ngan/Documents/test_github/lesson6_ws/install/rmitbot_localization/share/rmitbot_localization/hook/cmake_prefix_path.sh'
[3.531s] Level 1:colcon.colcon_core.environment:checking '/home/ngan/Documents/test_github/lesson6_ws/install/rmitbot_localization/bin'
[3.531s] Level 1:colcon.colcon_core.environment:checking '/home/ngan/Documents/test_github/lesson6_ws/install/rmitbot_localization/lib/pkgconfig/rmitbot_localization.pc'
[3.532s] Level 1:colcon.colcon_core.environment:checking '/home/ngan/Documents/test_github/lesson6_ws/install/rmitbot_localization/lib/python3.12/site-packages'
[3.540s] Level 1:colcon.colcon_core.environment:checking '/home/ngan/Documents/test_github/lesson6_ws/install/rmitbot_localization/bin'
[3.540s] INFO:colcon.colcon_core.shell:Creating package descriptor '/home/ngan/Documents/test_github/lesson6_ws/install/rmitbot_localization/share/rmitbot_localization/package.dsv'
[3.548s] INFO:colcon.colcon_core.shell:Creating package script '/home/ngan/Documents/test_github/lesson6_ws/install/rmitbot_localization/share/rmitbot_localization/package.sh'
[3.558s] INFO:colcon.colcon_core.shell:Creating package script '/home/ngan/Documents/test_github/lesson6_ws/install/rmitbot_localization/share/rmitbot_localization/package.bash'
[3.567s] INFO:colcon.colcon_core.shell:Creating package script '/home/ngan/Documents/test_github/lesson6_ws/install/rmitbot_localization/share/rmitbot_localization/package.zsh'
[3.572s] Level 1:colcon.colcon_core.environment:create_file_with_runtime_dependencies(/home/ngan/Documents/test_github/lesson6_ws/install/rmitbot_localization/share/colcon-core/packages/rmitbot_localization)
[3.578s] Level 1:colcon.colcon_core.environment:create_environment_scripts_only(rmitbot_localization)
[3.579s] Level 1:colcon.colcon_core.environment:checking '/home/ngan/Documents/test_github/lesson6_ws/install/rmitbot_localization' for CMake module files
[3.583s] Level 1:colcon.colcon_core.environment:checking '/home/ngan/Documents/test_github/lesson6_ws/install/rmitbot_localization' for CMake config files
[3.583s] Level 1:colcon.colcon_core.shell:create_environment_hook('rmitbot_localization', 'cmake_prefix_path')
[3.584s] INFO:colcon.colcon_core.shell:Creating environment descriptor '/home/ngan/Documents/test_github/lesson6_ws/install/rmitbot_localization/share/rmitbot_localization/hook/cmake_prefix_path.dsv'
[3.585s] INFO:colcon.colcon_core.shell:Creating environment hook '/home/ngan/Documents/test_github/lesson6_ws/install/rmitbot_localization/share/rmitbot_localization/hook/cmake_prefix_path.sh'
[3.587s] Level 1:colcon.colcon_core.environment:checking '/home/ngan/Documents/test_github/lesson6_ws/install/rmitbot_localization/bin'
[3.588s] Level 1:colcon.colcon_core.environment:checking '/home/ngan/Documents/test_github/lesson6_ws/install/rmitbot_localization/lib/pkgconfig/rmitbot_localization.pc'
[3.588s] Level 1:colcon.colcon_core.environment:checking '/home/ngan/Documents/test_github/lesson6_ws/install/rmitbot_localization/lib/python3.12/site-packages'
[3.588s] Level 1:colcon.colcon_core.environment:checking '/home/ngan/Documents/test_github/lesson6_ws/install/rmitbot_localization/bin'
[3.589s] INFO:colcon.colcon_core.shell:Creating package descriptor '/home/ngan/Documents/test_github/lesson6_ws/install/rmitbot_localization/share/rmitbot_localization/package.dsv'
[3.591s] INFO:colcon.colcon_core.shell:Creating package script '/home/ngan/Documents/test_github/lesson6_ws/install/rmitbot_localization/share/rmitbot_localization/package.sh'
[3.592s] INFO:colcon.colcon_core.shell:Creating package script '/home/ngan/Documents/test_github/lesson6_ws/install/rmitbot_localization/share/rmitbot_localization/package.bash'
[3.593s] INFO:colcon.colcon_core.shell:Creating package script '/home/ngan/Documents/test_github/lesson6_ws/install/rmitbot_localization/share/rmitbot_localization/package.zsh'
[3.598s] Level 1:colcon.colcon_core.environment:create_file_with_runtime_dependencies(/home/ngan/Documents/test_github/lesson6_ws/install/rmitbot_localization/share/colcon-core/packages/rmitbot_localization)
[3.604s] Level 1:colcon.colcon_core.environment:create_environment_scripts_only(rmitbot_mapping)
[3.605s] Level 1:colcon.colcon_core.environment:checking '/home/ngan/Documents/test_github/lesson6_ws/install/rmitbot_mapping' for CMake module files
[3.606s] Level 1:colcon.colcon_core.environment:checking '/home/ngan/Documents/test_github/lesson6_ws/install/rmitbot_mapping' for CMake config files
[3.606s] Level 1:colcon.colcon_core.shell:create_environment_hook('rmitbot_mapping', 'cmake_prefix_path')
[3.610s] INFO:colcon.colcon_core.shell:Creating environment descriptor '/home/ngan/Documents/test_github/lesson6_ws/install/rmitbot_mapping/share/rmitbot_mapping/hook/cmake_prefix_path.dsv'
[3.611s] DEBUG:colcon.colcon_core.event_handler.log_command:Invoked command in '/home/ngan/Documents/test_github/lesson6_ws/build/rmitbot_mapping' returned '0': CMAKE_PREFIX_PATH=${CMAKE_PREFIX_PATH}:/home/ngan/Documents/test_github/lesson6_ws/install/stop_sign_control:/home/ngan/Documents/test_github/lesson6_ws/install/opencv_tests:/opt/ros/jazzy DEBUGINFOD_URLS=https://debuginfod.ubuntu.com /usr/bin/cmake --install /home/ngan/Documents/test_github/lesson6_ws/build/rmitbot_mapping
[3.614s] INFO:colcon.colcon_core.shell:Creating environment hook '/home/ngan/Documents/test_github/lesson6_ws/install/rmitbot_mapping/share/rmitbot_mapping/hook/cmake_prefix_path.sh'
[3.617s] Level 1:colcon.colcon_core.environment:checking '/home/ngan/Documents/test_github/lesson6_ws/install/rmitbot_mapping/bin'
[3.617s] Level 1:colcon.colcon_core.environment:checking '/home/ngan/Documents/test_github/lesson6_ws/install/rmitbot_mapping/lib/pkgconfig/rmitbot_mapping.pc'
[3.617s] Level 1:colcon.colcon_core.environment:checking '/home/ngan/Documents/test_github/lesson6_ws/install/rmitbot_mapping/lib/python3.12/site-packages'
[3.617s] Level 1:colcon.colcon_core.environment:checking '/home/ngan/Documents/test_github/lesson6_ws/install/rmitbot_mapping/bin'
[3.618s] INFO:colcon.colcon_core.shell:Creating package descriptor '/home/ngan/Documents/test_github/lesson6_ws/install/rmitbot_mapping/share/rmitbot_mapping/package.dsv'
[3.618s] INFO:colcon.colcon_core.shell:Creating package script '/home/ngan/Documents/test_github/lesson6_ws/install/rmitbot_mapping/share/rmitbot_mapping/package.sh'
[3.626s] INFO:colcon.colcon_core.shell:Creating package script '/home/ngan/Documents/test_github/lesson6_ws/install/rmitbot_mapping/share/rmitbot_mapping/package.bash'
[3.630s] INFO:colcon.colcon_core.shell:Creating package script '/home/ngan/Documents/test_github/lesson6_ws/install/rmitbot_mapping/share/rmitbot_mapping/package.zsh'
[3.631s] Level 1:colcon.colcon_core.environment:create_file_with_runtime_dependencies(/home/ngan/Documents/test_github/lesson6_ws/install/rmitbot_mapping/share/colcon-core/packages/rmitbot_mapping)
[3.638s] Level 1:colcon.colcon_core.environment:create_environment_scripts_only(rmitbot_mapping)
[3.639s] Level 1:colcon.colcon_core.environment:checking '/home/ngan/Documents/test_github/lesson6_ws/install/rmitbot_mapping' for CMake module files
[3.641s] Level 1:colcon.colcon_core.environment:checking '/home/ngan/Documents/test_github/lesson6_ws/install/rmitbot_mapping' for CMake config files
[3.641s] Level 1:colcon.colcon_core.shell:create_environment_hook('rmitbot_mapping', 'cmake_prefix_path')
[3.642s] INFO:colcon.colcon_core.shell:Creating environment descriptor '/home/ngan/Documents/test_github/lesson6_ws/install/rmitbot_mapping/share/rmitbot_mapping/hook/cmake_prefix_path.dsv'
[3.644s] INFO:colcon.colcon_core.shell:Creating environment hook '/home/ngan/Documents/test_github/lesson6_ws/install/rmitbot_mapping/share/rmitbot_mapping/hook/cmake_prefix_path.sh'
[3.654s] Level 1:colcon.colcon_core.environment:checking '/home/ngan/Documents/test_github/lesson6_ws/install/rmitbot_mapping/bin'
[3.654s] Level 1:colcon.colcon_core.environment:checking '/home/ngan/Documents/test_github/lesson6_ws/install/rmitbot_mapping/lib/pkgconfig/rmitbot_mapping.pc'
[3.654s] Level 1:colcon.colcon_core.environment:checking '/home/ngan/Documents/test_github/lesson6_ws/install/rmitbot_mapping/lib/python3.12/site-packages'
[3.654s] Level 1:colcon.colcon_core.environment:checking '/home/ngan/Documents/test_github/lesson6_ws/install/rmitbot_mapping/bin'
[3.655s] INFO:colcon.colcon_core.shell:Creating package descriptor '/home/ngan/Documents/test_github/lesson6_ws/install/rmitbot_mapping/share/rmitbot_mapping/package.dsv'
[3.658s] INFO:colcon.colcon_core.shell:Creating package script '/home/ngan/Documents/test_github/lesson6_ws/install/rmitbot_mapping/share/rmitbot_mapping/package.sh'
[3.666s] INFO:colcon.colcon_core.shell:Creating package script '/home/ngan/Documents/test_github/lesson6_ws/install/rmitbot_mapping/share/rmitbot_mapping/package.bash'
[3.667s] INFO:colcon.colcon_core.shell:Creating package script '/home/ngan/Documents/test_github/lesson6_ws/install/rmitbot_mapping/share/rmitbot_mapping/package.zsh'
[3.690s] Level 1:colcon.colcon_core.environment:create_file_with_runtime_dependencies(/home/ngan/Documents/test_github/lesson6_ws/install/rmitbot_mapping/share/colcon-core/packages/rmitbot_mapping)
[3.818s] DEBUG:colcon.colcon_core.event_handler.log_command:Invoked command in '/home/ngan/Documents/test_github/lesson6_ws/build/vision_opencv' returned '0': CMAKE_PREFIX_PATH=/home/ngan/Documents/test_github/lesson6_ws/install/image_geometry:/home/ngan/Documents/test_github/lesson6_ws/install/cv_bridge:/home/ngan/Documents/test_github/lesson6_ws/install/vision_opencv:/home/ngan/Documents/test_github/lesson6_ws/install/rmitbot_mapping:/home/ngan/Documents/test_github/lesson6_ws/install/rmitbot_localization:/home/ngan/Documents/test_github/lesson6_ws/install/rmitbot_firmware:/home/ngan/Documents/test_github/lesson6_ws/install/rmitbot_description:/home/ngan/Documents/test_github/lesson6_ws/install/rmitbot_controller:/home/ngan/Documents/test_github/lesson6_ws/install/rmitbot_bringup:/home/ngan/Documents/test_github/lesson6_ws/install/darknet_ros:/home/ngan/Documents/test_github/lesson6_ws/install/darknet_ros_msgs:/home/ngan/Documents/test_github/lesson6_ws/install/Darknet:/opt/ros/jazzy/opt/gz_sim_vendor:/opt/ros/jazzy/opt/gz_sensors_vendor:/opt/ros/jazzy/opt/gz_physics_vendor:/opt/ros/jazzy/opt/sdformat_vendor:/opt/ros/jazzy/opt/gz_gui_vendor:/opt/ros/jazzy/opt/gz_transport_vendor:/opt/ros/jazzy/opt/gz_rendering_vendor:/opt/ros/jazzy/opt/gz_plugin_vendor:/opt/ros/jazzy/opt/gz_fuel_tools_vendor:/opt/ros/jazzy/opt/gz_msgs_vendor:/opt/ros/jazzy/opt/gz_common_vendor:/opt/ros/jazzy/opt/gz_math_vendor:/opt/ros/jazzy/opt/gz_utils_vendor:/opt/ros/jazzy/opt/gz_tools_vendor:/opt/ros/jazzy/opt/gz_ogre_next_vendor:/opt/ros/jazzy/opt/gz_dartsim_vendor:/opt/ros/jazzy/opt/gz_cmake_vendor:/home/ngan/Documents/test_github/lesson6_ws/install/stop_sign_control:/home/ngan/Documents/test_github/lesson6_ws/install/opencv_tests:/opt/ros/jazzy DEBUGINFOD_URLS=https://debuginfod.ubuntu.com LD_LIBRARY_PATH=/home/ngan/Documents/test_github/lesson6_ws/install/image_geometry/lib:/home/ngan/Documents/test_github/lesson6_ws/install/cv_bridge/lib:/home/ngan/Documents/test_github/lesson6_ws/install/rmitbot_firmware/lib:/home/ngan/Documents/test_github/lesson6_ws/install/darknet_ros/lib:/home/ngan/Documents/test_github/lesson6_ws/install/darknet_ros_msgs/lib:/opt/ros/jazzy/opt/gz_sim_vendor/lib:/opt/ros/jazzy/opt/gz_sensors_vendor/lib:/opt/ros/jazzy/opt/gz_physics_vendor/lib:/opt/ros/jazzy/opt/sdformat_vendor/lib:/opt/ros/jazzy/opt/rviz_ogre_vendor/lib:/opt/ros/jazzy/lib/aarch64-linux-gnu:/opt/ros/jazzy/opt/gz_gui_vendor/lib:/opt/ros/jazzy/opt/gz_transport_vendor/lib:/opt/ros/jazzy/opt/gz_rendering_vendor/lib:/opt/ros/jazzy/opt/gz_plugin_vendor/lib:/opt/ros/jazzy/opt/gz_fuel_tools_vendor/lib:/opt/ros/jazzy/opt/gz_msgs_vendor/lib:/opt/ros/jazzy/opt/gz_common_vendor/lib:/opt/ros/jazzy/opt/gz_math_vendor/lib:/opt/ros/jazzy/opt/gz_utils_vendor/lib:/opt/ros/jazzy/opt/gz_tools_vendor/lib:/opt/ros/jazzy/opt/gz_ogre_next_vendor/lib:/opt/ros/jazzy/opt/gz_dartsim_vendor/lib:/opt/ros/jazzy/opt/gz_cmake_vendor/lib:/opt/ros/jazzy/lib PYTHONPATH=/home/ngan/Documents/test_github/lesson6_ws/install/image_geometry/lib/python3.12/site-packages:/home/ngan/Documents/test_github/lesson6_ws/install/cv_bridge/lib/python3.12/site-packages:/home/ngan/Documents/test_github/lesson6_ws/install/stop_sign_control/lib/python3.12/site-packages:/home/ngan/Documents/test_github/lesson6_ws/install/opencv_tests/lib/python3.12/site-packages:/home/ngan/Documents/test_github/lesson6_ws/install/darknet_ros_msgs/lib/python3.12/site-packages:/opt/ros/jazzy/lib/python3.12/site-packages /usr/bin/cmake --build /home/ngan/Documents/test_github/lesson6_ws/build/vision_opencv -- -j4 -l4
[3.825s] DEBUG:colcon.colcon_core.event_handler.log_command:Invoking command in '/home/ngan/Documents/test_github/lesson6_ws/build/vision_opencv': CMAKE_PREFIX_PATH=/home/ngan/Documents/test_github/lesson6_ws/install/image_geometry:/home/ngan/Documents/test_github/lesson6_ws/install/cv_bridge:/home/ngan/Documents/test_github/lesson6_ws/install/vision_opencv:/home/ngan/Documents/test_github/lesson6_ws/install/rmitbot_mapping:/home/ngan/Documents/test_github/lesson6_ws/install/rmitbot_localization:/home/ngan/Documents/test_github/lesson6_ws/install/rmitbot_firmware:/home/ngan/Documents/test_github/lesson6_ws/install/rmitbot_description:/home/ngan/Documents/test_github/lesson6_ws/install/rmitbot_controller:/home/ngan/Documents/test_github/lesson6_ws/install/rmitbot_bringup:/home/ngan/Documents/test_github/lesson6_ws/install/darknet_ros:/home/ngan/Documents/test_github/lesson6_ws/install/darknet_ros_msgs:/home/ngan/Documents/test_github/lesson6_ws/install/Darknet:/opt/ros/jazzy/opt/gz_sim_vendor:/opt/ros/jazzy/opt/gz_sensors_vendor:/opt/ros/jazzy/opt/gz_physics_vendor:/opt/ros/jazzy/opt/sdformat_vendor:/opt/ros/jazzy/opt/gz_gui_vendor:/opt/ros/jazzy/opt/gz_transport_vendor:/opt/ros/jazzy/opt/gz_rendering_vendor:/opt/ros/jazzy/opt/gz_plugin_vendor:/opt/ros/jazzy/opt/gz_fuel_tools_vendor:/opt/ros/jazzy/opt/gz_msgs_vendor:/opt/ros/jazzy/opt/gz_common_vendor:/opt/ros/jazzy/opt/gz_math_vendor:/opt/ros/jazzy/opt/gz_utils_vendor:/opt/ros/jazzy/opt/gz_tools_vendor:/opt/ros/jazzy/opt/gz_ogre_next_vendor:/opt/ros/jazzy/opt/gz_dartsim_vendor:/opt/ros/jazzy/opt/gz_cmake_vendor:/home/ngan/Documents/test_github/lesson6_ws/install/stop_sign_control:/home/ngan/Documents/test_github/lesson6_ws/install/opencv_tests:/opt/ros/jazzy DEBUGINFOD_URLS=https://debuginfod.ubuntu.com LD_LIBRARY_PATH=/home/ngan/Documents/test_github/lesson6_ws/install/image_geometry/lib:/home/ngan/Documents/test_github/lesson6_ws/install/cv_bridge/lib:/home/ngan/Documents/test_github/lesson6_ws/install/rmitbot_firmware/lib:/home/ngan/Documents/test_github/lesson6_ws/install/darknet_ros/lib:/home/ngan/Documents/test_github/lesson6_ws/install/darknet_ros_msgs/lib:/opt/ros/jazzy/opt/gz_sim_vendor/lib:/opt/ros/jazzy/opt/gz_sensors_vendor/lib:/opt/ros/jazzy/opt/gz_physics_vendor/lib:/opt/ros/jazzy/opt/sdformat_vendor/lib:/opt/ros/jazzy/opt/rviz_ogre_vendor/lib:/opt/ros/jazzy/lib/aarch64-linux-gnu:/opt/ros/jazzy/opt/gz_gui_vendor/lib:/opt/ros/jazzy/opt/gz_transport_vendor/lib:/opt/ros/jazzy/opt/gz_rendering_vendor/lib:/opt/ros/jazzy/opt/gz_plugin_vendor/lib:/opt/ros/jazzy/opt/gz_fuel_tools_vendor/lib:/opt/ros/jazzy/opt/gz_msgs_vendor/lib:/opt/ros/jazzy/opt/gz_common_vendor/lib:/opt/ros/jazzy/opt/gz_math_vendor/lib:/opt/ros/jazzy/opt/gz_utils_vendor/lib:/opt/ros/jazzy/opt/gz_tools_vendor/lib:/opt/ros/jazzy/opt/gz_ogre_next_vendor/lib:/opt/ros/jazzy/opt/gz_dartsim_vendor/lib:/opt/ros/jazzy/opt/gz_cmake_vendor/lib:/opt/ros/jazzy/lib PYTHONPATH=/home/ngan/Documents/test_github/lesson6_ws/install/image_geometry/lib/python3.12/site-packages:/home/ngan/Documents/test_github/lesson6_ws/install/cv_bridge/lib/python3.12/site-packages:/home/ngan/Documents/test_github/lesson6_ws/install/stop_sign_control/lib/python3.12/site-packages:/home/ngan/Documents/test_github/lesson6_ws/install/opencv_tests/lib/python3.12/site-packages:/home/ngan/Documents/test_github/lesson6_ws/install/darknet_ros_msgs/lib/python3.12/site-packages:/opt/ros/jazzy/lib/python3.12/site-packages /usr/bin/cmake --install /home/ngan/Documents/test_github/lesson6_ws/build/vision_opencv
[3.863s] Level 1:colcon.colcon_core.environment:create_environment_scripts_only(vision_opencv)
[3.863s] Level 1:colcon.colcon_core.environment:checking '/home/ngan/Documents/test_github/lesson6_ws/install/vision_opencv' for CMake module files
[3.864s] Level 1:colcon.colcon_core.environment:checking '/home/ngan/Documents/test_github/lesson6_ws/install/vision_opencv' for CMake config files
[3.864s] DEBUG:colcon.colcon_core.event_handler.log_command:Invoked command in '/home/ngan/Documents/test_github/lesson6_ws/build/vision_opencv' returned '0': CMAKE_PREFIX_PATH=/home/ngan/Documents/test_github/lesson6_ws/install/image_geometry:/home/ngan/Documents/test_github/lesson6_ws/install/cv_bridge:/home/ngan/Documents/test_github/lesson6_ws/install/vision_opencv:/home/ngan/Documents/test_github/lesson6_ws/install/rmitbot_mapping:/home/ngan/Documents/test_github/lesson6_ws/install/rmitbot_localization:/home/ngan/Documents/test_github/lesson6_ws/install/rmitbot_firmware:/home/ngan/Documents/test_github/lesson6_ws/install/rmitbot_description:/home/ngan/Documents/test_github/lesson6_ws/install/rmitbot_controller:/home/ngan/Documents/test_github/lesson6_ws/install/rmitbot_bringup:/home/ngan/Documents/test_github/lesson6_ws/install/darknet_ros:/home/ngan/Documents/test_github/lesson6_ws/install/darknet_ros_msgs:/home/ngan/Documents/test_github/lesson6_ws/install/Darknet:/opt/ros/jazzy/opt/gz_sim_vendor:/opt/ros/jazzy/opt/gz_sensors_vendor:/opt/ros/jazzy/opt/gz_physics_vendor:/opt/ros/jazzy/opt/sdformat_vendor:/opt/ros/jazzy/opt/gz_gui_vendor:/opt/ros/jazzy/opt/gz_transport_vendor:/opt/ros/jazzy/opt/gz_rendering_vendor:/opt/ros/jazzy/opt/gz_plugin_vendor:/opt/ros/jazzy/opt/gz_fuel_tools_vendor:/opt/ros/jazzy/opt/gz_msgs_vendor:/opt/ros/jazzy/opt/gz_common_vendor:/opt/ros/jazzy/opt/gz_math_vendor:/opt/ros/jazzy/opt/gz_utils_vendor:/opt/ros/jazzy/opt/gz_tools_vendor:/opt/ros/jazzy/opt/gz_ogre_next_vendor:/opt/ros/jazzy/opt/gz_dartsim_vendor:/opt/ros/jazzy/opt/gz_cmake_vendor:/home/ngan/Documents/test_github/lesson6_ws/install/stop_sign_control:/home/ngan/Documents/test_github/lesson6_ws/install/opencv_tests:/opt/ros/jazzy DEBUGINFOD_URLS=https://debuginfod.ubuntu.com LD_LIBRARY_PATH=/home/ngan/Documents/test_github/lesson6_ws/install/image_geometry/lib:/home/ngan/Documents/test_github/lesson6_ws/install/cv_bridge/lib:/home/ngan/Documents/test_github/lesson6_ws/install/rmitbot_firmware/lib:/home/ngan/Documents/test_github/lesson6_ws/install/darknet_ros/lib:/home/ngan/Documents/test_github/lesson6_ws/install/darknet_ros_msgs/lib:/opt/ros/jazzy/opt/gz_sim_vendor/lib:/opt/ros/jazzy/opt/gz_sensors_vendor/lib:/opt/ros/jazzy/opt/gz_physics_vendor/lib:/opt/ros/jazzy/opt/sdformat_vendor/lib:/opt/ros/jazzy/opt/rviz_ogre_vendor/lib:/opt/ros/jazzy/lib/aarch64-linux-gnu:/opt/ros/jazzy/opt/gz_gui_vendor/lib:/opt/ros/jazzy/opt/gz_transport_vendor/lib:/opt/ros/jazzy/opt/gz_rendering_vendor/lib:/opt/ros/jazzy/opt/gz_plugin_vendor/lib:/opt/ros/jazzy/opt/gz_fuel_tools_vendor/lib:/opt/ros/jazzy/opt/gz_msgs_vendor/lib:/opt/ros/jazzy/opt/gz_common_vendor/lib:/opt/ros/jazzy/opt/gz_math_vendor/lib:/opt/ros/jazzy/opt/gz_utils_vendor/lib:/opt/ros/jazzy/opt/gz_tools_vendor/lib:/opt/ros/jazzy/opt/gz_ogre_next_vendor/lib:/opt/ros/jazzy/opt/gz_dartsim_vendor/lib:/opt/ros/jazzy/opt/gz_cmake_vendor/lib:/opt/ros/jazzy/lib PYTHONPATH=/home/ngan/Documents/test_github/lesson6_ws/install/image_geometry/lib/python3.12/site-packages:/home/ngan/Documents/test_github/lesson6_ws/install/cv_bridge/lib/python3.12/site-packages:/home/ngan/Documents/test_github/lesson6_ws/install/stop_sign_control/lib/python3.12/site-packages:/home/ngan/Documents/test_github/lesson6_ws/install/opencv_tests/lib/python3.12/site-packages:/home/ngan/Documents/test_github/lesson6_ws/install/darknet_ros_msgs/lib/python3.12/site-packages:/opt/ros/jazzy/lib/python3.12/site-packages /usr/bin/cmake --install /home/ngan/Documents/test_github/lesson6_ws/build/vision_opencv
[3.865s] Level 1:colcon.colcon_core.shell:create_environment_hook('vision_opencv', 'cmake_prefix_path')
[3.866s] INFO:colcon.colcon_core.shell:Creating environment descriptor '/home/ngan/Documents/test_github/lesson6_ws/install/vision_opencv/share/vision_opencv/hook/cmake_prefix_path.dsv'
[3.868s] INFO:colcon.colcon_core.shell:Creating environment hook '/home/ngan/Documents/test_github/lesson6_ws/install/vision_opencv/share/vision_opencv/hook/cmake_prefix_path.sh'
[3.874s] Level 1:colcon.colcon_core.environment:checking '/home/ngan/Documents/test_github/lesson6_ws/install/vision_opencv/bin'
[3.874s] Level 1:colcon.colcon_core.environment:checking '/home/ngan/Documents/test_github/lesson6_ws/install/vision_opencv/lib/pkgconfig/vision_opencv.pc'
[3.875s] Level 1:colcon.colcon_core.environment:checking '/home/ngan/Documents/test_github/lesson6_ws/install/vision_opencv/lib/python3.12/site-packages'
[3.875s] Level 1:colcon.colcon_core.environment:checking '/home/ngan/Documents/test_github/lesson6_ws/install/vision_opencv/bin'
[3.876s] INFO:colcon.colcon_core.shell:Creating package descriptor '/home/ngan/Documents/test_github/lesson6_ws/install/vision_opencv/share/vision_opencv/package.dsv'
[3.878s] INFO:colcon.colcon_core.shell:Creating package script '/home/ngan/Documents/test_github/lesson6_ws/install/vision_opencv/share/vision_opencv/package.sh'
[3.880s] INFO:colcon.colcon_core.shell:Creating package script '/home/ngan/Documents/test_github/lesson6_ws/install/vision_opencv/share/vision_opencv/package.bash'
[3.887s] INFO:colcon.colcon_core.shell:Creating package script '/home/ngan/Documents/test_github/lesson6_ws/install/vision_opencv/share/vision_opencv/package.zsh'
[3.890s] Level 1:colcon.colcon_core.environment:create_file_with_runtime_dependencies(/home/ngan/Documents/test_github/lesson6_ws/install/vision_opencv/share/colcon-core/packages/vision_opencv)
[3.902s] Level 1:colcon.colcon_core.environment:create_environment_scripts_only(vision_opencv)
[3.902s] Level 1:colcon.colcon_core.environment:checking '/home/ngan/Documents/test_github/lesson6_ws/install/vision_opencv' for CMake module files
[3.905s] Level 1:colcon.colcon_core.environment:checking '/home/ngan/Documents/test_github/lesson6_ws/install/vision_opencv' for CMake config files
[3.906s] Level 1:colcon.colcon_core.shell:create_environment_hook('vision_opencv', 'cmake_prefix_path')
[3.906s] INFO:colcon.colcon_core.shell:Creating environment descriptor '/home/ngan/Documents/test_github/lesson6_ws/install/vision_opencv/share/vision_opencv/hook/cmake_prefix_path.dsv'
[3.908s] INFO:colcon.colcon_core.shell:Creating environment hook '/home/ngan/Documents/test_github/lesson6_ws/install/vision_opencv/share/vision_opencv/hook/cmake_prefix_path.sh'
[3.911s] Level 1:colcon.colcon_core.environment:checking '/home/ngan/Documents/test_github/lesson6_ws/install/vision_opencv/bin'
[3.912s] Level 1:colcon.colcon_core.environment:checking '/home/ngan/Documents/test_github/lesson6_ws/install/vision_opencv/lib/pkgconfig/vision_opencv.pc'
[3.912s] Level 1:colcon.colcon_core.environment:checking '/home/ngan/Documents/test_github/lesson6_ws/install/vision_opencv/lib/python3.12/site-packages'
[3.913s] Level 1:colcon.colcon_core.environment:checking '/home/ngan/Documents/test_github/lesson6_ws/install/vision_opencv/bin'
[3.913s] INFO:colcon.colcon_core.shell:Creating package descriptor '/home/ngan/Documents/test_github/lesson6_ws/install/vision_opencv/share/vision_opencv/package.dsv'
[3.916s] INFO:colcon.colcon_core.shell:Creating package script '/home/ngan/Documents/test_github/lesson6_ws/install/vision_opencv/share/vision_opencv/package.sh'
[3.918s] INFO:colcon.colcon_core.shell:Creating package script '/home/ngan/Documents/test_github/lesson6_ws/install/vision_opencv/share/vision_opencv/package.bash'
[3.923s] INFO:colcon.colcon_core.shell:Creating package script '/home/ngan/Documents/test_github/lesson6_ws/install/vision_opencv/share/vision_opencv/package.zsh'
[3.926s] Level 1:colcon.colcon_core.environment:create_file_with_runtime_dependencies(/home/ngan/Documents/test_github/lesson6_ws/install/vision_opencv/share/colcon-core/packages/vision_opencv)
[3.984s] DEBUG:colcon.colcon_core.event_handler.log_command:Invoked command in '/home/ngan/Documents/test_github/lesson6_ws/build/darknet_ros_msgs' returned '0': CMAKE_PREFIX_PATH=${CMAKE_PREFIX_PATH}:/home/ngan/Documents/test_github/lesson6_ws/install/stop_sign_control:/home/ngan/Documents/test_github/lesson6_ws/install/opencv_tests:/opt/ros/jazzy DEBUGINFOD_URLS=https://debuginfod.ubuntu.com /usr/bin/cmake --build /home/ngan/Documents/test_github/lesson6_ws/build/darknet_ros_msgs -- -j4 -l4
[3.994s] DEBUG:colcon.colcon_core.event_handler.log_command:Invoking command in '/home/ngan/Documents/test_github/lesson6_ws/build/darknet_ros_msgs': CMAKE_PREFIX_PATH=${CMAKE_PREFIX_PATH}:/home/ngan/Documents/test_github/lesson6_ws/install/stop_sign_control:/home/ngan/Documents/test_github/lesson6_ws/install/opencv_tests:/opt/ros/jazzy DEBUGINFOD_URLS=https://debuginfod.ubuntu.com /usr/bin/cmake --install /home/ngan/Documents/test_github/lesson6_ws/build/darknet_ros_msgs
[4.424s] Level 1:colcon.colcon_core.environment:create_environment_scripts_only(darknet_ros_msgs)
[4.424s] Level 1:colcon.colcon_core.environment:checking '/home/ngan/Documents/test_github/lesson6_ws/install/darknet_ros_msgs' for CMake module files
[4.425s] Level 1:colcon.colcon_core.environment:checking '/home/ngan/Documents/test_github/lesson6_ws/install/darknet_ros_msgs' for CMake config files
[4.427s] DEBUG:colcon.colcon_core.event_handler.log_command:Invoked command in '/home/ngan/Documents/test_github/lesson6_ws/build/darknet_ros_msgs' returned '0': CMAKE_PREFIX_PATH=${CMAKE_PREFIX_PATH}:/home/ngan/Documents/test_github/lesson6_ws/install/stop_sign_control:/home/ngan/Documents/test_github/lesson6_ws/install/opencv_tests:/opt/ros/jazzy DEBUGINFOD_URLS=https://debuginfod.ubuntu.com /usr/bin/cmake --install /home/ngan/Documents/test_github/lesson6_ws/build/darknet_ros_msgs
[4.429s] Level 1:colcon.colcon_core.shell:create_environment_hook('darknet_ros_msgs', 'cmake_prefix_path')
[4.429s] INFO:colcon.colcon_core.shell:Creating environment descriptor '/home/ngan/Documents/test_github/lesson6_ws/install/darknet_ros_msgs/share/darknet_ros_msgs/hook/cmake_prefix_path.dsv'
[4.430s] INFO:colcon.colcon_core.shell:Creating environment hook '/home/ngan/Documents/test_github/lesson6_ws/install/darknet_ros_msgs/share/darknet_ros_msgs/hook/cmake_prefix_path.sh'
[4.433s] Level 1:colcon.colcon_core.environment:checking '/home/ngan/Documents/test_github/lesson6_ws/install/darknet_ros_msgs/lib'
[4.433s] Level 1:colcon.colcon_core.shell:create_environment_hook('darknet_ros_msgs', 'ld_library_path_lib')
[4.433s] INFO:colcon.colcon_core.shell:Creating environment descriptor '/home/ngan/Documents/test_github/lesson6_ws/install/darknet_ros_msgs/share/darknet_ros_msgs/hook/ld_library_path_lib.dsv'
[4.434s] INFO:colcon.colcon_core.shell:Creating environment hook '/home/ngan/Documents/test_github/lesson6_ws/install/darknet_ros_msgs/share/darknet_ros_msgs/hook/ld_library_path_lib.sh'
[4.435s] Level 1:colcon.colcon_core.environment:checking '/home/ngan/Documents/test_github/lesson6_ws/install/darknet_ros_msgs/bin'
[4.435s] Level 1:colcon.colcon_core.environment:checking '/home/ngan/Documents/test_github/lesson6_ws/install/darknet_ros_msgs/lib/pkgconfig/darknet_ros_msgs.pc'
[4.436s] Level 1:colcon.colcon_core.environment:checking '/home/ngan/Documents/test_github/lesson6_ws/install/darknet_ros_msgs/lib/python3.12/site-packages'
[4.436s] Level 1:colcon.colcon_core.shell:create_environment_hook('darknet_ros_msgs', 'pythonpath')
[4.436s] INFO:colcon.colcon_core.shell:Creating environment descriptor '/home/ngan/Documents/test_github/lesson6_ws/install/darknet_ros_msgs/share/darknet_ros_msgs/hook/pythonpath.dsv'
[4.437s] INFO:colcon.colcon_core.shell:Creating environment hook '/home/ngan/Documents/test_github/lesson6_ws/install/darknet_ros_msgs/share/darknet_ros_msgs/hook/pythonpath.sh'
[4.439s] Level 1:colcon.colcon_core.environment:checking '/home/ngan/Documents/test_github/lesson6_ws/install/darknet_ros_msgs/bin'
[4.439s] INFO:colcon.colcon_core.shell:Creating package descriptor '/home/ngan/Documents/test_github/lesson6_ws/install/darknet_ros_msgs/share/darknet_ros_msgs/package.dsv'
[4.440s] INFO:colcon.colcon_core.shell:Creating package script '/home/ngan/Documents/test_github/lesson6_ws/install/darknet_ros_msgs/share/darknet_ros_msgs/package.sh'
[4.442s] INFO:colcon.colcon_core.shell:Creating package script '/home/ngan/Documents/test_github/lesson6_ws/install/darknet_ros_msgs/share/darknet_ros_msgs/package.bash'
[4.443s] INFO:colcon.colcon_core.shell:Creating package script '/home/ngan/Documents/test_github/lesson6_ws/install/darknet_ros_msgs/share/darknet_ros_msgs/package.zsh'
[4.449s] Level 1:colcon.colcon_core.environment:create_file_with_runtime_dependencies(/home/ngan/Documents/test_github/lesson6_ws/install/darknet_ros_msgs/share/colcon-core/packages/darknet_ros_msgs)
[4.452s] Level 1:colcon.colcon_core.environment:create_environment_scripts_only(darknet_ros_msgs)
[4.452s] Level 1:colcon.colcon_core.environment:checking '/home/ngan/Documents/test_github/lesson6_ws/install/darknet_ros_msgs' for CMake module files
[4.455s] Level 1:colcon.colcon_core.environment:checking '/home/ngan/Documents/test_github/lesson6_ws/install/darknet_ros_msgs' for CMake config files
[4.462s] Level 1:colcon.colcon_core.shell:create_environment_hook('darknet_ros_msgs', 'cmake_prefix_path')
[4.463s] INFO:colcon.colcon_core.shell:Creating environment descriptor '/home/ngan/Documents/test_github/lesson6_ws/install/darknet_ros_msgs/share/darknet_ros_msgs/hook/cmake_prefix_path.dsv'
[4.465s] INFO:colcon.colcon_core.shell:Creating environment hook '/home/ngan/Documents/test_github/lesson6_ws/install/darknet_ros_msgs/share/darknet_ros_msgs/hook/cmake_prefix_path.sh'
[4.467s] Level 1:colcon.colcon_core.environment:checking '/home/ngan/Documents/test_github/lesson6_ws/install/darknet_ros_msgs/lib'
[4.467s] Level 1:colcon.colcon_core.shell:create_environment_hook('darknet_ros_msgs', 'ld_library_path_lib')
[4.467s] INFO:colcon.colcon_core.shell:Creating environment descriptor '/home/ngan/Documents/test_github/lesson6_ws/install/darknet_ros_msgs/share/darknet_ros_msgs/hook/ld_library_path_lib.dsv'
[4.469s] INFO:colcon.colcon_core.shell:Creating environment hook '/home/ngan/Documents/test_github/lesson6_ws/install/darknet_ros_msgs/share/darknet_ros_msgs/hook/ld_library_path_lib.sh'
[4.470s] Level 1:colcon.colcon_core.environment:checking '/home/ngan/Documents/test_github/lesson6_ws/install/darknet_ros_msgs/bin'
[4.470s] Level 1:colcon.colcon_core.environment:checking '/home/ngan/Documents/test_github/lesson6_ws/install/darknet_ros_msgs/lib/pkgconfig/darknet_ros_msgs.pc'
[4.471s] Level 1:colcon.colcon_core.environment:checking '/home/ngan/Documents/test_github/lesson6_ws/install/darknet_ros_msgs/lib/python3.12/site-packages'
[4.471s] Level 1:colcon.colcon_core.shell:create_environment_hook('darknet_ros_msgs', 'pythonpath')
[4.472s] INFO:colcon.colcon_core.shell:Creating environment descriptor '/home/ngan/Documents/test_github/lesson6_ws/install/darknet_ros_msgs/share/darknet_ros_msgs/hook/pythonpath.dsv'
[4.473s] INFO:colcon.colcon_core.shell:Creating environment hook '/home/ngan/Documents/test_github/lesson6_ws/install/darknet_ros_msgs/share/darknet_ros_msgs/hook/pythonpath.sh'
[4.474s] Level 1:colcon.colcon_core.environment:checking '/home/ngan/Documents/test_github/lesson6_ws/install/darknet_ros_msgs/bin'
[4.475s] INFO:colcon.colcon_core.shell:Creating package descriptor '/home/ngan/Documents/test_github/lesson6_ws/install/darknet_ros_msgs/share/darknet_ros_msgs/package.dsv'
[4.477s] INFO:colcon.colcon_core.shell:Creating package script '/home/ngan/Documents/test_github/lesson6_ws/install/darknet_ros_msgs/share/darknet_ros_msgs/package.sh'
[4.479s] INFO:colcon.colcon_core.shell:Creating package script '/home/ngan/Documents/test_github/lesson6_ws/install/darknet_ros_msgs/share/darknet_ros_msgs/package.bash'
[4.481s] INFO:colcon.colcon_core.shell:Creating package script '/home/ngan/Documents/test_github/lesson6_ws/install/darknet_ros_msgs/share/darknet_ros_msgs/package.zsh'
[4.482s] Level 1:colcon.colcon_core.environment:create_file_with_runtime_dependencies(/home/ngan/Documents/test_github/lesson6_ws/install/darknet_ros_msgs/share/colcon-core/packages/darknet_ros_msgs)
[4.483s] INFO:colcon.colcon_ros.task.ament_cmake.build:Building ROS package in '/home/ngan/Documents/test_github/lesson6_ws/src/rmitbot_vision/darknet_ros/darknet_ros/darknet_ros' with build type 'ament_cmake'
[4.483s] INFO:colcon.colcon_cmake.task.cmake.build:Building CMake package in '/home/ngan/Documents/test_github/lesson6_ws/src/rmitbot_vision/darknet_ros/darknet_ros/darknet_ros'
[4.484s] DEBUG:colcon.colcon_core.shell:Skip shell extension 'dsv' for command environment
[4.493s] INFO:colcon.colcon_ros.task.ament_python.build:Building ROS package in '/home/ngan/Documents/test_github/lesson6_ws/src/rmitbot_vision/stop_sign_control' with build type 'ament_python'
[4.493s] Level 1:colcon.colcon_core.shell:create_environment_hook('stop_sign_control', 'ament_prefix_path')
[4.494s] INFO:colcon.colcon_core.shell:Creating environment descriptor '/home/ngan/Documents/test_github/lesson6_ws/install/stop_sign_control/share/stop_sign_control/hook/ament_prefix_path.dsv'
[4.495s] INFO:colcon.colcon_core.shell:Creating environment hook '/home/ngan/Documents/test_github/lesson6_ws/install/stop_sign_control/share/stop_sign_control/hook/ament_prefix_path.sh'
[4.496s] DEBUG:colcon.colcon_core.shell:Skip shell extension 'dsv' for command environment
[4.534s] DEBUG:colcon.colcon_core.event_handler.log_command:Invoking command in '/home/ngan/Documents/test_github/lesson6_ws/build/darknet_ros': CMAKE_PREFIX_PATH=/home/ngan/Documents/test_github/lesson6_ws/install/darknet_ros_msgs:/home/ngan/Documents/test_github/lesson6_ws/install/cv_bridge:/home/ngan/Documents/test_github/lesson6_ws/install/vision_opencv:/home/ngan/Documents/test_github/lesson6_ws/install/rmitbot_mapping:/home/ngan/Documents/test_github/lesson6_ws/install/rmitbot_localization:/home/ngan/Documents/test_github/lesson6_ws/install/rmitbot_firmware:/home/ngan/Documents/test_github/lesson6_ws/install/rmitbot_description:/home/ngan/Documents/test_github/lesson6_ws/install/rmitbot_controller:/home/ngan/Documents/test_github/lesson6_ws/install/rmitbot_bringup:/home/ngan/Documents/test_github/lesson6_ws/install/image_geometry:/home/ngan/Documents/test_github/lesson6_ws/install/darknet_ros:/home/ngan/Documents/test_github/lesson6_ws/install/Darknet:/opt/ros/jazzy/opt/gz_sim_vendor:/opt/ros/jazzy/opt/gz_sensors_vendor:/opt/ros/jazzy/opt/gz_physics_vendor:/opt/ros/jazzy/opt/sdformat_vendor:/opt/ros/jazzy/opt/gz_gui_vendor:/opt/ros/jazzy/opt/gz_transport_vendor:/opt/ros/jazzy/opt/gz_rendering_vendor:/opt/ros/jazzy/opt/gz_plugin_vendor:/opt/ros/jazzy/opt/gz_fuel_tools_vendor:/opt/ros/jazzy/opt/gz_msgs_vendor:/opt/ros/jazzy/opt/gz_common_vendor:/opt/ros/jazzy/opt/gz_math_vendor:/opt/ros/jazzy/opt/gz_utils_vendor:/opt/ros/jazzy/opt/gz_tools_vendor:/opt/ros/jazzy/opt/gz_ogre_next_vendor:/opt/ros/jazzy/opt/gz_dartsim_vendor:/opt/ros/jazzy/opt/gz_cmake_vendor:/home/ngan/Documents/test_github/lesson6_ws/install/stop_sign_control:/home/ngan/Documents/test_github/lesson6_ws/install/opencv_tests:/opt/ros/jazzy DEBUGINFOD_URLS=https://debuginfod.ubuntu.com LD_LIBRARY_PATH=/home/ngan/Documents/test_github/lesson6_ws/install/darknet_ros_msgs/lib:/home/ngan/Documents/test_github/lesson6_ws/install/cv_bridge/lib:/home/ngan/Documents/test_github/lesson6_ws/install/rmitbot_firmware/lib:/home/ngan/Documents/test_github/lesson6_ws/install/image_geometry/lib:/home/ngan/Documents/test_github/lesson6_ws/install/darknet_ros/lib:/opt/ros/jazzy/opt/gz_sim_vendor/lib:/opt/ros/jazzy/opt/gz_sensors_vendor/lib:/opt/ros/jazzy/opt/gz_physics_vendor/lib:/opt/ros/jazzy/opt/sdformat_vendor/lib:/opt/ros/jazzy/opt/rviz_ogre_vendor/lib:/opt/ros/jazzy/lib/aarch64-linux-gnu:/opt/ros/jazzy/opt/gz_gui_vendor/lib:/opt/ros/jazzy/opt/gz_transport_vendor/lib:/opt/ros/jazzy/opt/gz_rendering_vendor/lib:/opt/ros/jazzy/opt/gz_plugin_vendor/lib:/opt/ros/jazzy/opt/gz_fuel_tools_vendor/lib:/opt/ros/jazzy/opt/gz_msgs_vendor/lib:/opt/ros/jazzy/opt/gz_common_vendor/lib:/opt/ros/jazzy/opt/gz_math_vendor/lib:/opt/ros/jazzy/opt/gz_utils_vendor/lib:/opt/ros/jazzy/opt/gz_tools_vendor/lib:/opt/ros/jazzy/opt/gz_ogre_next_vendor/lib:/opt/ros/jazzy/opt/gz_dartsim_vendor/lib:/opt/ros/jazzy/opt/gz_cmake_vendor/lib:/opt/ros/jazzy/lib PYTHONPATH=/home/ngan/Documents/test_github/lesson6_ws/install/darknet_ros_msgs/lib/python3.12/site-packages:/home/ngan/Documents/test_github/lesson6_ws/install/cv_bridge/lib/python3.12/site-packages:/home/ngan/Documents/test_github/lesson6_ws/install/stop_sign_control/lib/python3.12/site-packages:/home/ngan/Documents/test_github/lesson6_ws/install/opencv_tests/lib/python3.12/site-packages:/home/ngan/Documents/test_github/lesson6_ws/install/image_geometry/lib/python3.12/site-packages:/opt/ros/jazzy/lib/python3.12/site-packages /usr/bin/cmake --build /home/ngan/Documents/test_github/lesson6_ws/build/darknet_ros -- -j4 -l4
[5.907s] INFO:colcon.colcon_core.task.python.build:Building Python package in '/home/ngan/Documents/test_github/lesson6_ws/src/rmitbot_vision/stop_sign_control'
[5.923s] DEBUG:colcon.colcon_core.shell:Skip shell extension 'dsv' for command environment
[6.023s] DEBUG:colcon.colcon_core.event_handler.log_command:Invoked command in '/home/ngan/Documents/test_github/lesson6_ws/build/darknet_ros' returned '0': CMAKE_PREFIX_PATH=/home/ngan/Documents/test_github/lesson6_ws/install/darknet_ros_msgs:/home/ngan/Documents/test_github/lesson6_ws/install/cv_bridge:/home/ngan/Documents/test_github/lesson6_ws/install/vision_opencv:/home/ngan/Documents/test_github/lesson6_ws/install/rmitbot_mapping:/home/ngan/Documents/test_github/lesson6_ws/install/rmitbot_localization:/home/ngan/Documents/test_github/lesson6_ws/install/rmitbot_firmware:/home/ngan/Documents/test_github/lesson6_ws/install/rmitbot_description:/home/ngan/Documents/test_github/lesson6_ws/install/rmitbot_controller:/home/ngan/Documents/test_github/lesson6_ws/install/rmitbot_bringup:/home/ngan/Documents/test_github/lesson6_ws/install/image_geometry:/home/ngan/Documents/test_github/lesson6_ws/install/darknet_ros:/home/ngan/Documents/test_github/lesson6_ws/install/Darknet:/opt/ros/jazzy/opt/gz_sim_vendor:/opt/ros/jazzy/opt/gz_sensors_vendor:/opt/ros/jazzy/opt/gz_physics_vendor:/opt/ros/jazzy/opt/sdformat_vendor:/opt/ros/jazzy/opt/gz_gui_vendor:/opt/ros/jazzy/opt/gz_transport_vendor:/opt/ros/jazzy/opt/gz_rendering_vendor:/opt/ros/jazzy/opt/gz_plugin_vendor:/opt/ros/jazzy/opt/gz_fuel_tools_vendor:/opt/ros/jazzy/opt/gz_msgs_vendor:/opt/ros/jazzy/opt/gz_common_vendor:/opt/ros/jazzy/opt/gz_math_vendor:/opt/ros/jazzy/opt/gz_utils_vendor:/opt/ros/jazzy/opt/gz_tools_vendor:/opt/ros/jazzy/opt/gz_ogre_next_vendor:/opt/ros/jazzy/opt/gz_dartsim_vendor:/opt/ros/jazzy/opt/gz_cmake_vendor:/home/ngan/Documents/test_github/lesson6_ws/install/stop_sign_control:/home/ngan/Documents/test_github/lesson6_ws/install/opencv_tests:/opt/ros/jazzy DEBUGINFOD_URLS=https://debuginfod.ubuntu.com LD_LIBRARY_PATH=/home/ngan/Documents/test_github/lesson6_ws/install/darknet_ros_msgs/lib:/home/ngan/Documents/test_github/lesson6_ws/install/cv_bridge/lib:/home/ngan/Documents/test_github/lesson6_ws/install/rmitbot_firmware/lib:/home/ngan/Documents/test_github/lesson6_ws/install/image_geometry/lib:/home/ngan/Documents/test_github/lesson6_ws/install/darknet_ros/lib:/opt/ros/jazzy/opt/gz_sim_vendor/lib:/opt/ros/jazzy/opt/gz_sensors_vendor/lib:/opt/ros/jazzy/opt/gz_physics_vendor/lib:/opt/ros/jazzy/opt/sdformat_vendor/lib:/opt/ros/jazzy/opt/rviz_ogre_vendor/lib:/opt/ros/jazzy/lib/aarch64-linux-gnu:/opt/ros/jazzy/opt/gz_gui_vendor/lib:/opt/ros/jazzy/opt/gz_transport_vendor/lib:/opt/ros/jazzy/opt/gz_rendering_vendor/lib:/opt/ros/jazzy/opt/gz_plugin_vendor/lib:/opt/ros/jazzy/opt/gz_fuel_tools_vendor/lib:/opt/ros/jazzy/opt/gz_msgs_vendor/lib:/opt/ros/jazzy/opt/gz_common_vendor/lib:/opt/ros/jazzy/opt/gz_math_vendor/lib:/opt/ros/jazzy/opt/gz_utils_vendor/lib:/opt/ros/jazzy/opt/gz_tools_vendor/lib:/opt/ros/jazzy/opt/gz_ogre_next_vendor/lib:/opt/ros/jazzy/opt/gz_dartsim_vendor/lib:/opt/ros/jazzy/opt/gz_cmake_vendor/lib:/opt/ros/jazzy/lib PYTHONPATH=/home/ngan/Documents/test_github/lesson6_ws/install/darknet_ros_msgs/lib/python3.12/site-packages:/home/ngan/Documents/test_github/lesson6_ws/install/cv_bridge/lib/python3.12/site-packages:/home/ngan/Documents/test_github/lesson6_ws/install/stop_sign_control/lib/python3.12/site-packages:/home/ngan/Documents/test_github/lesson6_ws/install/opencv_tests/lib/python3.12/site-packages:/home/ngan/Documents/test_github/lesson6_ws/install/image_geometry/lib/python3.12/site-packages:/opt/ros/jazzy/lib/python3.12/site-packages /usr/bin/cmake --build /home/ngan/Documents/test_github/lesson6_ws/build/darknet_ros -- -j4 -l4
[6.024s] DEBUG:colcon.colcon_core.event_handler.log_command:Invoking command in '/home/ngan/Documents/test_github/lesson6_ws/build/darknet_ros': CMAKE_PREFIX_PATH=/home/ngan/Documents/test_github/lesson6_ws/install/darknet_ros_msgs:/home/ngan/Documents/test_github/lesson6_ws/install/cv_bridge:/home/ngan/Documents/test_github/lesson6_ws/install/vision_opencv:/home/ngan/Documents/test_github/lesson6_ws/install/rmitbot_mapping:/home/ngan/Documents/test_github/lesson6_ws/install/rmitbot_localization:/home/ngan/Documents/test_github/lesson6_ws/install/rmitbot_firmware:/home/ngan/Documents/test_github/lesson6_ws/install/rmitbot_description:/home/ngan/Documents/test_github/lesson6_ws/install/rmitbot_controller:/home/ngan/Documents/test_github/lesson6_ws/install/rmitbot_bringup:/home/ngan/Documents/test_github/lesson6_ws/install/image_geometry:/home/ngan/Documents/test_github/lesson6_ws/install/darknet_ros:/home/ngan/Documents/test_github/lesson6_ws/install/Darknet:/opt/ros/jazzy/opt/gz_sim_vendor:/opt/ros/jazzy/opt/gz_sensors_vendor:/opt/ros/jazzy/opt/gz_physics_vendor:/opt/ros/jazzy/opt/sdformat_vendor:/opt/ros/jazzy/opt/gz_gui_vendor:/opt/ros/jazzy/opt/gz_transport_vendor:/opt/ros/jazzy/opt/gz_rendering_vendor:/opt/ros/jazzy/opt/gz_plugin_vendor:/opt/ros/jazzy/opt/gz_fuel_tools_vendor:/opt/ros/jazzy/opt/gz_msgs_vendor:/opt/ros/jazzy/opt/gz_common_vendor:/opt/ros/jazzy/opt/gz_math_vendor:/opt/ros/jazzy/opt/gz_utils_vendor:/opt/ros/jazzy/opt/gz_tools_vendor:/opt/ros/jazzy/opt/gz_ogre_next_vendor:/opt/ros/jazzy/opt/gz_dartsim_vendor:/opt/ros/jazzy/opt/gz_cmake_vendor:/home/ngan/Documents/test_github/lesson6_ws/install/stop_sign_control:/home/ngan/Documents/test_github/lesson6_ws/install/opencv_tests:/opt/ros/jazzy DEBUGINFOD_URLS=https://debuginfod.ubuntu.com LD_LIBRARY_PATH=/home/ngan/Documents/test_github/lesson6_ws/install/darknet_ros_msgs/lib:/home/ngan/Documents/test_github/lesson6_ws/install/cv_bridge/lib:/home/ngan/Documents/test_github/lesson6_ws/install/rmitbot_firmware/lib:/home/ngan/Documents/test_github/lesson6_ws/install/image_geometry/lib:/home/ngan/Documents/test_github/lesson6_ws/install/darknet_ros/lib:/opt/ros/jazzy/opt/gz_sim_vendor/lib:/opt/ros/jazzy/opt/gz_sensors_vendor/lib:/opt/ros/jazzy/opt/gz_physics_vendor/lib:/opt/ros/jazzy/opt/sdformat_vendor/lib:/opt/ros/jazzy/opt/rviz_ogre_vendor/lib:/opt/ros/jazzy/lib/aarch64-linux-gnu:/opt/ros/jazzy/opt/gz_gui_vendor/lib:/opt/ros/jazzy/opt/gz_transport_vendor/lib:/opt/ros/jazzy/opt/gz_rendering_vendor/lib:/opt/ros/jazzy/opt/gz_plugin_vendor/lib:/opt/ros/jazzy/opt/gz_fuel_tools_vendor/lib:/opt/ros/jazzy/opt/gz_msgs_vendor/lib:/opt/ros/jazzy/opt/gz_common_vendor/lib:/opt/ros/jazzy/opt/gz_math_vendor/lib:/opt/ros/jazzy/opt/gz_utils_vendor/lib:/opt/ros/jazzy/opt/gz_tools_vendor/lib:/opt/ros/jazzy/opt/gz_ogre_next_vendor/lib:/opt/ros/jazzy/opt/gz_dartsim_vendor/lib:/opt/ros/jazzy/opt/gz_cmake_vendor/lib:/opt/ros/jazzy/lib PYTHONPATH=/home/ngan/Documents/test_github/lesson6_ws/install/darknet_ros_msgs/lib/python3.12/site-packages:/home/ngan/Documents/test_github/lesson6_ws/install/cv_bridge/lib/python3.12/site-packages:/home/ngan/Documents/test_github/lesson6_ws/install/stop_sign_control/lib/python3.12/site-packages:/home/ngan/Documents/test_github/lesson6_ws/install/opencv_tests/lib/python3.12/site-packages:/home/ngan/Documents/test_github/lesson6_ws/install/image_geometry/lib/python3.12/site-packages:/opt/ros/jazzy/lib/python3.12/site-packages /usr/bin/cmake --install /home/ngan/Documents/test_github/lesson6_ws/build/darknet_ros
[6.220s] Level 1:colcon.colcon_core.environment:create_environment_scripts_only(darknet_ros)
[6.232s] DEBUG:colcon.colcon_core.event_handler.log_command:Invoked command in '/home/ngan/Documents/test_github/lesson6_ws/build/darknet_ros' returned '0': CMAKE_PREFIX_PATH=/home/ngan/Documents/test_github/lesson6_ws/install/darknet_ros_msgs:/home/ngan/Documents/test_github/lesson6_ws/install/cv_bridge:/home/ngan/Documents/test_github/lesson6_ws/install/vision_opencv:/home/ngan/Documents/test_github/lesson6_ws/install/rmitbot_mapping:/home/ngan/Documents/test_github/lesson6_ws/install/rmitbot_localization:/home/ngan/Documents/test_github/lesson6_ws/install/rmitbot_firmware:/home/ngan/Documents/test_github/lesson6_ws/install/rmitbot_description:/home/ngan/Documents/test_github/lesson6_ws/install/rmitbot_controller:/home/ngan/Documents/test_github/lesson6_ws/install/rmitbot_bringup:/home/ngan/Documents/test_github/lesson6_ws/install/image_geometry:/home/ngan/Documents/test_github/lesson6_ws/install/darknet_ros:/home/ngan/Documents/test_github/lesson6_ws/install/Darknet:/opt/ros/jazzy/opt/gz_sim_vendor:/opt/ros/jazzy/opt/gz_sensors_vendor:/opt/ros/jazzy/opt/gz_physics_vendor:/opt/ros/jazzy/opt/sdformat_vendor:/opt/ros/jazzy/opt/gz_gui_vendor:/opt/ros/jazzy/opt/gz_transport_vendor:/opt/ros/jazzy/opt/gz_rendering_vendor:/opt/ros/jazzy/opt/gz_plugin_vendor:/opt/ros/jazzy/opt/gz_fuel_tools_vendor:/opt/ros/jazzy/opt/gz_msgs_vendor:/opt/ros/jazzy/opt/gz_common_vendor:/opt/ros/jazzy/opt/gz_math_vendor:/opt/ros/jazzy/opt/gz_utils_vendor:/opt/ros/jazzy/opt/gz_tools_vendor:/opt/ros/jazzy/opt/gz_ogre_next_vendor:/opt/ros/jazzy/opt/gz_dartsim_vendor:/opt/ros/jazzy/opt/gz_cmake_vendor:/home/ngan/Documents/test_github/lesson6_ws/install/stop_sign_control:/home/ngan/Documents/test_github/lesson6_ws/install/opencv_tests:/opt/ros/jazzy DEBUGINFOD_URLS=https://debuginfod.ubuntu.com LD_LIBRARY_PATH=/home/ngan/Documents/test_github/lesson6_ws/install/darknet_ros_msgs/lib:/home/ngan/Documents/test_github/lesson6_ws/install/cv_bridge/lib:/home/ngan/Documents/test_github/lesson6_ws/install/rmitbot_firmware/lib:/home/ngan/Documents/test_github/lesson6_ws/install/image_geometry/lib:/home/ngan/Documents/test_github/lesson6_ws/install/darknet_ros/lib:/opt/ros/jazzy/opt/gz_sim_vendor/lib:/opt/ros/jazzy/opt/gz_sensors_vendor/lib:/opt/ros/jazzy/opt/gz_physics_vendor/lib:/opt/ros/jazzy/opt/sdformat_vendor/lib:/opt/ros/jazzy/opt/rviz_ogre_vendor/lib:/opt/ros/jazzy/lib/aarch64-linux-gnu:/opt/ros/jazzy/opt/gz_gui_vendor/lib:/opt/ros/jazzy/opt/gz_transport_vendor/lib:/opt/ros/jazzy/opt/gz_rendering_vendor/lib:/opt/ros/jazzy/opt/gz_plugin_vendor/lib:/opt/ros/jazzy/opt/gz_fuel_tools_vendor/lib:/opt/ros/jazzy/opt/gz_msgs_vendor/lib:/opt/ros/jazzy/opt/gz_common_vendor/lib:/opt/ros/jazzy/opt/gz_math_vendor/lib:/opt/ros/jazzy/opt/gz_utils_vendor/lib:/opt/ros/jazzy/opt/gz_tools_vendor/lib:/opt/ros/jazzy/opt/gz_ogre_next_vendor/lib:/opt/ros/jazzy/opt/gz_dartsim_vendor/lib:/opt/ros/jazzy/opt/gz_cmake_vendor/lib:/opt/ros/jazzy/lib PYTHONPATH=/home/ngan/Documents/test_github/lesson6_ws/install/darknet_ros_msgs/lib/python3.12/site-packages:/home/ngan/Documents/test_github/lesson6_ws/install/cv_bridge/lib/python3.12/site-packages:/home/ngan/Documents/test_github/lesson6_ws/install/stop_sign_control/lib/python3.12/site-packages:/home/ngan/Documents/test_github/lesson6_ws/install/opencv_tests/lib/python3.12/site-packages:/home/ngan/Documents/test_github/lesson6_ws/install/image_geometry/lib/python3.12/site-packages:/opt/ros/jazzy/lib/python3.12/site-packages /usr/bin/cmake --install /home/ngan/Documents/test_github/lesson6_ws/build/darknet_ros
[6.233s] Level 1:colcon.colcon_core.environment:checking '/home/ngan/Documents/test_github/lesson6_ws/install/darknet_ros' for CMake module files
[6.256s] Level 1:colcon.colcon_core.environment:checking '/home/ngan/Documents/test_github/lesson6_ws/install/darknet_ros' for CMake config files
[6.257s] Level 1:colcon.colcon_core.shell:create_environment_hook('darknet_ros', 'cmake_prefix_path')
[6.258s] INFO:colcon.colcon_core.shell:Creating environment descriptor '/home/ngan/Documents/test_github/lesson6_ws/install/darknet_ros/share/darknet_ros/hook/cmake_prefix_path.dsv'
[6.266s] INFO:colcon.colcon_core.shell:Creating environment hook '/home/ngan/Documents/test_github/lesson6_ws/install/darknet_ros/share/darknet_ros/hook/cmake_prefix_path.sh'
[6.270s] Level 1:colcon.colcon_core.environment:checking '/home/ngan/Documents/test_github/lesson6_ws/install/darknet_ros/lib'
[6.270s] Level 1:colcon.colcon_core.environment:checking '/home/ngan/Documents/test_github/lesson6_ws/install/darknet_ros/bin'
[6.271s] Level 1:colcon.colcon_core.environment:checking '/home/ngan/Documents/test_github/lesson6_ws/install/darknet_ros/lib/pkgconfig/darknet_ros.pc'
[6.271s] Level 1:colcon.colcon_core.environment:checking '/home/ngan/Documents/test_github/lesson6_ws/install/darknet_ros/lib/python3.12/site-packages'
[6.278s] Level 1:colcon.colcon_core.environment:checking '/home/ngan/Documents/test_github/lesson6_ws/install/darknet_ros/bin'
[6.279s] INFO:colcon.colcon_core.shell:Creating package descriptor '/home/ngan/Documents/test_github/lesson6_ws/install/darknet_ros/share/darknet_ros/package.dsv'
[6.280s] INFO:colcon.colcon_core.shell:Creating package script '/home/ngan/Documents/test_github/lesson6_ws/install/darknet_ros/share/darknet_ros/package.sh'
[6.289s] INFO:colcon.colcon_core.shell:Creating package script '/home/ngan/Documents/test_github/lesson6_ws/install/darknet_ros/share/darknet_ros/package.bash'
[6.291s] INFO:colcon.colcon_core.shell:Creating package script '/home/ngan/Documents/test_github/lesson6_ws/install/darknet_ros/share/darknet_ros/package.zsh'
[6.306s] Level 1:colcon.colcon_core.environment:create_file_with_runtime_dependencies(/home/ngan/Documents/test_github/lesson6_ws/install/darknet_ros/share/colcon-core/packages/darknet_ros)
[6.328s] Level 1:colcon.colcon_core.environment:create_environment_scripts_only(darknet_ros)
[6.329s] Level 1:colcon.colcon_core.environment:checking '/home/ngan/Documents/test_github/lesson6_ws/install/darknet_ros' for CMake module files
[6.329s] Level 1:colcon.colcon_core.environment:checking '/home/ngan/Documents/test_github/lesson6_ws/install/darknet_ros' for CMake config files
[6.331s] Level 1:colcon.colcon_core.shell:create_environment_hook('darknet_ros', 'cmake_prefix_path')
[6.331s] INFO:colcon.colcon_core.shell:Creating environment descriptor '/home/ngan/Documents/test_github/lesson6_ws/install/darknet_ros/share/darknet_ros/hook/cmake_prefix_path.dsv'
[6.332s] INFO:colcon.colcon_core.shell:Creating environment hook '/home/ngan/Documents/test_github/lesson6_ws/install/darknet_ros/share/darknet_ros/hook/cmake_prefix_path.sh'
[6.334s] Level 1:colcon.colcon_core.environment:checking '/home/ngan/Documents/test_github/lesson6_ws/install/darknet_ros/lib'
[6.334s] Level 1:colcon.colcon_core.environment:checking '/home/ngan/Documents/test_github/lesson6_ws/install/darknet_ros/bin'
[6.334s] Level 1:colcon.colcon_core.environment:checking '/home/ngan/Documents/test_github/lesson6_ws/install/darknet_ros/lib/pkgconfig/darknet_ros.pc'
[6.338s] Level 1:colcon.colcon_core.environment:checking '/home/ngan/Documents/test_github/lesson6_ws/install/darknet_ros/lib/python3.12/site-packages'
[6.339s] Level 1:colcon.colcon_core.environment:checking '/home/ngan/Documents/test_github/lesson6_ws/install/darknet_ros/bin'
[6.339s] INFO:colcon.colcon_core.shell:Creating package descriptor '/home/ngan/Documents/test_github/lesson6_ws/install/darknet_ros/share/darknet_ros/package.dsv'
[6.340s] INFO:colcon.colcon_core.shell:Creating package script '/home/ngan/Documents/test_github/lesson6_ws/install/darknet_ros/share/darknet_ros/package.sh'
[6.344s] INFO:colcon.colcon_core.shell:Creating package script '/home/ngan/Documents/test_github/lesson6_ws/install/darknet_ros/share/darknet_ros/package.bash'
[6.347s] INFO:colcon.colcon_core.shell:Creating package script '/home/ngan/Documents/test_github/lesson6_ws/install/darknet_ros/share/darknet_ros/package.zsh'
[6.351s] Level 1:colcon.colcon_core.environment:create_file_with_runtime_dependencies(/home/ngan/Documents/test_github/lesson6_ws/install/darknet_ros/share/colcon-core/packages/darknet_ros)
[7.788s] DEBUG:colcon.colcon_core.event_handler.log_command:Invoking command in '/home/ngan/Documents/test_github/lesson6_ws/src/rmitbot_vision/stop_sign_control': CMAKE_PREFIX_PATH=/home/ngan/Documents/test_github/lesson6_ws/install/darknet_ros_msgs:/home/ngan/Documents/test_github/lesson6_ws/install/vision_opencv:/home/ngan/Documents/test_github/lesson6_ws/install/rmitbot_mapping:/home/ngan/Documents/test_github/lesson6_ws/install/rmitbot_localization:/home/ngan/Documents/test_github/lesson6_ws/install/rmitbot_firmware:/home/ngan/Documents/test_github/lesson6_ws/install/rmitbot_description:/home/ngan/Documents/test_github/lesson6_ws/install/rmitbot_controller:/home/ngan/Documents/test_github/lesson6_ws/install/rmitbot_bringup:/home/ngan/Documents/test_github/lesson6_ws/install/image_geometry:/home/ngan/Documents/test_github/lesson6_ws/install/darknet_ros:/home/ngan/Documents/test_github/lesson6_ws/install/cv_bridge:/home/ngan/Documents/test_github/lesson6_ws/install/Darknet:/opt/ros/jazzy/opt/gz_sim_vendor:/opt/ros/jazzy/opt/gz_sensors_vendor:/opt/ros/jazzy/opt/gz_physics_vendor:/opt/ros/jazzy/opt/sdformat_vendor:/opt/ros/jazzy/opt/gz_gui_vendor:/opt/ros/jazzy/opt/gz_transport_vendor:/opt/ros/jazzy/opt/gz_rendering_vendor:/opt/ros/jazzy/opt/gz_plugin_vendor:/opt/ros/jazzy/opt/gz_fuel_tools_vendor:/opt/ros/jazzy/opt/gz_msgs_vendor:/opt/ros/jazzy/opt/gz_common_vendor:/opt/ros/jazzy/opt/gz_math_vendor:/opt/ros/jazzy/opt/gz_utils_vendor:/opt/ros/jazzy/opt/gz_tools_vendor:/opt/ros/jazzy/opt/gz_ogre_next_vendor:/opt/ros/jazzy/opt/gz_dartsim_vendor:/opt/ros/jazzy/opt/gz_cmake_vendor DEBUGINFOD_URLS=https://debuginfod.ubuntu.com LD_LIBRARY_PATH=/home/ngan/Documents/test_github/lesson6_ws/install/darknet_ros_msgs/lib:/home/ngan/Documents/test_github/lesson6_ws/install/rmitbot_firmware/lib:/home/ngan/Documents/test_github/lesson6_ws/install/image_geometry/lib:/home/ngan/Documents/test_github/lesson6_ws/install/darknet_ros/lib:/home/ngan/Documents/test_github/lesson6_ws/install/cv_bridge/lib:/opt/ros/jazzy/opt/gz_sim_vendor/lib:/opt/ros/jazzy/opt/gz_sensors_vendor/lib:/opt/ros/jazzy/opt/gz_physics_vendor/lib:/opt/ros/jazzy/opt/sdformat_vendor/lib:/opt/ros/jazzy/opt/rviz_ogre_vendor/lib:/opt/ros/jazzy/lib/aarch64-linux-gnu:/opt/ros/jazzy/opt/gz_gui_vendor/lib:/opt/ros/jazzy/opt/gz_transport_vendor/lib:/opt/ros/jazzy/opt/gz_rendering_vendor/lib:/opt/ros/jazzy/opt/gz_plugin_vendor/lib:/opt/ros/jazzy/opt/gz_fuel_tools_vendor/lib:/opt/ros/jazzy/opt/gz_msgs_vendor/lib:/opt/ros/jazzy/opt/gz_common_vendor/lib:/opt/ros/jazzy/opt/gz_math_vendor/lib:/opt/ros/jazzy/opt/gz_utils_vendor/lib:/opt/ros/jazzy/opt/gz_tools_vendor/lib:/opt/ros/jazzy/opt/gz_ogre_next_vendor/lib:/opt/ros/jazzy/opt/gz_dartsim_vendor/lib:/opt/ros/jazzy/opt/gz_cmake_vendor/lib:/opt/ros/jazzy/lib PYTHONPATH=/home/ngan/Documents/test_github/lesson6_ws/build/stop_sign_control/prefix_override:/usr/lib/python3/dist-packages/colcon_core/task/python/colcon_distutils_commands:/home/ngan/Documents/test_github/lesson6_ws/install/stop_sign_control/lib/python3.12/site-packages:/home/ngan/Documents/test_github/lesson6_ws/install/darknet_ros_msgs/lib/python3.12/site-packages:/home/ngan/Documents/test_github/lesson6_ws/install/stop_sign_control/lib/python3.12/site-packages:/home/ngan/Documents/test_github/lesson6_ws/install/opencv_tests/lib/python3.12/site-packages:/home/ngan/Documents/test_github/lesson6_ws/install/image_geometry/lib/python3.12/site-packages:/home/ngan/Documents/test_github/lesson6_ws/install/cv_bridge/lib/python3.12/site-packages:/opt/ros/jazzy/lib/python3.12/site-packages /usr/bin/python3 -W ignore:setup.py install is deprecated -W ignore:easy_install command is deprecated setup.py egg_info --egg-base ../../../build/stop_sign_control build --build-base /home/ngan/Documents/test_github/lesson6_ws/build/stop_sign_control/build install --record /home/ngan/Documents/test_github/lesson6_ws/build/stop_sign_control/install.log --single-version-externally-managed install_data
[9.347s] Level 1:colcon.colcon_core.environment:checking '/home/ngan/Documents/test_github/lesson6_ws/install/stop_sign_control' for CMake module files
[9.348s] DEBUG:colcon.colcon_core.event_handler.log_command:Invoked command in '/home/ngan/Documents/test_github/lesson6_ws/src/rmitbot_vision/stop_sign_control' returned '0': CMAKE_PREFIX_PATH=/home/ngan/Documents/test_github/lesson6_ws/install/darknet_ros_msgs:/home/ngan/Documents/test_github/lesson6_ws/install/vision_opencv:/home/ngan/Documents/test_github/lesson6_ws/install/rmitbot_mapping:/home/ngan/Documents/test_github/lesson6_ws/install/rmitbot_localization:/home/ngan/Documents/test_github/lesson6_ws/install/rmitbot_firmware:/home/ngan/Documents/test_github/lesson6_ws/install/rmitbot_description:/home/ngan/Documents/test_github/lesson6_ws/install/rmitbot_controller:/home/ngan/Documents/test_github/lesson6_ws/install/rmitbot_bringup:/home/ngan/Documents/test_github/lesson6_ws/install/image_geometry:/home/ngan/Documents/test_github/lesson6_ws/install/darknet_ros:/home/ngan/Documents/test_github/lesson6_ws/install/cv_bridge:/home/ngan/Documents/test_github/lesson6_ws/install/Darknet:/opt/ros/jazzy/opt/gz_sim_vendor:/opt/ros/jazzy/opt/gz_sensors_vendor:/opt/ros/jazzy/opt/gz_physics_vendor:/opt/ros/jazzy/opt/sdformat_vendor:/opt/ros/jazzy/opt/gz_gui_vendor:/opt/ros/jazzy/opt/gz_transport_vendor:/opt/ros/jazzy/opt/gz_rendering_vendor:/opt/ros/jazzy/opt/gz_plugin_vendor:/opt/ros/jazzy/opt/gz_fuel_tools_vendor:/opt/ros/jazzy/opt/gz_msgs_vendor:/opt/ros/jazzy/opt/gz_common_vendor:/opt/ros/jazzy/opt/gz_math_vendor:/opt/ros/jazzy/opt/gz_utils_vendor:/opt/ros/jazzy/opt/gz_tools_vendor:/opt/ros/jazzy/opt/gz_ogre_next_vendor:/opt/ros/jazzy/opt/gz_dartsim_vendor:/opt/ros/jazzy/opt/gz_cmake_vendor DEBUGINFOD_URLS=https://debuginfod.ubuntu.com LD_LIBRARY_PATH=/home/ngan/Documents/test_github/lesson6_ws/install/darknet_ros_msgs/lib:/home/ngan/Documents/test_github/lesson6_ws/install/rmitbot_firmware/lib:/home/ngan/Documents/test_github/lesson6_ws/install/image_geometry/lib:/home/ngan/Documents/test_github/lesson6_ws/install/darknet_ros/lib:/home/ngan/Documents/test_github/lesson6_ws/install/cv_bridge/lib:/opt/ros/jazzy/opt/gz_sim_vendor/lib:/opt/ros/jazzy/opt/gz_sensors_vendor/lib:/opt/ros/jazzy/opt/gz_physics_vendor/lib:/opt/ros/jazzy/opt/sdformat_vendor/lib:/opt/ros/jazzy/opt/rviz_ogre_vendor/lib:/opt/ros/jazzy/lib/aarch64-linux-gnu:/opt/ros/jazzy/opt/gz_gui_vendor/lib:/opt/ros/jazzy/opt/gz_transport_vendor/lib:/opt/ros/jazzy/opt/gz_rendering_vendor/lib:/opt/ros/jazzy/opt/gz_plugin_vendor/lib:/opt/ros/jazzy/opt/gz_fuel_tools_vendor/lib:/opt/ros/jazzy/opt/gz_msgs_vendor/lib:/opt/ros/jazzy/opt/gz_common_vendor/lib:/opt/ros/jazzy/opt/gz_math_vendor/lib:/opt/ros/jazzy/opt/gz_utils_vendor/lib:/opt/ros/jazzy/opt/gz_tools_vendor/lib:/opt/ros/jazzy/opt/gz_ogre_next_vendor/lib:/opt/ros/jazzy/opt/gz_dartsim_vendor/lib:/opt/ros/jazzy/opt/gz_cmake_vendor/lib:/opt/ros/jazzy/lib PYTHONPATH=/home/ngan/Documents/test_github/lesson6_ws/build/stop_sign_control/prefix_override:/usr/lib/python3/dist-packages/colcon_core/task/python/colcon_distutils_commands:/home/ngan/Documents/test_github/lesson6_ws/install/stop_sign_control/lib/python3.12/site-packages:/home/ngan/Documents/test_github/lesson6_ws/install/darknet_ros_msgs/lib/python3.12/site-packages:/home/ngan/Documents/test_github/lesson6_ws/install/stop_sign_control/lib/python3.12/site-packages:/home/ngan/Documents/test_github/lesson6_ws/install/opencv_tests/lib/python3.12/site-packages:/home/ngan/Documents/test_github/lesson6_ws/install/image_geometry/lib/python3.12/site-packages:/home/ngan/Documents/test_github/lesson6_ws/install/cv_bridge/lib/python3.12/site-packages:/opt/ros/jazzy/lib/python3.12/site-packages /usr/bin/python3 -W ignore:setup.py install is deprecated -W ignore:easy_install command is deprecated setup.py egg_info --egg-base ../../../build/stop_sign_control build --build-base /home/ngan/Documents/test_github/lesson6_ws/build/stop_sign_control/build install --record /home/ngan/Documents/test_github/lesson6_ws/build/stop_sign_control/install.log --single-version-externally-managed install_data
[9.351s] Level 1:colcon.colcon_core.environment:checking '/home/ngan/Documents/test_github/lesson6_ws/install/stop_sign_control' for CMake config files
[9.353s] Level 1:colcon.colcon_core.environment:checking '/home/ngan/Documents/test_github/lesson6_ws/install/stop_sign_control/lib'
[9.353s] Level 1:colcon.colcon_core.environment:checking '/home/ngan/Documents/test_github/lesson6_ws/install/stop_sign_control/bin'
[9.353s] Level 1:colcon.colcon_core.environment:checking '/home/ngan/Documents/test_github/lesson6_ws/install/stop_sign_control/lib/pkgconfig/stop_sign_control.pc'
[9.355s] Level 1:colcon.colcon_core.environment:checking '/home/ngan/Documents/test_github/lesson6_ws/install/stop_sign_control/lib/python3.12/site-packages'
[9.356s] Level 1:colcon.colcon_core.shell:create_environment_hook('stop_sign_control', 'pythonpath')
[9.357s] INFO:colcon.colcon_core.shell:Creating environment descriptor '/home/ngan/Documents/test_github/lesson6_ws/install/stop_sign_control/share/stop_sign_control/hook/pythonpath.dsv'
[9.359s] INFO:colcon.colcon_core.shell:Creating environment hook '/home/ngan/Documents/test_github/lesson6_ws/install/stop_sign_control/share/stop_sign_control/hook/pythonpath.sh'
[9.361s] Level 1:colcon.colcon_core.environment:checking '/home/ngan/Documents/test_github/lesson6_ws/install/stop_sign_control/bin'
[9.361s] Level 1:colcon.colcon_core.environment:create_environment_scripts_only(stop_sign_control)
[9.362s] INFO:colcon.colcon_core.shell:Creating package descriptor '/home/ngan/Documents/test_github/lesson6_ws/install/stop_sign_control/share/stop_sign_control/package.dsv'
[9.363s] INFO:colcon.colcon_core.shell:Creating package script '/home/ngan/Documents/test_github/lesson6_ws/install/stop_sign_control/share/stop_sign_control/package.sh'
[9.365s] INFO:colcon.colcon_core.shell:Creating package script '/home/ngan/Documents/test_github/lesson6_ws/install/stop_sign_control/share/stop_sign_control/package.bash'
[9.367s] INFO:colcon.colcon_core.shell:Creating package script '/home/ngan/Documents/test_github/lesson6_ws/install/stop_sign_control/share/stop_sign_control/package.zsh'
[9.368s] Level 1:colcon.colcon_core.environment:create_file_with_runtime_dependencies(/home/ngan/Documents/test_github/lesson6_ws/install/stop_sign_control/share/colcon-core/packages/stop_sign_control)
[9.371s] DEBUG:colcon.colcon_parallel_executor.executor.parallel:closing loop
[9.372s] DEBUG:colcon.colcon_parallel_executor.executor.parallel:loop closed
[9.375s] DEBUG:colcon.colcon_parallel_executor.executor.parallel:run_until_complete finished with '0'
[9.375s] DEBUG:colcon.colcon_core.event_reactor:joining thread
[9.428s] INFO:colcon.colcon_core.plugin_system:Skipping extension 'colcon_notification.desktop_notification.terminal_notifier': Not used on non-Darwin systems
[9.431s] INFO:colcon.colcon_core.plugin_system:Skipping extension 'colcon_notification.desktop_notification.win32': Not used on non-Windows systems
[9.431s] INFO:colcon.colcon_notification.desktop_notification:Sending desktop notification using 'notify2'
[9.553s] DEBUG:colcon.colcon_core.event_reactor:joined thread
[9.556s] INFO:colcon.colcon_core.shell:Creating prefix script '/home/ngan/Documents/test_github/lesson6_ws/install/local_setup.sh'
[9.560s] INFO:colcon.colcon_core.shell:Creating prefix util module '/home/ngan/Documents/test_github/lesson6_ws/install/_local_setup_util_sh.py'
[9.566s] INFO:colcon.colcon_core.shell:Creating prefix chain script '/home/ngan/Documents/test_github/lesson6_ws/install/setup.sh'
[9.569s] INFO:colcon.colcon_core.shell:Creating prefix script '/home/ngan/Documents/test_github/lesson6_ws/install/local_setup.bash'
[9.577s] INFO:colcon.colcon_core.shell:Creating prefix chain script '/home/ngan/Documents/test_github/lesson6_ws/install/setup.bash'
[9.603s] INFO:colcon.colcon_core.shell:Creating prefix script '/home/ngan/Documents/test_github/lesson6_ws/install/local_setup.zsh'
[9.604s] INFO:colcon.colcon_core.shell:Creating prefix chain script '/home/ngan/Documents/test_github/lesson6_ws/install/setup.zsh'
